employee_id,vp_org_code,vp_leader_name,vp_org_name,manager_id,is_people_manager,job_family,job_level,region,tenure_years,promoted_last_6m,rating_2025,critical_ai_talent_tier,base_salary_usd,market_reference_usd,compa_ratio,bonus_target_pct,equity_refresh_guideline_usd,intended_cashflow_2026_usd,intended_cashflow_2027_usd,intended_cashflow_2028_usd,yoy_cashflow_change_26_to_27_pct,peer_percentile_2026,peer_percentile_2027,prior_proactive_grant_24m,governance_flag
EMP10001,VP_CLOUD_AI,Elena Rostova,Cloud AI & Machine Learning,VP_CLOUD_AI,1,AI_ML_ENG,IC4,APAC_SINGAPORE_TOKYO,6.1,0,rating_3,None,212700.0,228000.0,0.933,0.25,200000.0,575500.0,597400.0,571700.0,3.8,73,78,0,Clean
EMP10002,VP_CLOUD_AI,Elena Rostova,Cloud AI & Machine Learning,VP_CLOUD_AI,1,RESEARCH_SCI,IC3,US_SEATTLE_NYC,7.5,0,rating_2,None,234300.0,253000.0,0.926,0.2,154000.0,452700.0,452700.0,438000.0,0.0,58,58,0,Clean
EMP10003,VP_CLOUD_AI,Elena Rostova,Cloud AI & Machine Learning,VP_CLOUD_AI,1,AI_ML_ENG,IC4,US_SEATTLE_NYC,3.3,0,rating_2,None,289000.0,313500.0,0.922,0.25,275000.0,705900.0,689700.0,660300.0,-2.3,39,36,0,Clean
EMP10004,VP_CLOUD_AI,Elena Rostova,Cloud AI & Machine Learning,VP_CLOUD_AI,1,SW_ENG,IC4,US_BAY_AREA,7.8,0,rating_5,None,305200.0,327800.0,0.931,0.25,287500.0,653800.0,654300.0,665000.0,0.1,31,31,0,Clean
EMP10005,VP_CLOUD_AI,Elena Rostova,Cloud AI & Machine Learning,VP_CLOUD_AI,1,RESEARCH_SCI,IC4,APAC_SINGAPORE_TOKYO,5.7,0,rating_4,Tier_1,232600.0,228000.0,1.02,0.25,200000.0,639000.0,660800.0,673600.0,3.4,72,76,0,Clean
EMP10006,VP_CLOUD_AI,Elena Rostova,Cloud AI & Machine Learning,VP_CLOUD_AI,1,SW_ENG,IC3,US_SEATTLE_NYC,4.0,0,rating_3,None,230700.0,253000.0,0.912,0.2,154000.0,468400.0,473700.0,473100.0,1.1,69,70,0,Clean
EMP10007,VP_CLOUD_AI,Elena Rostova,Cloud AI & Machine Learning,VP_CLOUD_AI,1,RESEARCH_SCI,IC4,UK_LONDON,9.1,0,rating_3,None,195700.0,242200.0,0.808,0.25,212500.0,539200.0,547500.0,557000.0,1.5,99,99,0,Clean
EMP10008,VP_CLOUD_AI,Elena Rostova,Cloud AI & Machine Learning,VP_CLOUD_AI,1,AI_ML_ENG,IC3,US_AUSTIN_DENVER,6.7,0,rating_4,Tier_1,201500.0,218500.0,0.922,0.2,133000.0,407500.0,415200.0,401500.0,1.9,63,65,0,Clean
EMP10009,VP_CLOUD_AI,Elena Rostova,Cloud AI & Machine Learning,VP_CLOUD_AI,1,PROD_MGMT,IC4,US_SEATTLE_NYC,5.9,0,rating_3,None,293400.0,313500.0,0.936,0.25,275000.0,624600.0,627300.0,641000.0,0.4,74,74,0,Clean
EMP10010,VP_CLOUD_AI,Elena Rostova,Cloud AI & Machine Learning,VP_CLOUD_AI,1,RESEARCH_SCI,IC3,EU_ZURICH_MUNICH,7.6,0,rating_4,Tier_1,177500.0,211600.0,0.839,0.2,128800.0,349700.0,334900.0,336400.0,-4.2,60,55,0,Clean
EMP10011,VP_CLOUD_AI,Elena Rostova,Cloud AI & Machine Learning,VP_CLOUD_AI,1,PROD_MGMT,IC3,EU_ZURICH_MUNICH,8.9,0,rating_4,None,198700.0,211600.0,0.939,0.2,128800.0,412000.0,392500.0,400700.0,-4.7,86,80,0,Clean
EMP10012,VP_CLOUD_AI,Elena Rostova,Cloud AI & Machine Learning,VP_CLOUD_AI,1,SW_ENG,IC4,US_BAY_AREA,9.0,0,rating_1,None,304900.0,327800.0,0.93,0.25,287500.0,696400.0,709700.0,729400.0,1.9,70,72,0,Clean
EMP10013,VP_CLOUD_AI,Elena Rostova,Cloud AI & Machine Learning,VP_CLOUD_AI,1,AI_ML_ENG,IC3,APAC_SINGAPORE_TOKYO,9.1,0,rating_3,None,168200.0,184000.0,0.914,0.2,112000.0,338500.0,346600.0,344200.0,2.4,88,91,0,Clean
EMP10014,VP_CLOUD_AI,Elena Rostova,Cloud AI & Machine Learning,VP_CLOUD_AI,1,AI_ML_ENG,IC3,EU_ZURICH_MUNICH,3.0,0,rating_4,Tier_1,197800.0,211600.0,0.935,0.2,128800.0,424900.0,438300.0,427200.0,3.2,62,66,0,Clean
EMP10015,VP_CLOUD_AI,Elena Rostova,Cloud AI & Machine Learning,VP_CLOUD_AI,1,AI_ML_ENG,IC4,US_BAY_AREA,10.5,0,rating_5,Tier_1,303900.0,327800.0,0.927,0.25,287500.0,671500.0,640500.0,642300.0,-4.6,18,12,0,Clean
EMP10016,VP_CLOUD_AI,Elena Rostova,Cloud AI & Machine Learning,VP_CLOUD_AI,1,PROD_MGMT,IC3,US_SEATTLE_NYC,5.7,0,rating_3,None,260800.0,253000.0,1.031,0.2,154000.0,488900.0,481000.0,482800.0,-1.6,42,40,0,Clean
EMP10017,VP_CLOUD_AI,Elena Rostova,Cloud AI & Machine Learning,VP_CLOUD_AI,1,PROD_MGMT,IC4,US_BAY_AREA,8.5,0,rating_1,None,308100.0,327800.0,0.94,0.25,287500.0,679300.0,682500.0,648800.0,0.5,66,67,0,Clean
EMP10018,VP_CLOUD_AI,Elena Rostova,Cloud AI & Machine Learning,VP_CLOUD_AI,1,AI_ML_ENG,IC3,US_BAY_AREA,10.5,0,rating_3,None,252600.0,264500.0,0.955,0.2,161000.0,475900.0,458600.0,440500.0,-3.6,51,47,0,Clean
EMP10019,VP_CLOUD_AI,Elena Rostova,Cloud AI & Machine Learning,VP_CLOUD_AI,1,PROD_MGMT,IC3,US_SEATTLE_NYC,6.5,0,rating_2,None,243900.0,253000.0,0.964,0.2,154000.0,425500.0,420100.0,413300.0,-1.3,19,17,0,Clean
EMP10020,VP_CLOUD_AI,Elena Rostova,Cloud AI & Machine Learning,VP_CLOUD_AI,1,AI_ML_ENG,IC4,US_BAY_AREA,6.1,0,rating_4,Tier_1,293400.0,327800.0,0.895,0.25,287500.0,622900.0,598600.0,590200.0,-3.9,70,65,0,Clean
EMP10021,VP_CLOUD_AI,Elena Rostova,Cloud AI & Machine Learning,VP_CLOUD_AI,1,RESEARCH_SCI,IC3,US_BAY_AREA,10.7,0,rating_3,None,219000.0,264500.0,0.828,0.2,161000.0,392300.0,411900.0,418900.0,5.0,73,79,0,Clean
EMP10022,VP_CLOUD_AI,Elena Rostova,Cloud AI & Machine Learning,VP_CLOUD_AI,1,RESEARCH_SCI,IC5,US_SEATTLE_NYC,5.8,0,rating_4,Tier_1,340000.0,385000.0,0.883,0.3,495000.0,1050000.0,1006000.0,955900.0,-4.2,72,67,0,Clean
EMP10023,VP_CLOUD_AI,Elena Rostova,Cloud AI & Machine Learning,VP_CLOUD_AI,1,PROD_MGMT,IC5,US_AUSTIN_DENVER,5.0,0,rating_5,None,268300.0,332500.0,0.807,0.3,427500.0,878800.0,895500.0,861800.0,1.9,84,86,0,Clean
EMP10024,VP_CLOUD_AI,Elena Rostova,Cloud AI & Machine Learning,VP_CLOUD_AI,1,AI_ML_ENG,IC5,APAC_SINGAPORE_TOKYO,6.8,0,rating_3,None,261200.0,280000.0,0.933,0.3,360000.0,951500.0,950000.0,906800.0,-0.2,65,65,0,Clean
EMP10025,VP_CLOUD_AI,Elena Rostova,Cloud AI & Machine Learning,VP_CLOUD_AI,1,AI_ML_ENG,IC4,EU_ZURICH_MUNICH,2.8,0,rating_3,None,275000.0,262200.0,1.049,0.25,230000.0,686500.0,688300.0,685800.0,0.3,76,76,0,Clean
EMP10026,VP_CLOUD_AI,Elena Rostova,Cloud AI & Machine Learning,VP_CLOUD_AI,1,SW_ENG,IC3,US_AUSTIN_DENVER,5.2,0,rating_3,None,211300.0,218500.0,0.967,0.2,133000.0,407300.0,413000.0,402300.0,1.4,91,93,0,Clean
EMP10027,VP_CLOUD_AI,Elena Rostova,Cloud AI & Machine Learning,VP_CLOUD_AI,1,AI_ML_ENG,IC4,US_BAY_AREA,10.4,0,rating_5,Tier_1,262200.0,327800.0,0.8,0.25,287500.0,562000.0,541500.0,525900.0,-3.6,79,75,0,Clean
EMP10028,VP_CLOUD_AI,Elena Rostova,Cloud AI & Machine Learning,VP_CLOUD_AI,1,RESEARCH_SCI,IC4,US_AUSTIN_DENVER,7.0,0,rating_3,None,250800.0,270800.0,0.926,0.25,237500.0,576300.0,604100.0,612900.0,4.8,81,87,0,Clean
EMP10029,VP_CLOUD_AI,Elena Rostova,Cloud AI & Machine Learning,VP_CLOUD_AI,1,SW_ENG,IC4,APAC_SINGAPORE_TOKYO,4.9,0,rating_3,None,236700.0,228000.0,1.038,0.25,200000.0,632100.0,645800.0,621500.0,2.2,85,88,0,Clean
EMP10030,VP_CLOUD_AI,Elena Rostova,Cloud AI & Machine Learning,VP_CLOUD_AI,1,SW_ENG,IC3,US_SEATTLE_NYC,7.9,0,rating_3,None,226400.0,253000.0,0.895,0.2,154000.0,415300.0,431900.0,412100.0,4.0,18,23,0,Clean
EMP10031,VP_CLOUD_AI,Elena Rostova,Cloud AI & Machine Learning,VP_CLOUD_AI,1,AI_ML_ENG,IC4,US_BAY_AREA,7.3,0,rating_5,Tier_1,302900.0,327800.0,0.924,0.25,287500.0,623800.0,616700.0,620700.0,-1.1,68,67,0,Clean
EMP10032,VP_CLOUD_AI,Elena Rostova,Cloud AI & Machine Learning,VP_CLOUD_AI,1,RESEARCH_SCI,IC3,EU_ZURICH_MUNICH,10.4,0,rating_3,None,210800.0,211600.0,0.996,0.2,128800.0,409100.0,386400.0,378400.0,-5.5,63,56,0,Clean
EMP10033,VP_CLOUD_AI,Elena Rostova,Cloud AI & Machine Learning,VP_CLOUD_AI,1,AI_ML_ENG,IC5,US_AUSTIN_DENVER,7.8,0,rating_2,None,316200.0,332500.0,0.951,0.3,427500.0,991600.0,1028500.0,1010500.0,3.7,74,78,0,Clean
EMP10034,VP_CLOUD_AI,Elena Rostova,Cloud AI & Machine Learning,VP_CLOUD_AI,1,RESEARCH_SCI,IC3,US_SEATTLE_NYC,10.4,0,rating_4,Tier_1,265100.0,253000.0,1.048,0.2,154000.0,445800.0,455200.0,444500.0,2.1,52,55,0,Clean
EMP10035,VP_CLOUD_AI,Elena Rostova,Cloud AI & Machine Learning,VP_CLOUD_AI,1,RESEARCH_SCI,IC4,US_AUSTIN_DENVER,10.3,0,rating_3,None,268100.0,270800.0,0.99,0.25,237500.0,564900.0,560300.0,541200.0,-0.8,87,86,0,Clean
EMP10036,VP_CLOUD_AI,Elena Rostova,Cloud AI & Machine Learning,VP_CLOUD_AI,1,RESEARCH_SCI,IC3,US_SEATTLE_NYC,8.0,0,rating_3,None,247700.0,253000.0,0.979,0.2,154000.0,483700.0,506100.0,492100.0,4.6,60,66,0,Clean
EMP10037,VP_CLOUD_AI,Elena Rostova,Cloud AI & Machine Learning,VP_CLOUD_AI,1,SW_ENG,IC3,US_BAY_AREA,6.2,0,rating_2,None,280100.0,264500.0,1.059,0.2,161000.0,529500.0,513200.0,492000.0,-3.1,97,93,0,Clean
EMP10038,VP_CLOUD_AI,Elena Rostova,Cloud AI & Machine Learning,VP_CLOUD_AI,1,SW_ENG,IC4,UK_LONDON,2.5,0,rating_3,None,214100.0,242200.0,0.884,0.25,212500.0,564700.0,546600.0,550300.0,-3.2,42,38,0,Clean
EMP10039,VP_CLOUD_AI,Elena Rostova,Cloud AI & Machine Learning,VP_CLOUD_AI,1,RESEARCH_SCI,IC5,US_AUSTIN_DENVER,10.2,0,rating_4,Tier_1,268300.0,332500.0,0.807,0.3,427500.0,894000.0,905600.0,869300.0,1.3,80,82,0,Clean
EMP10040,VP_CLOUD_AI,Elena Rostova,Cloud AI & Machine Learning,VP_CLOUD_AI,1,PROD_MGMT,IC3,US_AUSTIN_DENVER,10.2,0,rating_2,None,196400.0,218500.0,0.899,0.2,133000.0,391100.0,408100.0,409800.0,4.3,69,74,0,Clean
EMP10041,VP_CLOUD_AI,Elena Rostova,Cloud AI & Machine Learning,EMP10040,0,PROD_MGMT,IC2,EU_ZURICH_MUNICH,6.2,0,rating_3,None,160000.0,170200.0,0.94,0.15,73600.0,276300.0,263000.0,256500.0,-4.8,34,28,0,Clean
EMP10042,VP_CLOUD_AI,Elena Rostova,Cloud AI & Machine Learning,EMP10011,0,SW_ENG,IC2,EU_ZURICH_MUNICH,1.8,0,rating_2,None,146400.0,170200.0,0.86,0.15,73600.0,245800.0,233600.0,234700.0,-5.0,23,16,1,Clean
EMP10043,VP_CLOUD_AI,Elena Rostova,Cloud AI & Machine Learning,EMP10031,0,AI_ML_ENG,IC2,UK_LONDON,6.9,0,rating_2,Tier_2,129700.0,157200.0,0.825,0.15,68000.0,237000.0,187700.0,176500.0,-20.8,69,42,0,Clean
EMP10044,VP_CLOUD_AI,Elena Rostova,Cloud AI & Machine Learning,EMP10007,0,RESEARCH_SCI,IC3,US_SEATTLE_NYC,5.0,0,rating_3,Tier_2,239300.0,253000.0,0.946,0.2,154000.0,470400.0,345600.0,337700.0,-26.5,17,1,0,Clean
EMP10045,VP_CLOUD_AI,Elena Rostova,Cloud AI & Machine Learning,EMP10021,0,PROD_MGMT,IC4,EU_ZURICH_MUNICH,4.3,0,rating_3,None,254100.0,262200.0,0.969,0.25,230000.0,585800.0,545200.0,550100.0,-6.9,6,1,0,Clean
EMP10046,VP_CLOUD_AI,Elena Rostova,Cloud AI & Machine Learning,EMP10018,0,PROD_MGMT,IC3,APAC_SINGAPORE_TOKYO,1.8,0,rating_3,None,168400.0,184000.0,0.915,0.2,112000.0,344600.0,353600.0,334700.0,2.6,78,81,0,Clean
EMP10047,VP_CLOUD_AI,Elena Rostova,Cloud AI & Machine Learning,EMP10010,0,AI_ML_ENG,IC2,UK_LONDON,7.8,0,rating_3,Tier_2,131600.0,157200.0,0.837,0.15,68000.0,236100.0,232800.0,231800.0,-1.4,68,66,0,Clean
EMP10048,VP_CLOUD_AI,Elena Rostova,Cloud AI & Machine Learning,EMP10025,0,SW_ENG,IC2,US_AUSTIN_DENVER,2.4,0,rating_5,None,160500.0,175800.0,0.913,0.15,76000.0,282500.0,277100.0,273800.0,-1.9,5,3,0,Clean
EMP10049,VP_CLOUD_AI,Elena Rostova,Cloud AI & Machine Learning,EMP10028,0,PROD_MGMT,IC2,US_AUSTIN_DENVER,8.2,0,rating_3,None,149300.0,175800.0,0.849,0.15,76000.0,276500.0,286900.0,281900.0,3.8,15,20,0,Clean
EMP10050,VP_CLOUD_AI,Elena Rostova,Cloud AI & Machine Learning,EMP10002,0,PROD_MGMT,IC1,US_SEATTLE_NYC,2.9,0,rating_3,None,149900.0,159500.0,0.94,0.15,49500.0,220900.0,210700.0,212900.0,-4.6,41,35,0,Clean
EMP10051,VP_CLOUD_AI,Elena Rostova,Cloud AI & Machine Learning,EMP10027,0,AI_ML_ENG,IC1,UK_LONDON,8.6,0,rating_5,Tier_1,122800.0,123200.0,0.997,0.15,38200.0,194100.0,193100.0,193200.0,-0.5,56,55,0,Clean
EMP10052,VP_CLOUD_AI,Elena Rostova,Cloud AI & Machine Learning,EMP10002,0,RESEARCH_SCI,IC2,US_SEATTLE_NYC,6.6,0,rating_4,Tier_1,178300.0,203500.0,0.876,0.15,88000.0,283200.0,222800.0,226600.0,-21.3,54,26,0,Clean
EMP10053,VP_CLOUD_AI,Elena Rostova,Cloud AI & Machine Learning,EMP10011,0,AI_ML_ENG,IC4,EU_ZURICH_MUNICH,5.8,0,rating_3,Tier_2,254300.0,262200.0,0.97,0.25,230000.0,580000.0,533500.0,531000.0,-8.0,55,45,0,Clean
EMP10054,VP_CLOUD_AI,Elena Rostova,Cloud AI & Machine Learning,EMP10020,0,AI_ML_ENG,IC3,EU_ZURICH_MUNICH,1.4,0,rating_3,Tier_2,195300.0,211600.0,0.923,0.2,128800.0,388800.0,316300.0,318100.0,-18.6,30,6,0,Clean
EMP10055,VP_CLOUD_AI,Elena Rostova,Cloud AI & Machine Learning,EMP10030,0,PROD_MGMT,IC2,US_SEATTLE_NYC,6.7,0,rating_3,None,181500.0,203500.0,0.892,0.15,88000.0,298200.0,290100.0,282800.0,-2.7,1,1,0,Clean
EMP10056,VP_CLOUD_AI,Elena Rostova,Cloud AI & Machine Learning,EMP10016,0,AI_ML_ENG,IC3,US_AUSTIN_DENVER,2.3,0,rating_3,Tier_2,207400.0,218500.0,0.949,0.2,133000.0,394400.0,320900.0,306300.0,-18.6,40,16,0,Clean
EMP10057,VP_CLOUD_AI,Elena Rostova,Cloud AI & Machine Learning,EMP10022,0,SW_ENG,IC1,EU_ZURICH_MUNICH,6.0,0,rating_2,None,144100.0,133400.0,1.08,0.15,41400.0,214900.0,216700.0,215700.0,0.8,56,57,0,Clean
EMP10058,VP_CLOUD_AI,Elena Rostova,Cloud AI & Machine Learning,EMP10002,0,RESEARCH_SCI,IC1,UK_LONDON,6.5,0,rating_3,Tier_2,109500.0,123200.0,0.889,0.15,38200.0,176100.0,177300.0,171400.0,0.7,33,34,0,Clean
EMP10059,VP_CLOUD_AI,Elena Rostova,Cloud AI & Machine Learning,EMP10017,0,RESEARCH_SCI,IC1,US_AUSTIN_DENVER,5.0,0,rating_4,Tier_1,134100.0,137800.0,0.973,0.15,42800.0,197300.0,198100.0,201700.0,0.4,72,73,0,Clean
EMP10060,VP_CLOUD_AI,Elena Rostova,Cloud AI & Machine Learning,EMP10007,0,SW_ENG,IC3,US_SEATTLE_NYC,8.5,0,rating_3,None,220600.0,253000.0,0.872,0.2,154000.0,386900.0,354800.0,341800.0,-8.3,68,57,0,Clean
EMP10061,VP_CLOUD_AI,Elena Rostova,Cloud AI & Machine Learning,EMP10032,0,AI_ML_ENG,IC1,EU_ZURICH_MUNICH,4.7,0,rating_3,Tier_2,119100.0,133400.0,0.893,0.15,41400.0,180900.0,167300.0,158100.0,-7.5,79,69,0,Clean
EMP10062,VP_CLOUD_AI,Elena Rostova,Cloud AI & Machine Learning,EMP10004,0,SW_ENG,IC1,US_BAY_AREA,4.3,0,rating_4,None,157600.0,166800.0,0.945,0.15,51700.0,237200.0,222800.0,218700.0,-6.1,52,44,0,Clean
EMP10063,VP_CLOUD_AI,Elena Rostova,Cloud AI & Machine Learning,EMP10038,0,SW_ENG,IC4,EU_ZURICH_MUNICH,1.8,0,rating_3,None,220200.0,262200.0,0.84,0.25,230000.0,513700.0,481600.0,478100.0,-6.2,29,21,0,Clean
EMP10064,VP_CLOUD_AI,Elena Rostova,Cloud AI & Machine Learning,EMP10005,0,PROD_MGMT,IC1,UK_LONDON,2.5,0,rating_1,None,108500.0,123200.0,0.881,0.15,38200.0,169400.0,173100.0,163700.0,2.2,27,30,0,Clean
EMP10065,VP_CLOUD_AI,Elena Rostova,Cloud AI & Machine Learning,EMP10038,0,RESEARCH_SCI,IC2,UK_LONDON,7.5,0,rating_2,Tier_2,149000.0,157200.0,0.948,0.15,68000.0,245100.0,197800.0,195300.0,-19.3,63,38,0,Clean
EMP10066,VP_CLOUD_AI,Elena Rostova,Cloud AI & Machine Learning,EMP10029,0,SW_ENG,IC1,APAC_SINGAPORE_TOKYO,5.6,0,rating_3,None,100200.0,116000.0,0.864,0.15,36000.0,166900.0,171200.0,171000.0,2.6,63,66,1,Clean
EMP10067,VP_CLOUD_AI,Elena Rostova,Cloud AI & Machine Learning,EMP10015,0,AI_ML_ENG,IC4,APAC_SINGAPORE_TOKYO,4.2,0,rating_4,Tier_1,216600.0,228000.0,0.95,0.25,200000.0,548200.0,518700.0,528900.0,-5.4,24,17,0,Clean
EMP10068,VP_CLOUD_AI,Elena Rostova,Cloud AI & Machine Learning,EMP10006,0,PROD_MGMT,IC2,US_AUSTIN_DENVER,7.0,0,rating_2,None,157500.0,175800.0,0.896,0.15,76000.0,268900.0,267900.0,260400.0,-0.4,62,61,1,Clean
EMP10069,VP_CLOUD_AI,Elena Rostova,Cloud AI & Machine Learning,EMP10006,0,SW_ENG,IC1,US_BAY_AREA,2.1,0,rating_3,None,163500.0,166800.0,0.98,0.15,51700.0,241000.0,236300.0,229900.0,-2.0,47,44,0,Clean
EMP10070,VP_CLOUD_AI,Elena Rostova,Cloud AI & Machine Learning,EMP10032,0,AI_ML_ENG,IC2,US_SEATTLE_NYC,6.5,0,rating_3,Tier_2,184400.0,203500.0,0.906,0.15,88000.0,299500.0,236400.0,237300.0,-21.1,65,38,0,Clean
EMP10071,VP_CLOUD_AI,Elena Rostova,Cloud AI & Machine Learning,EMP10001,0,AI_ML_ENG,IC2,US_SEATTLE_NYC,2.8,0,rating_3,Tier_2,216500.0,203500.0,1.064,0.15,88000.0,350300.0,351400.0,344600.0,0.3,49,49,0,Clean
EMP10072,VP_CLOUD_AI,Elena Rostova,Cloud AI & Machine Learning,EMP10031,0,RESEARCH_SCI,IC1,UK_LONDON,7.2,0,rating_3,Tier_2,116400.0,123200.0,0.945,0.15,38200.0,173700.0,177400.0,171600.0,2.1,82,85,0,Clean
EMP10073,VP_CLOUD_AI,Elena Rostova,Cloud AI & Machine Learning,EMP10001,0,SW_ENG,IC1,EU_ZURICH_MUNICH,3.7,0,rating_4,None,109400.0,133400.0,0.82,0.15,41400.0,174900.0,166700.0,166900.0,-4.7,35,29,0,Clean
EMP10074,VP_CLOUD_AI,Elena Rostova,Cloud AI & Machine Learning,EMP10013,0,RESEARCH_SCI,IC4,EU_ZURICH_MUNICH,7.2,0,rating_3,Tier_2,211900.0,262200.0,0.808,0.25,230000.0,536500.0,514800.0,524600.0,-4.0,84,79,0,Clean
EMP10075,VP_CLOUD_AI,Elena Rostova,Cloud AI & Machine Learning,EMP10010,0,AI_ML_ENG,IC2,US_SEATTLE_NYC,4.0,0,rating_4,Tier_1,166300.0,203500.0,0.817,0.15,88000.0,276800.0,268300.0,267700.0,-3.1,52,48,0,Clean
EMP10076,VP_CLOUD_AI,Elena Rostova,Cloud AI & Machine Learning,EMP10010,0,SW_ENG,IC1,US_AUSTIN_DENVER,5.8,0,rating_2,None,118500.0,137800.0,0.86,0.15,42800.0,189700.0,185800.0,188800.0,-2.1,35,32,0,Clean
EMP10077,VP_CLOUD_AI,Elena Rostova,Cloud AI & Machine Learning,EMP10032,0,AI_ML_ENG,IC3,EU_ZURICH_MUNICH,7.9,0,rating_4,Tier_1,211600.0,211600.0,1.0,0.2,128800.0,425200.0,392400.0,388800.0,-7.7,66,56,0,Clean
EMP10078,VP_CLOUD_AI,Elena Rostova,Cloud AI & Machine Learning,EMP10020,0,AI_ML_ENG,IC3,US_AUSTIN_DENVER,1.2,0,rating_3,Tier_2,202500.0,218500.0,0.927,0.2,133000.0,399200.0,404400.0,385600.0,1.3,33,35,0,Clean
EMP10079,VP_CLOUD_AI,Elena Rostova,Cloud AI & Machine Learning,EMP10040,0,PROD_MGMT,IC2,EU_ZURICH_MUNICH,6.3,0,rating_3,None,163100.0,170200.0,0.958,0.15,73600.0,256000.0,259700.0,262800.0,1.4,73,75,0,Clean
EMP10080,VP_CLOUD_AI,Elena Rostova,Cloud AI & Machine Learning,EMP10029,0,SW_ENG,IC3,APAC_SINGAPORE_TOKYO,3.7,0,rating_3,None,186600.0,184000.0,1.014,0.2,112000.0,412900.0,421500.0,399800.0,2.1,43,46,0,Clean
EMP10081,VP_CLOUD_AI,Elena Rostova,Cloud AI & Machine Learning,EMP10019,0,SW_ENG,IC4,US_BAY_AREA,5.7,0,rating_3,None,331700.0,327800.0,1.012,0.25,287500.0,712800.0,717700.0,677500.0,0.7,47,48,0,Clean
EMP10082,VP_CLOUD_AI,Elena Rostova,Cloud AI & Machine Learning,EMP10019,0,RESEARCH_SCI,IC3,EU_ZURICH_MUNICH,1.3,0,rating_2,Tier_2,195900.0,211600.0,0.926,0.2,128800.0,407000.0,406400.0,386500.0,-0.1,36,36,0,Clean
EMP10083,VP_CLOUD_AI,Elena Rostova,Cloud AI & Machine Learning,EMP10003,0,PROD_MGMT,IC1,US_BAY_AREA,5.1,0,rating_2,None,135100.0,166800.0,0.81,0.15,51700.0,210500.0,196400.0,186700.0,-6.7,33,24,0,Clean
EMP10084,VP_CLOUD_AI,Elena Rostova,Cloud AI & Machine Learning,EMP10034,0,SW_ENG,IC2,US_SEATTLE_NYC,8.7,0,rating_3,None,184000.0,203500.0,0.904,0.15,88000.0,309500.0,295300.0,280300.0,-4.6,97,91,0,Clean
EMP10085,VP_CLOUD_AI,Elena Rostova,Cloud AI & Machine Learning,EMP10015,0,PROD_MGMT,IC3,EU_ZURICH_MUNICH,5.5,0,rating_1,None,175200.0,211600.0,0.828,0.2,128800.0,361000.0,360100.0,357900.0,-0.2,84,84,0,Clean
EMP10086,VP_CLOUD_AI,Elena Rostova,Cloud AI & Machine Learning,EMP10024,0,RESEARCH_SCI,IC1,UK_LONDON,3.1,0,rating_3,Tier_2,129900.0,123200.0,1.054,0.15,38200.0,192600.0,156100.0,158100.0,-19.0,60,35,0,Clean
EMP10087,VP_CLOUD_AI,Elena Rostova,Cloud AI & Machine Learning,EMP10009,0,AI_ML_ENG,IC1,US_AUSTIN_DENVER,5.1,0,rating_3,Tier_2,130200.0,137800.0,0.945,0.15,42800.0,196700.0,162200.0,161500.0,-17.5,52,29,0,Clean
EMP10088,VP_CLOUD_AI,Elena Rostova,Cloud AI & Machine Learning,EMP10010,0,AI_ML_ENG,IC3,UK_LONDON,8.8,0,rating_3,Tier_2,153700.0,195500.0,0.786,0.2,119000.0,318600.0,299700.0,290400.0,-5.9,14,6,0,Clean
EMP10089,VP_CLOUD_AI,Elena Rostova,Cloud AI & Machine Learning,EMP10023,0,SW_ENG,IC1,US_SEATTLE_NYC,0.9,0,rating_4,None,171800.0,159500.0,1.077,0.15,49500.0,240600.0,238900.0,243100.0,-0.7,40,39,0,Clean
EMP10090,VP_CLOUD_AI,Elena Rostova,Cloud AI & Machine Learning,EMP10009,0,RESEARCH_SCI,IC3,US_BAY_AREA,2.9,0,rating_3,Tier_2,252100.0,264500.0,0.953,0.2,161000.0,437800.0,443300.0,437800.0,1.3,25,27,0,Clean
EMP10091,VP_CLOUD_AI,Elena Rostova,Cloud AI & Machine Learning,EMP10009,0,RESEARCH_SCI,IC2,US_BAY_AREA,6.8,0,rating_1,Tier_2,191900.0,212700.0,0.902,0.15,92000.0,298200.0,220400.0,208100.0,-26.1,47,13,0,Clean
EMP10092,VP_CLOUD_AI,Elena Rostova,Cloud AI & Machine Learning,EMP10005,0,SW_ENG,IC2,EU_ZURICH_MUNICH,3.1,0,rating_3,None,144000.0,170200.0,0.846,0.15,73600.0,262700.0,270100.0,268100.0,2.8,37,41,0,Clean
EMP10093,VP_CLOUD_AI,Elena Rostova,Cloud AI & Machine Learning,EMP10002,0,PROD_MGMT,IC1,UK_LONDON,1.6,0,rating_3,None,108400.0,123200.0,0.88,0.15,38200.0,183200.0,174400.0,166000.0,-4.8,57,51,0,Clean
EMP10094,VP_CLOUD_AI,Elena Rostova,Cloud AI & Machine Learning,EMP10038,0,SW_ENG,IC2,UK_LONDON,6.0,0,rating_3,None,156600.0,157200.0,0.996,0.15,68000.0,252100.0,252400.0,254500.0,0.1,51,51,0,Clean
EMP10095,VP_CLOUD_AI,Elena Rostova,Cloud AI & Machine Learning,EMP10014,0,RESEARCH_SCI,IC2,UK_LONDON,8.3,0,rating_3,Tier_2,136600.0,157200.0,0.869,0.15,68000.0,242200.0,232200.0,221100.0,-4.1,74,69,1,Clean
EMP10096,VP_CLOUD_AI,Elena Rostova,Cloud AI & Machine Learning,EMP10006,0,AI_ML_ENG,IC1,APAC_SINGAPORE_TOKYO,6.2,0,rating_3,Tier_2,104500.0,116000.0,0.901,0.15,36000.0,171100.0,125500.0,121500.0,-26.7,8,1,0,Clean
EMP10097,VP_CLOUD_AI,Elena Rostova,Cloud AI & Machine Learning,EMP10004,0,SW_ENG,IC4,US_AUSTIN_DENVER,1.5,0,rating_2,None,264300.0,270800.0,0.976,0.25,237500.0,648800.0,619900.0,610300.0,-4.5,69,63,0,Clean
EMP10098,VP_CLOUD_AI,Elena Rostova,Cloud AI & Machine Learning,EMP10015,0,AI_ML_ENG,IC3,EU_ZURICH_MUNICH,7.9,0,rating_3,Tier_2,217700.0,211600.0,1.029,0.2,128800.0,429400.0,325200.0,305800.0,-24.3,33,1,0,Clean
EMP10099,VP_CLOUD_AI,Elena Rostova,Cloud AI & Machine Learning,EMP10026,0,AI_ML_ENG,IC1,US_BAY_AREA,1.2,0,rating_3,Tier_2,151600.0,166800.0,0.909,0.15,51700.0,220900.0,223300.0,220000.0,1.1,35,36,1,Clean
EMP10100,VP_CLOUD_AI,Elena Rostova,Cloud AI & Machine Learning,EMP10011,0,AI_ML_ENG,IC3,APAC_SINGAPORE_TOKYO,1.4,0,rating_3,Tier_2,179600.0,184000.0,0.976,0.2,112000.0,363500.0,282200.0,273100.0,-22.4,65,36,0,Clean
EMP10101,VP_CLOUD_AI,Elena Rostova,Cloud AI & Machine Learning,EMP10038,0,SW_ENG,IC2,US_BAY_AREA,3.0,0,rating_2,None,201400.0,212700.0,0.947,0.15,92000.0,337400.0,340700.0,341100.0,1.0,99,99,0,Clean
EMP10102,VP_CLOUD_AI,Elena Rostova,Cloud AI & Machine Learning,EMP10032,0,RESEARCH_SCI,IC3,US_SEATTLE_NYC,0.7,0,rating_3,Tier_2,210000.0,253000.0,0.83,0.2,154000.0,427400.0,348200.0,328500.0,-18.5,78,54,0,Clean
EMP10103,VP_CLOUD_AI,Elena Rostova,Cloud AI & Machine Learning,EMP10021,0,PROD_MGMT,IC2,APAC_SINGAPORE_TOKYO,6.4,0,rating_3,None,129200.0,148000.0,0.873,0.15,64000.0,223500.0,230900.0,225500.0,3.3,37,41,0,Clean
EMP10104,VP_CLOUD_AI,Elena Rostova,Cloud AI & Machine Learning,EMP10028,0,RESEARCH_SCI,IC3,UK_LONDON,1.5,0,rating_3,Tier_2,163800.0,195500.0,0.838,0.2,119000.0,339400.0,250600.0,245800.0,-26.2,37,3,0,Clean
EMP10105,VP_CLOUD_AI,Elena Rostova,Cloud AI & Machine Learning,EMP10023,0,RESEARCH_SCI,IC2,US_SEATTLE_NYC,4.4,0,rating_2,Tier_2,193900.0,203500.0,0.953,0.15,88000.0,321400.0,265000.0,262400.0,-17.5,63,40,0,Clean
EMP10106,VP_CLOUD_AI,Elena Rostova,Cloud AI & Machine Learning,EMP10038,0,SW_ENG,IC2,APAC_SINGAPORE_TOKYO,1.1,0,rating_3,None,130200.0,148000.0,0.88,0.15,64000.0,249600.0,246300.0,238500.0,-1.3,76,74,0,Clean
EMP10107,VP_CLOUD_AI,Elena Rostova,Cloud AI & Machine Learning,EMP10003,0,SW_ENG,IC1,US_BAY_AREA,6.8,0,rating_2,None,132100.0,166800.0,0.792,0.15,51700.0,198800.0,195900.0,199100.0,-1.5,1,1,1,Clean
EMP10108,VP_CLOUD_AI,Elena Rostova,Cloud AI & Machine Learning,EMP10037,0,SW_ENG,IC2,EU_ZURICH_MUNICH,4.8,0,rating_2,None,148100.0,170200.0,0.87,0.15,73600.0,274300.0,261900.0,261200.0,-4.5,54,48,0,Clean
EMP10109,VP_CLOUD_AI,Elena Rostova,Cloud AI & Machine Learning,EMP10016,0,PROD_MGMT,IC2,EU_ZURICH_MUNICH,7.2,0,rating_3,None,147900.0,170200.0,0.869,0.15,73600.0,254500.0,242800.0,239800.0,-4.6,50,44,0,Clean
EMP10110,VP_CLOUD_AI,Elena Rostova,Cloud AI & Machine Learning,EMP10005,0,PROD_MGMT,IC1,US_AUSTIN_DENVER,8.3,0,rating_5,None,125100.0,137800.0,0.908,0.15,42800.0,185500.0,170800.0,169600.0,-7.9,99,89,0,Clean
EMP10111,VP_CLOUD_AI,Elena Rostova,Cloud AI & Machine Learning,EMP10026,0,AI_ML_ENG,IC1,US_AUSTIN_DENVER,1.3,0,rating_3,Tier_2,112400.0,137800.0,0.816,0.15,42800.0,183400.0,190700.0,193200.0,4.0,40,45,0,Clean
EMP10112,VP_CLOUD_AI,Elena Rostova,Cloud AI & Machine Learning,EMP10033,0,SW_ENG,IC2,US_AUSTIN_DENVER,7.7,0,rating_4,None,163700.0,175800.0,0.931,0.15,76000.0,265400.0,246300.0,233000.0,-7.2,67,58,0,Clean
EMP10113,VP_CLOUD_AI,Elena Rostova,Cloud AI & Machine Learning,EMP10035,0,AI_ML_ENG,IC3,APAC_SINGAPORE_TOKYO,1.9,0,rating_2,Tier_2,156000.0,184000.0,0.848,0.2,112000.0,317600.0,320900.0,322400.0,1.0,87,88,0,Clean
EMP10114,VP_CLOUD_AI,Elena Rostova,Cloud AI & Machine Learning,EMP10027,0,RESEARCH_SCI,IC2,UK_LONDON,2.1,0,rating_4,Tier_1,128900.0,157200.0,0.82,0.15,68000.0,225800.0,228500.0,231300.0,1.2,26,28,0,Clean
EMP10115,VP_CLOUD_AI,Elena Rostova,Cloud AI & Machine Learning,EMP10037,0,PROD_MGMT,IC4,US_AUSTIN_DENVER,0.9,0,rating_3,None,250500.0,270800.0,0.925,0.25,237500.0,550600.0,544300.0,549700.0,-1.1,24,23,0,Clean
EMP10116,VP_CLOUD_AI,Elena Rostova,Cloud AI & Machine Learning,EMP10024,0,AI_ML_ENG,IC2,APAC_SINGAPORE_TOKYO,8.5,0,rating_3,Tier_2,146100.0,148000.0,0.987,0.15,64000.0,246900.0,229400.0,223700.0,-7.1,13,4,0,Clean
EMP10117,VP_CLOUD_AI,Elena Rostova,Cloud AI & Machine Learning,EMP10029,0,AI_ML_ENG,IC3,UK_LONDON,6.0,0,rating_3,Tier_2,193200.0,195500.0,0.988,0.2,119000.0,377000.0,310000.0,312200.0,-17.8,61,38,0,Clean
EMP10118,VP_CLOUD_AI,Elena Rostova,Cloud AI & Machine Learning,EMP10009,0,PROD_MGMT,IC1,APAC_SINGAPORE_TOKYO,1.8,0,rating_3,None,112300.0,116000.0,0.968,0.15,36000.0,187700.0,171300.0,164000.0,-8.7,17,6,0,Clean
EMP10119,VP_CLOUD_AI,Elena Rostova,Cloud AI & Machine Learning,EMP10039,0,AI_ML_ENG,IC2,US_AUSTIN_DENVER,5.1,0,rating_3,Tier_2,160500.0,175800.0,0.913,0.15,76000.0,277500.0,225300.0,220800.0,-18.8,64,40,0,Clean
EMP10120,VP_CLOUD_AI,Elena Rostova,Cloud AI & Machine Learning,EMP10037,0,RESEARCH_SCI,IC1,US_AUSTIN_DENVER,5.0,0,rating_3,Tier_2,113400.0,137800.0,0.823,0.15,42800.0,183600.0,151900.0,143600.0,-17.3,66,44,0,Clean
EMP10121,VP_CLOUD_AI,Elena Rostova,Cloud AI & Machine Learning,EMP10033,0,PROD_MGMT,IC2,UK_LONDON,6.1,0,rating_3,None,153600.0,157200.0,0.977,0.15,68000.0,258900.0,237900.0,228200.0,-8.1,58,47,0,Clean
EMP10122,VP_CLOUD_AI,Elena Rostova,Cloud AI & Machine Learning,EMP10038,0,SW_ENG,IC3,US_SEATTLE_NYC,5.9,0,rating_4,None,251700.0,253000.0,0.995,0.2,154000.0,475500.0,461400.0,459400.0,-3.0,60,56,0,Clean
EMP10123,VP_CLOUD_AI,Elena Rostova,Cloud AI & Machine Learning,EMP10005,0,PROD_MGMT,IC2,US_BAY_AREA,5.1,1,rating_2,None,192300.0,212700.0,0.904,0.15,92000.0,326400.0,318900.0,325000.0,-2.3,59,56,0,Clean
EMP10124,VP_CLOUD_AI,Elena Rostova,Cloud AI & Machine Learning,EMP10013,0,AI_ML_ENG,IC1,APAC_SINGAPORE_TOKYO,4.7,0,rating_3,Tier_2,103500.0,116000.0,0.892,0.15,36000.0,174000.0,167100.0,170100.0,-4.0,63,58,0,Clean
EMP10125,VP_CLOUD_AI,Elena Rostova,Cloud AI & Machine Learning,EMP10034,0,AI_ML_ENG,IC1,APAC_SINGAPORE_TOKYO,4.3,0,rating_5,Tier_1,97900.0,116000.0,0.844,0.15,36000.0,157500.0,119100.0,114800.0,-24.4,64,32,0,Clean
EMP10126,VP_CLOUD_AI,Elena Rostova,Cloud AI & Machine Learning,EMP10011,0,SW_ENG,IC2,UK_LONDON,1.1,0,rating_3,None,164400.0,157200.0,1.046,0.15,68000.0,268100.0,278100.0,282500.0,3.7,65,70,0,Clean
EMP10127,VP_CLOUD_AI,Elena Rostova,Cloud AI & Machine Learning,EMP10024,0,RESEARCH_SCI,IC2,US_BAY_AREA,5.3,1,rating_4,Tier_1,206300.0,212700.0,0.97,0.15,92000.0,307900.0,294900.0,286200.0,-4.2,78,73,0,Clean
EMP10128,VP_CLOUD_AI,Elena Rostova,Cloud AI & Machine Learning,EMP10029,0,SW_ENG,IC3,UK_LONDON,6.8,0,rating_3,None,179500.0,195500.0,0.918,0.2,119000.0,379900.0,358000.0,339800.0,-5.8,21,13,0,Clean
EMP10129,VP_CLOUD_AI,Elena Rostova,Cloud AI & Machine Learning,EMP10025,0,AI_ML_ENG,IC3,US_AUSTIN_DENVER,1.1,0,rating_3,Tier_2,202500.0,218500.0,0.927,0.2,133000.0,410600.0,384300.0,365400.0,-6.4,15,7,0,Clean
EMP10130,VP_CLOUD_AI,Elena Rostova,Cloud AI & Machine Learning,EMP10029,0,SW_ENG,IC4,APAC_SINGAPORE_TOKYO,5.9,0,rating_3,None,204100.0,228000.0,0.895,0.25,200000.0,574000.0,575500.0,583700.0,0.3,59,59,0,Clean
EMP10131,VP_CLOUD_AI,Elena Rostova,Cloud AI & Machine Learning,EMP10033,0,RESEARCH_SCI,IC1,US_SEATTLE_NYC,1.1,0,rating_3,Tier_2,146300.0,159500.0,0.917,0.15,49500.0,217000.0,201100.0,203300.0,-7.3,80,71,0,Clean
EMP10132,VP_CLOUD_AI,Elena Rostova,Cloud AI & Machine Learning,EMP10031,0,PROD_MGMT,IC2,EU_ZURICH_MUNICH,7.1,0,rating_3,None,183500.0,170200.0,1.078,0.15,73600.0,306200.0,292400.0,295400.0,-4.5,81,75,0,Clean
EMP10133,VP_CLOUD_AI,Elena Rostova,Cloud AI & Machine Learning,EMP10012,0,RESEARCH_SCI,IC3,UK_LONDON,8.6,0,rating_4,Tier_1,150300.0,195500.0,0.769,0.2,119000.0,320700.0,263900.0,252800.0,-17.7,51,28,0,Clean
EMP10134,VP_CLOUD_AI,Elena Rostova,Cloud AI & Machine Learning,EMP10019,0,SW_ENG,IC3,US_SEATTLE_NYC,8.5,0,rating_2,None,215300.0,253000.0,0.851,0.2,154000.0,414700.0,404500.0,385700.0,-2.5,29,26,0,Clean
EMP10135,VP_CLOUD_AI,Elena Rostova,Cloud AI & Machine Learning,EMP10040,0,SW_ENG,IC2,EU_ZURICH_MUNICH,5.4,0,rating_2,None,177900.0,170200.0,1.045,0.15,73600.0,303400.0,286500.0,274100.0,-5.6,64,57,0,Clean
EMP10136,VP_CLOUD_AI,Elena Rostova,Cloud AI & Machine Learning,EMP10002,0,SW_ENG,IC2,APAC_SINGAPORE_TOKYO,4.2,0,rating_4,None,146100.0,148000.0,0.987,0.15,64000.0,247900.0,227900.0,215300.0,-8.1,45,34,0,Clean
EMP10137,VP_CLOUD_AI,Elena Rostova,Cloud AI & Machine Learning,EMP10014,0,RESEARCH_SCI,IC1,US_AUSTIN_DENVER,2.6,0,rating_5,Tier_1,130900.0,137800.0,0.95,0.15,42800.0,197700.0,193100.0,183200.0,-2.3,36,33,0,Clean
EMP10138,VP_CLOUD_AI,Elena Rostova,Cloud AI & Machine Learning,EMP10029,0,AI_ML_ENG,IC1,US_BAY_AREA,3.2,0,rating_3,Tier_2,149000.0,166800.0,0.893,0.15,51700.0,229100.0,173200.0,170800.0,-24.4,75,43,0,Clean
EMP10139,VP_CLOUD_AI,Elena Rostova,Cloud AI & Machine Learning,EMP10032,0,PROD_MGMT,IC4,UK_LONDON,0.9,0,rating_2,None,234900.0,242200.0,0.97,0.25,212500.0,563300.0,530200.0,523100.0,-5.9,33,25,0,Clean
EMP10140,VP_CLOUD_AI,Elena Rostova,Cloud AI & Machine Learning,EMP10039,0,PROD_MGMT,IC3,US_AUSTIN_DENVER,3.9,0,rating_3,None,170000.0,218500.0,0.778,0.2,133000.0,373900.0,377400.0,365800.0,0.9,41,42,0,Clean
EMP10141,VP_CLOUD_AI,Elena Rostova,Cloud AI & Machine Learning,EMP10013,0,SW_ENG,IC2,US_BAY_AREA,1.3,0,rating_3,None,181200.0,212700.0,0.852,0.15,92000.0,301300.0,298100.0,283300.0,-1.1,69,68,0,Clean
EMP10142,VP_CLOUD_AI,Elena Rostova,Cloud AI & Machine Learning,EMP10022,0,SW_ENG,IC2,US_SEATTLE_NYC,4.4,1,rating_3,None,190500.0,203500.0,0.936,0.15,88000.0,292600.0,278900.0,272700.0,-4.7,79,73,0,Clean
EMP10143,VP_CLOUD_AI,Elena Rostova,Cloud AI & Machine Learning,EMP10033,0,SW_ENG,IC1,US_SEATTLE_NYC,5.3,0,rating_4,None,133000.0,159500.0,0.834,0.15,49500.0,202700.0,197900.0,193800.0,-2.4,73,70,0,Clean
EMP10144,VP_CLOUD_AI,Elena Rostova,Cloud AI & Machine Learning,EMP10002,0,AI_ML_ENG,IC2,UK_LONDON,7.1,0,rating_3,Tier_2,126100.0,157200.0,0.802,0.15,68000.0,214100.0,221700.0,222300.0,3.5,30,35,0,Clean
EMP10145,VP_CLOUD_AI,Elena Rostova,Cloud AI & Machine Learning,EMP10004,0,RESEARCH_SCI,IC2,EU_ZURICH_MUNICH,0.7,0,rating_4,Tier_1,143500.0,170200.0,0.843,0.15,73600.0,260200.0,214500.0,203500.0,-17.6,28,5,0,Clean
EMP10146,VP_CLOUD_AI,Elena Rostova,Cloud AI & Machine Learning,EMP10010,0,RESEARCH_SCI,IC2,UK_LONDON,9.0,0,rating_3,Tier_2,128000.0,157200.0,0.814,0.15,68000.0,244300.0,238800.0,235200.0,-2.3,52,49,0,Clean
EMP10147,VP_CLOUD_AI,Elena Rostova,Cloud AI & Machine Learning,EMP10025,0,RESEARCH_SCI,IC1,UK_LONDON,2.1,0,rating_3,Tier_2,118900.0,123200.0,0.965,0.15,38200.0,191200.0,191200.0,189100.0,0.0,40,40,0,Clean
EMP10148,VP_CLOUD_AI,Elena Rostova,Cloud AI & Machine Learning,EMP10036,0,SW_ENG,IC1,US_AUSTIN_DENVER,2.9,0,rating_3,None,121300.0,137800.0,0.88,0.15,42800.0,190400.0,196400.0,196000.0,3.2,17,21,0,Clean
EMP10149,VP_CLOUD_AI,Elena Rostova,Cloud AI & Machine Learning,EMP10035,0,PROD_MGMT,IC2,US_AUSTIN_DENVER,2.7,0,rating_3,None,181200.0,175800.0,1.031,0.15,76000.0,305000.0,291300.0,284100.0,-4.5,40,34,0,Clean
EMP10150,VP_CLOUD_AI,Elena Rostova,Cloud AI & Machine Learning,EMP10013,0,SW_ENG,IC3,EU_ZURICH_MUNICH,5.9,0,rating_3,None,189800.0,211600.0,0.897,0.2,128800.0,363800.0,362700.0,356300.0,-0.3,40,40,1,Clean
EMP10151,VP_CLOUD_AI,Elena Rostova,Cloud AI & Machine Learning,EMP10027,0,PROD_MGMT,IC1,US_BAY_AREA,4.5,0,rating_5,None,149100.0,166800.0,0.894,0.15,51700.0,213300.0,212200.0,214400.0,-0.5,40,39,0,Clean
EMP10152,VP_CLOUD_AI,Elena Rostova,Cloud AI & Machine Learning,EMP10019,0,AI_ML_ENG,IC1,US_BAY_AREA,8.4,0,rating_3,Tier_2,147000.0,166800.0,0.881,0.15,51700.0,208100.0,200700.0,202100.0,-3.6,38,33,1,Clean
EMP10153,VP_CLOUD_AI,Elena Rostova,Cloud AI & Machine Learning,EMP10026,0,RESEARCH_SCI,IC3,APAC_SINGAPORE_TOKYO,8.9,1,rating_4,Tier_1,196000.0,184000.0,1.065,0.2,112000.0,394000.0,326300.0,314200.0,-17.2,39,17,0,Clean
EMP10154,VP_CLOUD_AI,Elena Rostova,Cloud AI & Machine Learning,EMP10032,0,RESEARCH_SCI,IC3,EU_ZURICH_MUNICH,7.2,0,rating_2,Tier_2,183000.0,211600.0,0.865,0.2,128800.0,370700.0,274500.0,274200.0,-26.0,55,21,0,Clean
EMP10155,VP_CLOUD_AI,Elena Rostova,Cloud AI & Machine Learning,EMP10013,0,PROD_MGMT,IC1,UK_LONDON,2.7,0,rating_3,None,108400.0,123200.0,0.88,0.15,38200.0,166100.0,158100.0,151800.0,-4.8,51,45,0,Clean
EMP10156,VP_CLOUD_AI,Elena Rostova,Cloud AI & Machine Learning,EMP10018,0,SW_ENG,IC4,EU_ZURICH_MUNICH,3.9,0,rating_3,None,238100.0,262200.0,0.908,0.25,230000.0,517900.0,479200.0,462200.0,-7.5,48,38,0,Clean
EMP10157,VP_CLOUD_AI,Elena Rostova,Cloud AI & Machine Learning,EMP10020,0,SW_ENG,IC2,US_AUSTIN_DENVER,5.2,0,rating_2,None,153500.0,175800.0,0.873,0.15,76000.0,274400.0,271300.0,264000.0,-1.1,41,40,0,Clean
EMP10158,VP_CLOUD_AI,Elena Rostova,Cloud AI & Machine Learning,EMP10035,0,RESEARCH_SCI,IC3,US_SEATTLE_NYC,7.5,0,rating_4,Tier_1,220100.0,253000.0,0.87,0.2,154000.0,420100.0,344900.0,327300.0,-17.9,23,1,0,Clean
EMP10159,VP_CLOUD_AI,Elena Rostova,Cloud AI & Machine Learning,EMP10013,0,RESEARCH_SCI,IC2,US_SEATTLE_NYC,4.4,0,rating_2,Tier_2,177000.0,203500.0,0.87,0.15,88000.0,294900.0,228900.0,230000.0,-22.4,78,49,0,Clean
EMP10160,VP_CLOUD_AI,Elena Rostova,Cloud AI & Machine Learning,EMP10030,0,PROD_MGMT,IC2,APAC_SINGAPORE_TOKYO,3.4,0,rating_3,None,140500.0,148000.0,0.949,0.15,64000.0,259400.0,255600.0,241200.0,-1.5,16,14,1,Clean
EMP10161,VP_CLOUD_AI,Elena Rostova,Cloud AI & Machine Learning,EMP10004,0,AI_ML_ENG,IC3,UK_LONDON,3.8,0,rating_4,Tier_1,191600.0,195500.0,0.98,0.2,119000.0,417400.0,402600.0,410400.0,-3.5,57,52,0,Clean
EMP10162,VP_CLOUD_AI,Elena Rostova,Cloud AI & Machine Learning,EMP10025,0,RESEARCH_SCI,IC2,APAC_SINGAPORE_TOKYO,8.8,0,rating_5,Tier_1,137900.0,148000.0,0.932,0.15,64000.0,231700.0,236000.0,236100.0,1.9,43,45,0,Clean
EMP10163,VP_CLOUD_AI,Elena Rostova,Cloud AI & Machine Learning,EMP10035,0,PROD_MGMT,IC2,US_SEATTLE_NYC,4.1,0,rating_3,None,185400.0,203500.0,0.911,0.15,88000.0,310200.0,286800.0,288200.0,-7.5,74,64,0,Clean
EMP10164,VP_CLOUD_AI,Elena Rostova,Cloud AI & Machine Learning,EMP10002,0,AI_ML_ENG,IC1,US_BAY_AREA,6.9,0,rating_3,Tier_2,141300.0,166800.0,0.847,0.15,51700.0,206300.0,158500.0,155800.0,-23.2,37,7,0,Clean
EMP10165,VP_CLOUD_AI,Elena Rostova,Cloud AI & Machine Learning,EMP10009,0,SW_ENG,IC2,US_SEATTLE_NYC,1.7,0,rating_3,None,194500.0,203500.0,0.956,0.15,88000.0,318600.0,303200.0,292300.0,-4.8,16,10,0,Clean
EMP10166,VP_CLOUD_AI,Elena Rostova,Cloud AI & Machine Learning,EMP10015,0,SW_ENG,IC2,US_BAY_AREA,3.4,0,rating_3,None,174800.0,212700.0,0.822,0.15,92000.0,296200.0,290900.0,274500.0,-1.8,41,39,0,Clean
EMP10167,VP_CLOUD_AI,Elena Rostova,Cloud AI & Machine Learning,EMP10025,0,SW_ENG,IC3,APAC_SINGAPORE_TOKYO,6.5,0,rating_3,None,161200.0,184000.0,0.876,0.2,112000.0,345500.0,352600.0,339900.0,2.1,59,62,0,Clean
EMP10168,VP_CLOUD_AI,Elena Rostova,Cloud AI & Machine Learning,EMP10004,0,PROD_MGMT,IC2,EU_ZURICH_MUNICH,5.1,0,rating_3,None,143300.0,170200.0,0.842,0.15,73600.0,236000.0,228600.0,221700.0,-3.1,48,44,0,Clean
EMP10169,VP_CLOUD_AI,Elena Rostova,Cloud AI & Machine Learning,EMP10004,0,AI_ML_ENG,IC1,US_BAY_AREA,0.6,0,rating_3,Tier_2,159300.0,166800.0,0.955,0.15,51700.0,232200.0,221400.0,225100.0,-4.7,90,84,0,Clean
EMP10170,VP_CLOUD_AI,Elena Rostova,Cloud AI & Machine Learning,EMP10008,0,PROD_MGMT,IC3,US_SEATTLE_NYC,6.0,0,rating_3,None,220900.0,253000.0,0.873,0.2,154000.0,406600.0,385000.0,376300.0,-5.3,17,10,0,Clean
EMP10171,VP_CLOUD_AI,Elena Rostova,Cloud AI & Machine Learning,EMP10024,0,PROD_MGMT,IC2,UK_LONDON,5.3,0,rating_3,None,168400.0,157200.0,1.071,0.15,68000.0,298300.0,285800.0,278100.0,-4.2,91,86,0,Clean
EMP10172,VP_CLOUD_AI,Elena Rostova,Cloud AI & Machine Learning,EMP10010,0,PROD_MGMT,IC1,US_AUSTIN_DENVER,2.7,0,rating_3,None,130400.0,137800.0,0.946,0.15,42800.0,199500.0,198500.0,197500.0,-0.5,70,69,0,Clean
EMP10173,VP_CLOUD_AI,Elena Rostova,Cloud AI & Machine Learning,EMP10032,0,SW_ENG,IC2,US_SEATTLE_NYC,7.6,0,rating_2,None,196600.0,203500.0,0.966,0.15,88000.0,333700.0,345200.0,339000.0,3.4,75,79,1,Clean
EMP10174,VP_CLOUD_AI,Elena Rostova,Cloud AI & Machine Learning,EMP10004,0,PROD_MGMT,IC3,US_SEATTLE_NYC,6.2,1,rating_3,None,237300.0,253000.0,0.938,0.2,154000.0,439200.0,421000.0,416500.0,-4.1,37,32,0,Clean
EMP10175,VP_CLOUD_AI,Elena Rostova,Cloud AI & Machine Learning,EMP10031,0,AI_ML_ENG,IC2,US_BAY_AREA,4.2,0,rating_1,Tier_2,178500.0,212700.0,0.839,0.15,92000.0,294700.0,228500.0,227500.0,-22.5,47,18,0,Clean
EMP10176,VP_CLOUD_AI,Elena Rostova,Cloud AI & Machine Learning,EMP10012,0,AI_ML_ENG,IC1,EU_ZURICH_MUNICH,5.3,0,rating_3,Tier_2,125000.0,133400.0,0.937,0.15,41400.0,188100.0,180300.0,175300.0,-4.1,65,60,0,Clean
EMP10177,VP_CLOUD_AI,Elena Rostova,Cloud AI & Machine Learning,EMP10015,0,AI_ML_ENG,IC1,APAC_SINGAPORE_TOKYO,1.2,0,rating_1,Tier_2,117300.0,116000.0,1.011,0.15,36000.0,181600.0,180300.0,179600.0,-0.7,50,49,0,Clean
EMP10178,VP_CLOUD_AI,Elena Rostova,Cloud AI & Machine Learning,EMP10022,0,AI_ML_ENG,IC2,EU_ZURICH_MUNICH,2.9,0,rating_4,Tier_1,162400.0,170200.0,0.954,0.15,73600.0,277500.0,228000.0,226800.0,-17.8,44,21,0,Clean
EMP10179,VP_CLOUD_AI,Elena Rostova,Cloud AI & Machine Learning,EMP10003,0,SW_ENG,IC1,US_BAY_AREA,2.5,0,rating_4,None,166800.0,166800.0,1.0,0.15,51700.0,239000.0,219900.0,209600.0,-8.0,44,34,0,Clean
EMP10180,VP_CLOUD_AI,Elena Rostova,Cloud AI & Machine Learning,EMP10025,0,SW_ENG,IC2,UK_LONDON,4.2,0,rating_5,None,143200.0,157200.0,0.911,0.15,68000.0,252700.0,262000.0,247400.0,3.7,39,44,0,Clean
EMP10181,VP_CLOUD_AI,Elena Rostova,Cloud AI & Machine Learning,EMP10022,0,PROD_MGMT,IC2,US_AUSTIN_DENVER,6.3,0,rating_5,None,169600.0,175800.0,0.965,0.15,76000.0,277200.0,286200.0,278900.0,3.2,56,60,0,Clean
EMP10182,VP_CLOUD_AI,Elena Rostova,Cloud AI & Machine Learning,EMP10006,0,SW_ENG,IC3,US_SEATTLE_NYC,1.4,0,rating_2,None,228500.0,253000.0,0.903,0.2,154000.0,437600.0,440300.0,425000.0,0.6,42,43,1,Clean
EMP10183,VP_CLOUD_AI,Elena Rostova,Cloud AI & Machine Learning,EMP10020,0,SW_ENG,IC2,US_BAY_AREA,1.3,0,rating_3,None,199900.0,212700.0,0.94,0.15,92000.0,314200.0,287000.0,277900.0,-8.7,63,52,0,Clean
EMP10184,VP_CLOUD_AI,Elena Rostova,Cloud AI & Machine Learning,EMP10021,0,AI_ML_ENG,IC3,US_AUSTIN_DENVER,1.9,0,rating_3,Tier_2,176100.0,218500.0,0.806,0.2,133000.0,399800.0,310800.0,309200.0,-22.3,74,45,0,Clean
EMP10185,VP_CLOUD_AI,Elena Rostova,Cloud AI & Machine Learning,EMP10018,0,AI_ML_ENG,IC2,US_SEATTLE_NYC,2.2,0,rating_3,Tier_2,171600.0,203500.0,0.843,0.15,88000.0,275400.0,217200.0,214500.0,-21.1,62,35,0,Clean
EMP10186,VP_CLOUD_AI,Elena Rostova,Cloud AI & Machine Learning,EMP10020,0,PROD_MGMT,IC1,US_AUSTIN_DENVER,5.6,0,rating_4,None,130500.0,137800.0,0.947,0.15,42800.0,198000.0,201400.0,199800.0,1.7,32,34,0,Clean
EMP10187,VP_CLOUD_AI,Elena Rostova,Cloud AI & Machine Learning,EMP10039,0,RESEARCH_SCI,IC3,UK_LONDON,3.7,0,rating_5,Tier_1,164000.0,195500.0,0.839,0.2,119000.0,364400.0,358900.0,344300.0,-1.5,99,97,0,Clean
EMP10188,VP_CLOUD_AI,Elena Rostova,Cloud AI & Machine Learning,EMP10026,0,RESEARCH_SCI,IC2,EU_ZURICH_MUNICH,7.6,1,rating_4,Tier_1,162400.0,170200.0,0.954,0.15,73600.0,283900.0,266100.0,267100.0,-6.3,52,44,1,Clean
EMP10189,VP_CLOUD_AI,Elena Rostova,Cloud AI & Machine Learning,EMP10027,0,RESEARCH_SCI,IC2,APAC_SINGAPORE_TOKYO,5.0,0,rating_2,Tier_2,132200.0,148000.0,0.893,0.15,64000.0,235100.0,232200.0,229100.0,-1.2,69,67,0,Clean
EMP10190,VP_CLOUD_AI,Elena Rostova,Cloud AI & Machine Learning,EMP10027,0,SW_ENG,IC2,APAC_SINGAPORE_TOKYO,6.0,0,rating_3,None,144900.0,148000.0,0.979,0.15,64000.0,265400.0,264200.0,255900.0,-0.5,34,33,1,Clean
EMP10191,VP_CLOUD_AI,Elena Rostova,Cloud AI & Machine Learning,EMP10026,0,SW_ENG,IC4,UK_LONDON,3.7,0,rating_3,None,226500.0,242200.0,0.935,0.25,212500.0,565300.0,565000.0,541100.0,-0.1,59,59,0,Clean
EMP10192,VP_CLOUD_AI,Elena Rostova,Cloud AI & Machine Learning,EMP10038,0,RESEARCH_SCI,IC2,US_AUSTIN_DENVER,3.4,0,rating_3,Tier_2,174000.0,175800.0,0.99,0.15,76000.0,271500.0,272800.0,264000.0,0.5,52,53,0,Clean
EMP10193,VP_CLOUD_AI,Elena Rostova,Cloud AI & Machine Learning,EMP10034,0,PROD_MGMT,IC2,US_BAY_AREA,6.0,0,rating_3,None,172300.0,212700.0,0.81,0.15,92000.0,298500.0,276100.0,278300.0,-7.5,66,56,0,Clean
EMP10194,VP_CLOUD_AI,Elena Rostova,Cloud AI & Machine Learning,EMP10011,0,RESEARCH_SCI,IC3,EU_ZURICH_MUNICH,4.2,0,rating_3,Tier_2,196600.0,211600.0,0.929,0.2,128800.0,371100.0,346600.0,343600.0,-6.6,65,56,1,Clean
EMP10195,VP_CLOUD_AI,Elena Rostova,Cloud AI & Machine Learning,EMP10040,0,PROD_MGMT,IC3,EU_ZURICH_MUNICH,7.3,0,rating_3,None,191300.0,211600.0,0.904,0.2,128800.0,397900.0,403300.0,397700.0,1.4,53,55,0,Clean
EMP10196,VP_CLOUD_AI,Elena Rostova,Cloud AI & Machine Learning,EMP10024,0,PROD_MGMT,IC1,US_BAY_AREA,3.5,0,rating_3,None,150000.0,166800.0,0.899,0.15,51700.0,224200.0,221800.0,218900.0,-1.1,99,98,0,Clean
EMP10197,VP_CLOUD_AI,Elena Rostova,Cloud AI & Machine Learning,EMP10040,0,SW_ENG,IC1,EU_ZURICH_MUNICH,3.8,0,rating_3,None,109700.0,133400.0,0.822,0.15,41400.0,167100.0,160200.0,152400.0,-4.1,33,28,0,Clean
EMP10198,VP_CLOUD_AI,Elena Rostova,Cloud AI & Machine Learning,EMP10037,0,RESEARCH_SCI,IC2,UK_LONDON,4.3,0,rating_3,Tier_2,131900.0,157200.0,0.839,0.15,68000.0,241900.0,224500.0,216700.0,-7.2,24,15,1,Clean
EMP10199,VP_CLOUD_AI,Elena Rostova,Cloud AI & Machine Learning,EMP10023,0,PROD_MGMT,IC4,US_SEATTLE_NYC,4.3,0,rating_3,None,292500.0,313500.0,0.933,0.25,275000.0,629200.0,612800.0,610800.0,-2.6,74,71,0,Clean
EMP10200,VP_CLOUD_AI,Elena Rostova,Cloud AI & Machine Learning,EMP10037,0,RESEARCH_SCI,IC1,US_AUSTIN_DENVER,5.4,0,rating_3,Tier_2,132200.0,137800.0,0.959,0.15,42800.0,203000.0,197800.0,194000.0,-2.6,55,52,0,Clean
EMP10201,VP_CLOUD_AI,Elena Rostova,Cloud AI & Machine Learning,EMP10035,0,SW_ENG,IC3,EU_ZURICH_MUNICH,6.9,0,rating_3,None,194500.0,211600.0,0.919,0.2,128800.0,421700.0,389400.0,391900.0,-7.7,46,36,0,Clean
EMP10202,VP_CLOUD_AI,Elena Rostova,Cloud AI & Machine Learning,EMP10003,0,SW_ENG,IC2,US_BAY_AREA,6.5,0,rating_4,None,161700.0,212700.0,0.76,0.15,92000.0,286400.0,282500.0,273500.0,-1.4,81,79,0,Clean
EMP10203,VP_CLOUD_AI,Elena Rostova,Cloud AI & Machine Learning,EMP10011,0,RESEARCH_SCI,IC2,US_SEATTLE_NYC,8.6,0,rating_3,Tier_2,191500.0,203500.0,0.941,0.15,88000.0,294900.0,279600.0,275600.0,-5.2,23,16,0,Clean
EMP10204,VP_CLOUD_AI,Elena Rostova,Cloud AI & Machine Learning,EMP10007,0,PROD_MGMT,IC1,US_BAY_AREA,7.0,0,rating_2,None,175100.0,166800.0,1.05,0.15,51700.0,245300.0,245900.0,247400.0,0.2,50,50,0,Clean
EMP10205,VP_CLOUD_AI,Elena Rostova,Cloud AI & Machine Learning,EMP10032,0,SW_ENG,IC1,APAC_SINGAPORE_TOKYO,8.5,0,rating_3,None,97900.0,116000.0,0.844,0.15,36000.0,152900.0,149400.0,143800.0,-2.3,66,63,0,Clean
EMP10206,VP_CLOUD_AI,Elena Rostova,Cloud AI & Machine Learning,EMP10032,0,AI_ML_ENG,IC1,APAC_SINGAPORE_TOKYO,7.5,0,rating_3,Tier_2,123700.0,116000.0,1.066,0.15,36000.0,199700.0,192100.0,195500.0,-3.8,87,82,0,Clean
EMP10207,VP_CLOUD_AI,Elena Rostova,Cloud AI & Machine Learning,EMP10021,0,SW_ENG,IC3,EU_ZURICH_MUNICH,7.2,0,rating_3,None,175600.0,211600.0,0.83,0.2,128800.0,377500.0,345900.0,327900.0,-8.4,37,26,0,Clean
EMP10208,VP_CLOUD_AI,Elena Rostova,Cloud AI & Machine Learning,EMP10008,0,RESEARCH_SCI,IC3,UK_LONDON,8.0,0,rating_3,Tier_2,148600.0,195500.0,0.76,0.2,119000.0,361000.0,342700.0,346100.0,-5.1,72,65,0,Clean
EMP10209,VP_CLOUD_AI,Elena Rostova,Cloud AI & Machine Learning,EMP10024,0,SW_ENG,IC1,APAC_SINGAPORE_TOKYO,6.5,0,rating_3,None,109600.0,116000.0,0.945,0.15,36000.0,180000.0,169300.0,168000.0,-5.9,44,36,1,Clean
EMP10210,VP_CLOUD_AI,Elena Rostova,Cloud AI & Machine Learning,EMP10031,0,RESEARCH_SCI,IC1,EU_ZURICH_MUNICH,3.8,0,rating_3,Tier_2,120900.0,133400.0,0.906,0.15,41400.0,199500.0,185000.0,174900.0,-7.3,49,40,0,Clean
EMP10211,VP_CLOUD_AI,Elena Rostova,Cloud AI & Machine Learning,EMP10007,0,SW_ENG,IC1,US_AUSTIN_DENVER,0.6,0,rating_4,None,136300.0,137800.0,0.989,0.15,42800.0,217300.0,201800.0,198300.0,-7.1,83,74,0,Clean
EMP10212,VP_CLOUD_AI,Elena Rostova,Cloud AI & Machine Learning,EMP10029,0,RESEARCH_SCI,IC2,APAC_SINGAPORE_TOKYO,6.7,0,rating_3,Tier_2,134400.0,148000.0,0.908,0.15,64000.0,231300.0,214700.0,203900.0,-7.2,1,1,0,Clean
EMP10213,VP_CLOUD_AI,Elena Rostova,Cloud AI & Machine Learning,EMP10028,0,RESEARCH_SCI,IC1,US_SEATTLE_NYC,6.1,0,rating_3,Tier_2,144300.0,159500.0,0.905,0.15,49500.0,217800.0,217700.0,219400.0,-0.0,62,62,0,Clean
EMP10214,VP_CLOUD_AI,Elena Rostova,Cloud AI & Machine Learning,EMP10034,0,RESEARCH_SCI,IC2,APAC_SINGAPORE_TOKYO,1.1,0,rating_4,Tier_1,123100.0,148000.0,0.832,0.15,64000.0,219200.0,206300.0,204500.0,-5.9,74,66,0,Clean
EMP10215,VP_CLOUD_AI,Elena Rostova,Cloud AI & Machine Learning,EMP10001,0,SW_ENG,IC4,US_SEATTLE_NYC,1.1,0,rating_3,None,253600.0,313500.0,0.809,0.25,275000.0,551100.0,535200.0,545400.0,-2.9,82,78,0,Clean
EMP10216,VP_CLOUD_AI,Elena Rostova,Cloud AI & Machine Learning,EMP10001,0,AI_ML_ENG,IC1,US_BAY_AREA,5.1,0,rating_3,Tier_2,163000.0,166800.0,0.977,0.15,51700.0,242900.0,233700.0,231700.0,-3.8,44,39,0,Clean
EMP10217,VP_CLOUD_AI,Elena Rostova,Cloud AI & Machine Learning,EMP10006,0,RESEARCH_SCI,IC1,US_SEATTLE_NYC,7.7,0,rating_3,Tier_2,134300.0,159500.0,0.842,0.15,49500.0,208000.0,165700.0,165400.0,-20.3,47,21,1,Clean
EMP10218,VP_CLOUD_AI,Elena Rostova,Cloud AI & Machine Learning,EMP10006,0,AI_ML_ENG,IC3,UK_LONDON,4.7,0,rating_3,Tier_2,174400.0,195500.0,0.892,0.2,119000.0,340600.0,250400.0,235600.0,-26.5,47,13,0,Clean
EMP10219,VP_CLOUD_AI,Elena Rostova,Cloud AI & Machine Learning,EMP10034,0,SW_ENG,IC3,US_SEATTLE_NYC,4.1,0,rating_4,None,209700.0,253000.0,0.829,0.2,154000.0,378900.0,389100.0,376200.0,2.7,81,85,0,Clean
EMP10220,VP_CLOUD_AI,Elena Rostova,Cloud AI & Machine Learning,EMP10017,0,AI_ML_ENG,IC2,UK_LONDON,6.6,0,rating_3,Tier_2,133000.0,157200.0,0.846,0.15,68000.0,235700.0,172400.0,170000.0,-26.9,58,23,0,Clean
EMP10221,VP_CLOUD_AI,Elena Rostova,Cloud AI & Machine Learning,EMP10033,0,AI_ML_ENG,IC1,US_SEATTLE_NYC,6.1,0,rating_4,Tier_1,155400.0,159500.0,0.974,0.15,49500.0,238600.0,192900.0,192300.0,-19.2,59,34,0,Clean
EMP10222,VP_CLOUD_AI,Elena Rostova,Cloud AI & Machine Learning,EMP10016,0,SW_ENG,IC2,US_AUSTIN_DENVER,0.9,0,rating_2,None,167400.0,175800.0,0.952,0.15,76000.0,262600.0,246600.0,242000.0,-6.1,24,16,0,Clean
EMP10223,VP_CLOUD_AI,Elena Rostova,Cloud AI & Machine Learning,EMP10030,0,SW_ENG,IC3,US_AUSTIN_DENVER,3.6,0,rating_3,None,213300.0,218500.0,0.976,0.2,133000.0,429900.0,432500.0,414900.0,0.6,66,67,0,Clean
EMP10224,VP_CLOUD_AI,Elena Rostova,Cloud AI & Machine Learning,EMP10013,0,RESEARCH_SCI,IC3,US_SEATTLE_NYC,6.1,0,rating_3,Tier_2,248400.0,253000.0,0.982,0.2,154000.0,475900.0,491900.0,462400.0,3.4,53,57,0,Clean
EMP10225,VP_CLOUD_AI,Elena Rostova,Cloud AI & Machine Learning,EMP10020,0,RESEARCH_SCI,IC1,UK_LONDON,6.5,0,rating_5,Tier_1,109000.0,123200.0,0.885,0.15,38200.0,165700.0,170100.0,167000.0,2.7,52,56,0,Clean
EMP10226,VP_CLOUD_AI,Elena Rostova,Cloud AI & Machine Learning,EMP10006,0,RESEARCH_SCI,IC2,APAC_SINGAPORE_TOKYO,7.3,0,rating_3,Tier_2,136500.0,148000.0,0.922,0.15,64000.0,263600.0,197400.0,190500.0,-25.1,43,10,0,Clean
EMP10227,VP_CLOUD_AI,Elena Rostova,Cloud AI & Machine Learning,EMP10021,0,SW_ENG,IC1,US_SEATTLE_NYC,4.0,0,rating_4,None,151800.0,159500.0,0.952,0.15,49500.0,216300.0,201500.0,196900.0,-6.8,59,50,0,Clean
EMP10228,VP_CLOUD_AI,Elena Rostova,Cloud AI & Machine Learning,EMP10014,0,PROD_MGMT,IC2,US_AUSTIN_DENVER,7.8,0,rating_4,None,163100.0,175800.0,0.928,0.15,76000.0,283800.0,280500.0,268500.0,-1.2,44,42,0,Clean
EMP10229,VP_CLOUD_AI,Elena Rostova,Cloud AI & Machine Learning,EMP10016,0,PROD_MGMT,IC4,EU_ZURICH_MUNICH,5.2,0,rating_4,None,253300.0,262200.0,0.966,0.25,230000.0,648100.0,661800.0,651500.0,2.1,58,61,0,Clean
EMP10230,VP_CLOUD_AI,Elena Rostova,Cloud AI & Machine Learning,EMP10007,0,RESEARCH_SCI,IC3,US_BAY_AREA,5.4,0,rating_5,Tier_1,275300.0,264500.0,1.041,0.2,161000.0,507100.0,400300.0,396900.0,-21.1,55,28,0,Clean
EMP10231,VP_CLOUD_AI,Elena Rostova,Cloud AI & Machine Learning,EMP10005,0,AI_ML_ENG,IC1,US_SEATTLE_NYC,1.9,0,rating_2,Tier_2,155000.0,159500.0,0.972,0.15,49500.0,235100.0,170400.0,166500.0,-27.5,37,1,0,Clean
EMP10232,VP_CLOUD_AI,Elena Rostova,Cloud AI & Machine Learning,EMP10026,0,PROD_MGMT,IC2,APAC_SINGAPORE_TOKYO,5.7,0,rating_4,None,125900.0,148000.0,0.851,0.15,64000.0,230600.0,214300.0,212000.0,-7.1,62,53,0,Clean
EMP10233,VP_CLOUD_AI,Elena Rostova,Cloud AI & Machine Learning,EMP10032,0,PROD_MGMT,IC2,US_BAY_AREA,5.1,0,rating_3,None,206100.0,212700.0,0.969,0.15,92000.0,336900.0,317500.0,323700.0,-5.8,64,56,1,Clean
EMP10234,VP_CLOUD_AI,Elena Rostova,Cloud AI & Machine Learning,EMP10025,0,SW_ENG,IC3,UK_LONDON,2.4,0,rating_4,None,162900.0,195500.0,0.833,0.2,119000.0,341700.0,318900.0,307900.0,-6.7,44,35,0,Clean
EMP10235,VP_CLOUD_AI,Elena Rostova,Cloud AI & Machine Learning,EMP10018,0,PROD_MGMT,IC1,EU_ZURICH_MUNICH,7.2,0,rating_3,None,113700.0,133400.0,0.852,0.15,41400.0,174600.0,164400.0,161600.0,-5.8,77,69,0,Clean
EMP10236,VP_CLOUD_AI,Elena Rostova,Cloud AI & Machine Learning,EMP10015,0,PROD_MGMT,IC2,US_AUSTIN_DENVER,5.5,0,rating_2,None,193400.0,175800.0,1.1,0.15,76000.0,303100.0,304900.0,295400.0,0.6,23,24,0,Clean
EMP10237,VP_CLOUD_AI,Elena Rostova,Cloud AI & Machine Learning,EMP10023,0,RESEARCH_SCI,IC3,EU_ZURICH_MUNICH,5.6,0,rating_4,Tier_1,219200.0,211600.0,1.036,0.2,128800.0,419900.0,304100.0,287200.0,-27.6,37,1,1,Clean
EMP10238,VP_CLOUD_AI,Elena Rostova,Cloud AI & Machine Learning,EMP10031,0,RESEARCH_SCI,IC1,US_SEATTLE_NYC,1.4,0,rating_4,Tier_1,141300.0,159500.0,0.886,0.15,49500.0,202100.0,161200.0,153400.0,-20.2,65,39,0,Clean
EMP10239,VP_CLOUD_AI,Elena Rostova,Cloud AI & Machine Learning,EMP10024,0,SW_ENG,IC4,APAC_SINGAPORE_TOKYO,7.2,0,rating_2,None,222500.0,228000.0,0.976,0.25,200000.0,507700.0,472400.0,479900.0,-7.0,43,34,0,Clean
EMP10240,VP_CLOUD_AI,Elena Rostova,Cloud AI & Machine Learning,EMP10021,0,SW_ENG,IC1,US_SEATTLE_NYC,6.5,0,rating_3,None,134800.0,159500.0,0.845,0.15,49500.0,199900.0,186500.0,175300.0,-6.7,14,5,0,Clean
EMP10241,VP_CLOUD_AI,Elena Rostova,Cloud AI & Machine Learning,EMP10037,0,SW_ENG,IC1,EU_ZURICH_MUNICH,1.9,0,rating_4,None,123500.0,133400.0,0.926,0.15,41400.0,197000.0,185400.0,188800.0,-5.9,82,74,0,Clean
EMP10242,VP_CLOUD_AI,Elena Rostova,Cloud AI & Machine Learning,EMP10006,0,SW_ENG,IC3,UK_LONDON,4.2,0,rating_3,None,187300.0,195500.0,0.958,0.2,119000.0,398900.0,400400.0,377900.0,0.4,53,54,0,Clean
EMP10243,VP_CLOUD_AI,Elena Rostova,Cloud AI & Machine Learning,EMP10011,0,PROD_MGMT,IC3,UK_LONDON,4.3,0,rating_4,None,170100.0,195500.0,0.87,0.2,119000.0,363600.0,366700.0,351300.0,0.9,71,72,0,Clean
EMP10244,VP_CLOUD_AI,Elena Rostova,Cloud AI & Machine Learning,EMP10003,0,SW_ENG,IC1,US_AUSTIN_DENVER,1.3,0,rating_2,None,129000.0,137800.0,0.936,0.15,42800.0,203100.0,199300.0,201700.0,-1.9,49,47,0,Clean
EMP10245,VP_CLOUD_AI,Elena Rostova,Cloud AI & Machine Learning,EMP10040,0,AI_ML_ENG,IC3,UK_LONDON,6.6,0,rating_4,Tier_1,185500.0,195500.0,0.949,0.2,119000.0,348700.0,258400.0,257300.0,-25.9,47,13,0,Clean
EMP10246,VP_CLOUD_AI,Elena Rostova,Cloud AI & Machine Learning,EMP10017,0,SW_ENG,IC2,US_SEATTLE_NYC,7.5,0,rating_3,None,197000.0,203500.0,0.968,0.15,88000.0,296800.0,270200.0,255900.0,-9.0,66,54,0,Clean
EMP10247,VP_CLOUD_AI,Elena Rostova,Cloud AI & Machine Learning,EMP10031,0,AI_ML_ENG,IC1,US_SEATTLE_NYC,1.3,0,rating_2,Tier_2,149600.0,159500.0,0.938,0.15,49500.0,217200.0,211500.0,210000.0,-2.6,70,67,0,Clean
EMP10248,VP_CLOUD_AI,Elena Rostova,Cloud AI & Machine Learning,EMP10012,0,PROD_MGMT,IC2,US_AUSTIN_DENVER,6.4,0,rating_3,None,161400.0,175800.0,0.918,0.15,76000.0,287100.0,282300.0,268800.0,-1.7,59,57,0,Clean
EMP10249,VP_CLOUD_AI,Elena Rostova,Cloud AI & Machine Learning,EMP10023,0,PROD_MGMT,IC3,EU_ZURICH_MUNICH,5.4,0,rating_3,None,193200.0,211600.0,0.913,0.2,128800.0,418400.0,418100.0,424300.0,-0.1,60,60,0,Clean
EMP10250,VP_CLOUD_AI,Elena Rostova,Cloud AI & Machine Learning,EMP10020,0,AI_ML_ENG,IC1,EU_ZURICH_MUNICH,1.9,0,rating_3,Tier_2,111300.0,133400.0,0.834,0.15,41400.0,169600.0,164200.0,166800.0,-3.2,39,35,0,Clean
EMP10251,VP_CLOUD_AI,Elena Rostova,Cloud AI & Machine Learning,EMP10013,0,PROD_MGMT,IC1,US_BAY_AREA,8.3,0,rating_5,None,164300.0,166800.0,0.985,0.15,51700.0,245900.0,232000.0,235000.0,-5.7,50,43,1,Clean
EMP10252,VP_CLOUD_AI,Elena Rostova,Cloud AI & Machine Learning,EMP10025,0,SW_ENG,IC2,US_AUSTIN_DENVER,1.8,0,rating_1,None,133600.0,175800.0,0.76,0.15,76000.0,245100.0,247900.0,235300.0,1.1,45,46,0,Clean
EMP10253,VP_CLOUD_AI,Elena Rostova,Cloud AI & Machine Learning,EMP10038,0,AI_ML_ENG,IC3,US_BAY_AREA,5.7,0,rating_3,Tier_2,232800.0,264500.0,0.88,0.2,161000.0,422500.0,405500.0,396900.0,-4.0,48,43,1,Clean
EMP10254,VP_CLOUD_AI,Elena Rostova,Cloud AI & Machine Learning,EMP10018,0,PROD_MGMT,IC2,US_BAY_AREA,3.4,1,rating_3,None,169300.0,212700.0,0.796,0.15,92000.0,281700.0,266200.0,258200.0,-5.5,82,75,0,Stale pre-promotion band mapping suspected
EMP10255,VP_CLOUD_AI,Elena Rostova,Cloud AI & Machine Learning,EMP10020,0,PROD_MGMT,IC1,APAC_SINGAPORE_TOKYO,6.7,0,rating_3,None,96900.0,116000.0,0.835,0.15,36000.0,166400.0,168200.0,162400.0,1.1,1,2,0,Clean
EMP10256,VP_CLOUD_AI,Elena Rostova,Cloud AI & Machine Learning,EMP10006,0,RESEARCH_SCI,IC1,UK_LONDON,1.7,0,rating_4,Tier_1,111200.0,123200.0,0.903,0.15,38200.0,177700.0,134000.0,131400.0,-24.6,12,1,0,Clean
EMP10257,VP_CLOUD_AI,Elena Rostova,Cloud AI & Machine Learning,EMP10037,0,RESEARCH_SCI,IC1,US_SEATTLE_NYC,5.9,0,rating_3,Tier_2,149600.0,159500.0,0.938,0.15,49500.0,226100.0,183300.0,179700.0,-18.9,36,11,0,Clean
EMP10258,VP_CLOUD_AI,Elena Rostova,Cloud AI & Machine Learning,EMP10002,0,PROD_MGMT,IC1,EU_ZURICH_MUNICH,7.6,0,rating_3,None,101400.0,133400.0,0.76,0.15,41400.0,162600.0,165700.0,159200.0,1.9,72,74,0,Clean
EMP10259,VP_CLOUD_AI,Elena Rostova,Cloud AI & Machine Learning,EMP10002,0,RESEARCH_SCI,IC2,EU_ZURICH_MUNICH,8.7,0,rating_3,Tier_2,156400.0,170200.0,0.919,0.15,73600.0,256200.0,250200.0,252500.0,-2.3,36,33,0,Clean
EMP10260,VP_CLOUD_AI,Elena Rostova,Cloud AI & Machine Learning,EMP10031,0,RESEARCH_SCI,IC3,EU_ZURICH_MUNICH,7.7,0,rating_3,Tier_2,195900.0,211600.0,0.926,0.2,128800.0,404000.0,382100.0,386500.0,-5.4,36,29,0,Clean
EMP10261,VP_CLOUD_AI,Elena Rostova,Cloud AI & Machine Learning,EMP10014,0,PROD_MGMT,IC2,EU_ZURICH_MUNICH,3.0,0,rating_3,None,166300.0,170200.0,0.977,0.15,73600.0,274200.0,272600.0,269500.0,-0.6,69,68,0,Clean
EMP10262,VP_CLOUD_AI,Elena Rostova,Cloud AI & Machine Learning,EMP10005,0,SW_ENG,IC1,APAC_SINGAPORE_TOKYO,2.5,0,rating_3,None,102500.0,116000.0,0.884,0.15,36000.0,170800.0,159600.0,156600.0,-6.6,69,60,1,Clean
EMP10263,VP_CLOUD_AI,Elena Rostova,Cloud AI & Machine Learning,EMP10039,0,SW_ENG,IC2,APAC_SINGAPORE_TOKYO,5.5,0,rating_3,None,136200.0,148000.0,0.92,0.15,64000.0,260900.0,251100.0,250800.0,-3.8,56,51,0,Clean
EMP10264,VP_CLOUD_AI,Elena Rostova,Cloud AI & Machine Learning,EMP10013,0,RESEARCH_SCI,IC1,APAC_SINGAPORE_TOKYO,2.0,0,rating_4,Tier_1,91600.0,116000.0,0.79,0.15,36000.0,155000.0,158000.0,159600.0,1.9,43,45,0,Clean
EMP10265,VP_CLOUD_AI,Elena Rostova,Cloud AI & Machine Learning,EMP10009,0,RESEARCH_SCI,IC3,APAC_SINGAPORE_TOKYO,5.5,0,rating_3,Tier_2,182500.0,184000.0,0.992,0.2,112000.0,399000.0,409100.0,396700.0,2.5,31,34,0,Clean
EMP10266,VP_CLOUD_AI,Elena Rostova,Cloud AI & Machine Learning,EMP10008,0,AI_ML_ENG,IC2,UK_LONDON,2.2,0,rating_4,Tier_1,153000.0,157200.0,0.973,0.15,68000.0,255900.0,208300.0,198100.0,-18.6,34,10,0,Clean
EMP10267,VP_CLOUD_AI,Elena Rostova,Cloud AI & Machine Learning,EMP10037,0,PROD_MGMT,IC3,US_SEATTLE_NYC,0.5,0,rating_4,None,218800.0,253000.0,0.865,0.2,154000.0,425800.0,397300.0,393600.0,-6.7,87,78,0,Clean
EMP10268,VP_CLOUD_AI,Elena Rostova,Cloud AI & Machine Learning,EMP10011,0,RESEARCH_SCI,IC2,UK_LONDON,5.0,0,rating_2,Tier_2,147300.0,157200.0,0.937,0.15,68000.0,254600.0,247500.0,232700.0,-2.8,11,7,0,Clean
EMP10269,VP_CLOUD_AI,Elena Rostova,Cloud AI & Machine Learning,EMP10001,0,RESEARCH_SCI,IC3,US_BAY_AREA,1.9,0,rating_3,Tier_2,229100.0,264500.0,0.866,0.2,161000.0,418000.0,318600.0,314500.0,-23.8,22,1,0,Clean
EMP10270,VP_CLOUD_AI,Elena Rostova,Cloud AI & Machine Learning,EMP10020,0,PROD_MGMT,IC3,APAC_SINGAPORE_TOKYO,6.9,0,rating_3,None,151800.0,184000.0,0.825,0.2,112000.0,310600.0,322900.0,316200.0,4.0,48,53,0,Clean
EMP10271,VP_CLOUD_AI,Elena Rostova,Cloud AI & Machine Learning,EMP10026,0,RESEARCH_SCI,IC1,APAC_SINGAPORE_TOKYO,5.9,0,rating_1,Tier_2,111100.0,116000.0,0.958,0.15,36000.0,168800.0,171000.0,165900.0,1.3,50,52,0,Clean
EMP10272,VP_CLOUD_AI,Elena Rostova,Cloud AI & Machine Learning,EMP10040,0,AI_ML_ENG,IC1,APAC_SINGAPORE_TOKYO,2.2,0,rating_2,Tier_2,117600.0,116000.0,1.014,0.15,36000.0,183400.0,137100.0,136600.0,-25.2,81,48,0,Clean
EMP10273,VP_CLOUD_AI,Elena Rostova,Cloud AI & Machine Learning,EMP10001,0,AI_ML_ENG,IC1,APAC_SINGAPORE_TOKYO,7.2,0,rating_3,Tier_2,94300.0,116000.0,0.813,0.15,36000.0,166900.0,165300.0,159100.0,-1.0,48,47,0,Clean
EMP10274,VP_CLOUD_AI,Elena Rostova,Cloud AI & Machine Learning,EMP10039,0,SW_ENG,IC1,EU_ZURICH_MUNICH,4.6,0,rating_3,None,130100.0,133400.0,0.975,0.15,41400.0,200200.0,205900.0,204900.0,2.8,48,52,0,Clean
EMP10275,VP_CLOUD_AI,Elena Rostova,Cloud AI & Machine Learning,EMP10001,0,AI_ML_ENG,IC2,EU_ZURICH_MUNICH,8.9,0,rating_2,Tier_2,151600.0,170200.0,0.891,0.15,73600.0,271200.0,202900.0,194500.0,-25.2,40,7,0,Clean
EMP10276,VP_CLOUD_AI,Elena Rostova,Cloud AI & Machine Learning,EMP10030,0,RESEARCH_SCI,IC1,US_BAY_AREA,1.7,0,rating_3,Tier_2,158500.0,166800.0,0.95,0.15,51700.0,223200.0,228900.0,215300.0,2.6,34,37,0,Clean
EMP10277,VP_CLOUD_AI,Elena Rostova,Cloud AI & Machine Learning,EMP10022,0,PROD_MGMT,IC2,EU_ZURICH_MUNICH,7.6,0,rating_3,None,152700.0,170200.0,0.897,0.15,73600.0,248200.0,238800.0,233200.0,-3.8,91,86,0,Clean
EMP10278,VP_CLOUD_AI,Elena Rostova,Cloud AI & Machine Learning,EMP10031,0,RESEARCH_SCI,IC3,US_BAY_AREA,4.2,0,rating_5,Tier_1,260800.0,264500.0,0.986,0.2,161000.0,439300.0,427300.0,421100.0,-2.7,81,77,0,Clean
EMP10279,VP_CLOUD_AI,Elena Rostova,Cloud AI & Machine Learning,EMP10023,0,RESEARCH_SCI,IC2,UK_LONDON,7.0,1,rating_3,Tier_2,147800.0,157200.0,0.94,0.15,68000.0,248500.0,198200.0,197100.0,-20.2,46,20,0,Clean
EMP10280,VP_CLOUD_AI,Elena Rostova,Cloud AI & Machine Learning,EMP10037,0,SW_ENG,IC1,EU_ZURICH_MUNICH,3.8,0,rating_2,None,107000.0,133400.0,0.802,0.15,41400.0,166800.0,159300.0,158400.0,-4.5,47,41,0,Clean
EMP10281,VP_CLOUD_AI,Elena Rostova,Cloud AI & Machine Learning,EMP10036,0,AI_ML_ENG,IC3,US_BAY_AREA,8.7,0,rating_4,Tier_1,234100.0,264500.0,0.885,0.2,161000.0,460800.0,356700.0,342200.0,-22.6,41,12,1,Clean
EMP10282,VP_CLOUD_AI,Elena Rostova,Cloud AI & Machine Learning,EMP10015,0,PROD_MGMT,IC2,UK_LONDON,8.8,0,rating_3,None,144900.0,157200.0,0.922,0.15,68000.0,238100.0,232100.0,224000.0,-2.5,43,40,0,Clean
EMP10283,VP_CLOUD_AI,Elena Rostova,Cloud AI & Machine Learning,EMP10002,0,PROD_MGMT,IC1,US_BAY_AREA,2.3,0,rating_2,None,151600.0,166800.0,0.909,0.15,51700.0,226500.0,215100.0,210900.0,-5.0,52,46,0,Clean
EMP10284,VP_CLOUD_AI,Elena Rostova,Cloud AI & Machine Learning,EMP10022,0,AI_ML_ENG,IC2,US_SEATTLE_NYC,6.1,0,rating_4,Tier_1,192300.0,203500.0,0.945,0.15,88000.0,317800.0,244600.0,231800.0,-23.0,34,4,1,Clean
EMP10285,VP_CLOUD_AI,Elena Rostova,Cloud AI & Machine Learning,EMP10023,0,SW_ENG,IC3,EU_ZURICH_MUNICH,1.4,0,rating_2,None,169700.0,211600.0,0.802,0.2,128800.0,332400.0,333500.0,332700.0,0.3,47,47,0,Clean
EMP10286,VP_CLOUD_AI,Elena Rostova,Cloud AI & Machine Learning,EMP10013,0,PROD_MGMT,IC1,US_SEATTLE_NYC,5.5,0,rating_3,None,126300.0,159500.0,0.792,0.15,49500.0,192800.0,198700.0,200100.0,3.1,63,67,0,Clean
EMP10287,VP_CLOUD_AI,Elena Rostova,Cloud AI & Machine Learning,EMP10029,0,RESEARCH_SCI,IC2,UK_LONDON,6.4,0,rating_3,Tier_2,161000.0,157200.0,1.024,0.15,68000.0,276600.0,279800.0,283400.0,1.2,53,55,0,Clean
EMP10288,VP_CLOUD_AI,Elena Rostova,Cloud AI & Machine Learning,EMP10009,0,SW_ENG,IC1,EU_ZURICH_MUNICH,3.0,0,rating_3,None,128600.0,133400.0,0.964,0.15,41400.0,191700.0,184400.0,178400.0,-3.8,35,30,0,Clean
EMP10289,VP_CLOUD_AI,Elena Rostova,Cloud AI & Machine Learning,EMP10009,0,SW_ENG,IC2,APAC_SINGAPORE_TOKYO,6.3,0,rating_3,None,126100.0,148000.0,0.852,0.15,64000.0,221700.0,207800.0,207200.0,-6.3,46,38,0,Clean
EMP10290,VP_CLOUD_AI,Elena Rostova,Cloud AI & Machine Learning,EMP10009,0,RESEARCH_SCI,IC4,EU_ZURICH_MUNICH,6.2,0,rating_3,Tier_2,213400.0,262200.0,0.814,0.25,230000.0,549600.0,567500.0,565700.0,3.3,43,47,0,Clean
EMP10291,VP_CLOUD_AI,Elena Rostova,Cloud AI & Machine Learning,EMP10035,0,PROD_MGMT,IC1,US_BAY_AREA,2.9,0,rating_2,None,149100.0,166800.0,0.894,0.15,51700.0,214200.0,215800.0,205600.0,0.7,51,52,0,Clean
EMP10292,VP_CLOUD_AI,Elena Rostova,Cloud AI & Machine Learning,EMP10004,0,SW_ENG,IC2,US_SEATTLE_NYC,6.8,0,rating_4,None,185200.0,203500.0,0.91,0.15,88000.0,315700.0,317600.0,320500.0,0.6,46,47,0,Clean
EMP10293,VP_CLOUD_AI,Elena Rostova,Cloud AI & Machine Learning,EMP10016,0,SW_ENG,IC2,APAC_SINGAPORE_TOKYO,0.6,0,rating_3,None,122500.0,148000.0,0.828,0.15,64000.0,247900.0,235700.0,232000.0,-4.9,5,1,0,Clean
EMP10294,VP_CLOUD_AI,Elena Rostova,Cloud AI & Machine Learning,EMP10040,0,PROD_MGMT,IC3,US_SEATTLE_NYC,8.7,0,rating_3,None,253800.0,253000.0,1.003,0.2,154000.0,461900.0,456600.0,457600.0,-1.1,32,31,0,Clean
EMP10295,VP_CLOUD_AI,Elena Rostova,Cloud AI & Machine Learning,EMP10012,0,AI_ML_ENG,IC4,US_SEATTLE_NYC,0.5,1,rating_2,Tier_2,320100.0,313500.0,1.021,0.25,275000.0,647500.0,477700.0,481400.0,-26.2,43,9,0,Clean
EMP10296,VP_CLOUD_AI,Elena Rostova,Cloud AI & Machine Learning,EMP10010,0,SW_ENG,IC1,EU_ZURICH_MUNICH,7.2,0,rating_3,None,141900.0,133400.0,1.064,0.15,41400.0,212500.0,209200.0,202600.0,-1.6,69,67,0,Clean
EMP10297,VP_CLOUD_AI,Elena Rostova,Cloud AI & Machine Learning,EMP10015,0,AI_ML_ENG,IC4,EU_ZURICH_MUNICH,8.6,0,rating_3,Tier_2,250900.0,262200.0,0.957,0.25,230000.0,636500.0,606600.0,584500.0,-4.7,77,71,0,Clean
EMP10298,VP_CLOUD_AI,Elena Rostova,Cloud AI & Machine Learning,EMP10031,0,AI_ML_ENG,IC4,US_BAY_AREA,8.3,0,rating_4,Tier_1,286200.0,327800.0,0.873,0.25,287500.0,647900.0,647100.0,624900.0,-0.1,29,29,0,Clean
EMP10299,VP_CLOUD_AI,Elena Rostova,Cloud AI & Machine Learning,EMP10025,0,SW_ENG,IC1,US_BAY_AREA,2.1,0,rating_3,None,170100.0,166800.0,1.02,0.15,51700.0,243900.0,223300.0,225900.0,-8.4,28,17,0,Clean
EMP10300,VP_CLOUD_AI,Elena Rostova,Cloud AI & Machine Learning,EMP10007,0,AI_ML_ENG,IC1,APAC_SINGAPORE_TOKYO,8.8,0,rating_4,Tier_1,116700.0,116000.0,1.006,0.15,36000.0,182000.0,141800.0,141300.0,-22.1,66,37,0,Clean
EMP10301,VP_CLOUD_AI,Elena Rostova,Cloud AI & Machine Learning,EMP10005,0,RESEARCH_SCI,IC3,US_BAY_AREA,2.7,1,rating_2,Tier_2,224600.0,264500.0,0.849,0.2,161000.0,444100.0,437300.0,419000.0,-1.5,57,55,0,Clean
EMP10302,VP_CLOUD_AI,Elena Rostova,Cloud AI & Machine Learning,EMP10026,0,AI_ML_ENG,IC2,UK_LONDON,8.4,0,rating_3,Tier_2,136800.0,157200.0,0.87,0.15,68000.0,255500.0,255800.0,241900.0,0.1,26,26,0,Clean
EMP10303,VP_CLOUD_AI,Elena Rostova,Cloud AI & Machine Learning,EMP10020,0,SW_ENG,IC2,UK_LONDON,7.7,0,rating_1,None,128000.0,157200.0,0.814,0.15,68000.0,224000.0,225600.0,226400.0,0.7,82,83,0,Clean
EMP10304,VP_CLOUD_AI,Elena Rostova,Cloud AI & Machine Learning,EMP10010,0,SW_ENG,IC1,US_BAY_AREA,3.1,1,rating_2,None,137800.0,166800.0,0.826,0.15,51700.0,210200.0,206000.0,209200.0,-2.0,42,39,0,Stale pre-promotion band mapping suspected
EMP10305,VP_CLOUD_AI,Elena Rostova,Cloud AI & Machine Learning,EMP10023,0,RESEARCH_SCI,IC1,US_SEATTLE_NYC,8.9,0,rating_3,Tier_2,151400.0,159500.0,0.949,0.15,49500.0,227400.0,208500.0,208500.0,-8.3,82,71,0,Clean
EMP10306,VP_CLOUD_AI,Elena Rostova,Cloud AI & Machine Learning,EMP10036,0,AI_ML_ENG,IC1,US_AUSTIN_DENVER,8.2,0,rating_3,Tier_2,138100.0,137800.0,1.002,0.15,42800.0,199900.0,184500.0,182600.0,-7.7,74,64,0,Clean
EMP10307,VP_CLOUD_AI,Elena Rostova,Cloud AI & Machine Learning,EMP10029,0,SW_ENG,IC1,APAC_SINGAPORE_TOKYO,2.4,0,rating_3,None,96500.0,116000.0,0.832,0.15,36000.0,158900.0,144700.0,138900.0,-8.9,36,24,0,Clean
EMP10308,VP_CLOUD_AI,Elena Rostova,Cloud AI & Machine Learning,EMP10028,0,SW_ENG,IC1,US_SEATTLE_NYC,6.0,0,rating_3,None,140800.0,159500.0,0.883,0.15,49500.0,217600.0,211800.0,200900.0,-2.7,33,29,0,Clean
EMP10309,VP_CLOUD_AI,Elena Rostova,Cloud AI & Machine Learning,EMP10018,0,RESEARCH_SCI,IC3,EU_ZURICH_MUNICH,5.4,0,rating_3,Tier_2,200600.0,211600.0,0.948,0.2,128800.0,422100.0,418800.0,420900.0,-0.8,89,88,0,Clean
EMP10310,VP_CLOUD_AI,Elena Rostova,Cloud AI & Machine Learning,EMP10014,0,SW_ENG,IC3,EU_ZURICH_MUNICH,7.8,0,rating_3,None,207200.0,211600.0,0.979,0.2,128800.0,395100.0,405300.0,400100.0,2.6,34,37,0,Clean
EMP10311,VP_CLOUD_AI,Elena Rostova,Cloud AI & Machine Learning,EMP10033,0,PROD_MGMT,IC2,US_AUSTIN_DENVER,4.3,0,rating_4,None,141900.0,175800.0,0.807,0.15,76000.0,255800.0,238300.0,233800.0,-6.8,52,43,0,Clean
EMP10312,VP_CLOUD_AI,Elena Rostova,Cloud AI & Machine Learning,EMP10037,0,RESEARCH_SCI,IC2,APAC_SINGAPORE_TOKYO,4.9,0,rating_2,Tier_2,131900.0,148000.0,0.891,0.15,64000.0,229000.0,170800.0,169700.0,-25.4,1,1,0,Clean
EMP10313,VP_CLOUD_AI,Elena Rostova,Cloud AI & Machine Learning,EMP10025,0,PROD_MGMT,IC2,US_BAY_AREA,5.4,0,rating_2,None,214400.0,212700.0,1.008,0.15,92000.0,339900.0,321400.0,321200.0,-5.4,61,54,0,Clean
EMP10314,VP_CLOUD_AI,Elena Rostova,Cloud AI & Machine Learning,EMP10025,0,SW_ENG,IC2,EU_ZURICH_MUNICH,7.9,0,rating_3,None,141900.0,170200.0,0.834,0.15,73600.0,267500.0,261400.0,253100.0,-2.3,15,12,0,Clean
EMP10315,VP_CLOUD_AI,Elena Rostova,Cloud AI & Machine Learning,EMP10031,0,AI_ML_ENG,IC3,EU_ZURICH_MUNICH,7.4,0,rating_3,Tier_2,204400.0,211600.0,0.966,0.2,128800.0,384000.0,283100.0,279700.0,-26.3,35,1,0,Clean
EMP10316,VP_CLOUD_AI,Elena Rostova,Cloud AI & Machine Learning,EMP10027,0,AI_ML_ENG,IC3,UK_LONDON,1.6,0,rating_3,Tier_2,170900.0,195500.0,0.874,0.2,119000.0,352900.0,259100.0,255800.0,-26.6,28,1,0,Clean
EMP10317,VP_CLOUD_AI,Elena Rostova,Cloud AI & Machine Learning,EMP10037,0,RESEARCH_SCI,IC1,US_AUSTIN_DENVER,8.6,0,rating_3,Tier_2,135700.0,137800.0,0.985,0.15,42800.0,208700.0,209700.0,210900.0,0.5,38,39,0,Clean
EMP10318,VP_CLOUD_AI,Elena Rostova,Cloud AI & Machine Learning,EMP10039,0,PROD_MGMT,IC4,US_SEATTLE_NYC,1.9,0,rating_2,None,289700.0,313500.0,0.924,0.25,275000.0,670500.0,664500.0,651800.0,-0.9,76,75,0,Clean
EMP10319,VP_CLOUD_AI,Elena Rostova,Cloud AI & Machine Learning,EMP10030,0,AI_ML_ENG,IC2,US_SEATTLE_NYC,2.0,0,rating_1,Tier_2,179700.0,203500.0,0.883,0.15,88000.0,311100.0,316500.0,312800.0,1.7,61,63,0,Clean
EMP10320,VP_CLOUD_AI,Elena Rostova,Cloud AI & Machine Learning,EMP10039,0,AI_ML_ENG,IC1,US_BAY_AREA,3.6,0,rating_3,Tier_2,145600.0,166800.0,0.873,0.15,51700.0,225800.0,224500.0,220400.0,-0.6,53,52,1,Clean
EMP10321,VP_CLOUD_AI,Elena Rostova,Cloud AI & Machine Learning,EMP10034,0,PROD_MGMT,IC2,UK_LONDON,7.0,0,rating_4,None,131300.0,157200.0,0.835,0.15,68000.0,242000.0,233600.0,224300.0,-3.5,87,82,0,Clean
EMP10322,VP_CLOUD_AI,Elena Rostova,Cloud AI & Machine Learning,EMP10006,0,PROD_MGMT,IC1,US_AUSTIN_DENVER,6.3,0,rating_4,None,131000.0,137800.0,0.951,0.15,42800.0,191500.0,174400.0,173100.0,-8.9,87,75,0,Clean
EMP10323,VP_CLOUD_AI,Elena Rostova,Cloud AI & Machine Learning,EMP10024,0,PROD_MGMT,IC1,APAC_SINGAPORE_TOKYO,2.2,0,rating_3,None,100100.0,116000.0,0.863,0.15,36000.0,167100.0,173600.0,168700.0,3.9,42,47,0,Clean
EMP10324,VP_CLOUD_AI,Elena Rostova,Cloud AI & Machine Learning,EMP10036,0,SW_ENG,IC2,EU_ZURICH_MUNICH,6.1,0,rating_3,None,146400.0,170200.0,0.86,0.15,73600.0,264600.0,266100.0,268300.0,0.6,46,47,0,Clean
EMP10325,VP_CLOUD_AI,Elena Rostova,Cloud AI & Machine Learning,EMP10029,0,RESEARCH_SCI,IC3,US_BAY_AREA,0.5,0,rating_3,Tier_2,244900.0,264500.0,0.926,0.2,161000.0,461700.0,429800.0,437200.0,-6.9,76,67,0,Clean
EMP10326,VP_CLOUD_AI,Elena Rostova,Cloud AI & Machine Learning,EMP10010,0,PROD_MGMT,IC2,US_BAY_AREA,4.9,1,rating_2,None,203300.0,212700.0,0.956,0.15,92000.0,317200.0,329200.0,325600.0,3.8,59,64,0,Clean
EMP10327,VP_CLOUD_AI,Elena Rostova,Cloud AI & Machine Learning,EMP10039,0,RESEARCH_SCI,IC1,APAC_SINGAPORE_TOKYO,6.4,0,rating_4,Tier_1,104400.0,116000.0,0.9,0.15,36000.0,170000.0,137100.0,134500.0,-19.4,52,27,0,Clean
EMP10328,VP_CLOUD_AI,Elena Rostova,Cloud AI & Machine Learning,EMP10003,0,AI_ML_ENG,IC2,US_SEATTLE_NYC,8.3,0,rating_3,Tier_2,195000.0,203500.0,0.958,0.15,88000.0,308400.0,222600.0,221800.0,-27.8,62,26,0,Clean
EMP10329,VP_CLOUD_AI,Elena Rostova,Cloud AI & Machine Learning,EMP10036,0,SW_ENG,IC3,US_AUSTIN_DENVER,4.0,0,rating_3,None,210900.0,218500.0,0.965,0.2,133000.0,437200.0,430500.0,413700.0,-1.5,48,46,0,Clean
EMP10330,VP_CLOUD_AI,Elena Rostova,Cloud AI & Machine Learning,EMP10005,0,SW_ENG,IC2,US_BAY_AREA,5.3,0,rating_4,None,205700.0,212700.0,0.967,0.15,92000.0,327600.0,327700.0,333400.0,0.0,1,1,0,Clean
EMP10331,VP_CLOUD_AI,Elena Rostova,Cloud AI & Machine Learning,EMP10022,0,PROD_MGMT,IC4,APAC_SINGAPORE_TOKYO,6.3,0,rating_1,None,187000.0,228000.0,0.82,0.25,200000.0,454700.0,451200.0,460000.0,-0.8,60,59,0,Clean
EMP10332,VP_CLOUD_AI,Elena Rostova,Cloud AI & Machine Learning,EMP10021,0,SW_ENG,IC2,EU_ZURICH_MUNICH,5.2,0,rating_3,None,136800.0,170200.0,0.804,0.15,73600.0,241300.0,243100.0,235200.0,0.7,44,45,0,Clean
EMP10333,VP_CLOUD_AI,Elena Rostova,Cloud AI & Machine Learning,EMP10021,0,SW_ENG,IC2,US_SEATTLE_NYC,2.3,0,rating_4,None,205500.0,203500.0,1.01,0.15,88000.0,312300.0,314100.0,317200.0,0.6,40,41,0,Clean
EMP10334,VP_CLOUD_AI,Elena Rostova,Cloud AI & Machine Learning,EMP10016,0,SW_ENG,IC3,US_SEATTLE_NYC,8.6,0,rating_2,None,231700.0,253000.0,0.916,0.2,154000.0,431500.0,393000.0,396400.0,-8.9,40,28,0,Clean
EMP10335,VP_CLOUD_AI,Elena Rostova,Cloud AI & Machine Learning,EMP10024,0,PROD_MGMT,IC2,EU_ZURICH_MUNICH,1.0,0,rating_5,None,164200.0,170200.0,0.965,0.15,73600.0,268000.0,251600.0,248100.0,-6.1,32,24,0,Clean
EMP10336,VP_CLOUD_AI,Elena Rostova,Cloud AI & Machine Learning,EMP10031,0,AI_ML_ENG,IC3,EU_ZURICH_MUNICH,6.2,0,rating_4,Tier_1,175600.0,211600.0,0.83,0.2,128800.0,338100.0,321500.0,302400.0,-4.9,91,85,0,Clean
EMP10337,VP_CLOUD_AI,Elena Rostova,Cloud AI & Machine Learning,EMP10007,0,SW_ENG,IC1,US_SEATTLE_NYC,6.5,0,rating_3,None,137300.0,159500.0,0.861,0.15,49500.0,204400.0,199300.0,190700.0,-2.5,47,44,0,Clean
EMP10338,VP_CLOUD_AI,Elena Rostova,Cloud AI & Machine Learning,EMP10026,0,RESEARCH_SCI,IC1,EU_ZURICH_MUNICH,1.7,0,rating_3,Tier_2,129700.0,133400.0,0.972,0.15,41400.0,193500.0,148500.0,144100.0,-23.3,75,45,0,Clean
EMP10339,VP_CLOUD_AI,Elena Rostova,Cloud AI & Machine Learning,EMP10010,0,AI_ML_ENG,IC2,US_SEATTLE_NYC,7.8,0,rating_4,Tier_1,178500.0,203500.0,0.877,0.15,88000.0,294700.0,228000.0,218900.0,-22.6,58,29,1,Clean
EMP10340,VP_CLOUD_AI,Elena Rostova,Cloud AI & Machine Learning,EMP10007,0,AI_ML_ENG,IC2,US_SEATTLE_NYC,2.7,0,rating_3,Tier_2,191500.0,203500.0,0.941,0.15,88000.0,301600.0,235700.0,239100.0,-21.9,27,1,1,Clean
EMP10341,VP_CLOUD_AI,Elena Rostova,Cloud AI & Machine Learning,EMP10008,0,RESEARCH_SCI,IC2,EU_ZURICH_MUNICH,8.1,0,rating_2,Tier_2,139600.0,170200.0,0.82,0.15,73600.0,242700.0,236200.0,235900.0,-2.7,36,32,0,Clean
EMP10342,VP_CLOUD_AI,Elena Rostova,Cloud AI & Machine Learning,EMP10019,0,RESEARCH_SCI,IC2,US_SEATTLE_NYC,3.2,0,rating_3,Tier_2,164400.0,203500.0,0.808,0.15,88000.0,273300.0,251500.0,243300.0,-8.0,9,1,0,Clean
EMP10343,VP_CLOUD_AI,Elena Rostova,Cloud AI & Machine Learning,EMP10018,0,PROD_MGMT,IC2,US_AUSTIN_DENVER,7.8,0,rating_4,None,176300.0,175800.0,1.003,0.15,76000.0,291500.0,282300.0,269100.0,-3.2,25,21,0,Clean
EMP10344,VP_CLOUD_AI,Elena Rostova,Cloud AI & Machine Learning,EMP10016,0,AI_ML_ENG,IC2,US_SEATTLE_NYC,1.2,0,rating_2,Tier_2,188400.0,203500.0,0.926,0.15,88000.0,306600.0,234100.0,234400.0,-23.6,62,31,0,Clean
EMP10345,VP_CLOUD_AI,Elena Rostova,Cloud AI & Machine Learning,EMP10010,0,PROD_MGMT,IC1,US_AUSTIN_DENVER,3.5,0,rating_3,None,127500.0,137800.0,0.925,0.15,42800.0,196700.0,183400.0,172900.0,-6.8,91,82,0,Clean
EMP10346,VP_CLOUD_AI,Elena Rostova,Cloud AI & Machine Learning,EMP10031,0,SW_ENG,IC2,EU_ZURICH_MUNICH,5.3,0,rating_3,None,129400.0,170200.0,0.76,0.15,73600.0,240700.0,238800.0,236600.0,-0.8,74,73,0,Clean
EMP10347,VP_CLOUD_AI,Elena Rostova,Cloud AI & Machine Learning,EMP10035,0,SW_ENG,IC1,UK_LONDON,7.4,0,rating_3,None,97000.0,123200.0,0.787,0.15,38200.0,155700.0,147800.0,138900.0,-5.1,41,34,0,Clean
EMP10348,VP_CLOUD_AI,Elena Rostova,Cloud AI & Machine Learning,EMP10023,0,AI_ML_ENG,IC1,APAC_SINGAPORE_TOKYO,3.7,1,rating_3,Tier_2,123000.0,116000.0,1.06,0.15,36000.0,189300.0,141100.0,132700.0,-25.5,25,1,0,Clean
EMP10349,VP_CLOUD_AI,Elena Rostova,Cloud AI & Machine Learning,EMP10036,0,RESEARCH_SCI,IC2,US_SEATTLE_NYC,5.7,0,rating_4,Tier_1,180700.0,203500.0,0.888,0.15,88000.0,279000.0,272600.0,273700.0,-2.3,18,15,0,Clean
EMP10350,VP_CLOUD_AI,Elena Rostova,Cloud AI & Machine Learning,EMP10018,0,SW_ENG,IC1,UK_LONDON,4.7,0,rating_2,None,113300.0,123200.0,0.92,0.15,38200.0,178800.0,173200.0,172500.0,-3.1,60,56,0,Clean
EMP10351,VP_CLOUD_AI,Elena Rostova,Cloud AI & Machine Learning,EMP10010,0,AI_ML_ENG,IC1,US_SEATTLE_NYC,4.1,0,rating_2,Tier_2,154100.0,159500.0,0.966,0.15,49500.0,215600.0,155600.0,149000.0,-27.8,49,13,0,Clean
EMP10352,VP_CLOUD_AI,Elena Rostova,Cloud AI & Machine Learning,EMP10032,0,PROD_MGMT,IC4,APAC_SINGAPORE_TOKYO,4.5,0,rating_4,None,211100.0,228000.0,0.926,0.25,200000.0,483400.0,488600.0,462100.0,1.1,31,32,0,Clean
EMP10353,VP_CLOUD_AI,Elena Rostova,Cloud AI & Machine Learning,EMP10017,0,AI_ML_ENG,IC3,US_BAY_AREA,1.3,0,rating_3,Tier_2,269500.0,264500.0,1.019,0.2,161000.0,459700.0,430200.0,429700.0,-6.4,46,38,0,Clean
EMP10354,VP_CLOUD_AI,Elena Rostova,Cloud AI & Machine Learning,EMP10014,0,SW_ENG,IC2,US_AUSTIN_DENVER,3.6,0,rating_3,None,170700.0,175800.0,0.971,0.15,76000.0,269200.0,261800.0,252400.0,-2.7,85,81,1,Clean
EMP10355,VP_CLOUD_AI,Elena Rostova,Cloud AI & Machine Learning,EMP10014,0,RESEARCH_SCI,IC4,APAC_SINGAPORE_TOKYO,6.4,0,rating_4,Tier_1,205000.0,228000.0,0.899,0.25,200000.0,518200.0,428300.0,422500.0,-17.3,54,32,0,Clean
EMP10356,VP_CLOUD_AI,Elena Rostova,Cloud AI & Machine Learning,EMP10010,0,AI_ML_ENG,IC2,US_SEATTLE_NYC,6.5,0,rating_3,Tier_2,188600.0,203500.0,0.927,0.15,88000.0,324800.0,298100.0,295600.0,-8.2,61,50,0,Clean
EMP10357,VP_CLOUD_AI,Elena Rostova,Cloud AI & Machine Learning,EMP10009,0,SW_ENG,IC2,EU_ZURICH_MUNICH,1.6,0,rating_4,None,159600.0,170200.0,0.938,0.15,73600.0,259200.0,259100.0,251000.0,-0.0,13,13,0,Clean
EMP10358,VP_CLOUD_AI,Elena Rostova,Cloud AI & Machine Learning,EMP10032,0,SW_ENG,IC2,EU_ZURICH_MUNICH,8.3,0,rating_2,None,152300.0,170200.0,0.895,0.15,73600.0,272400.0,257600.0,259300.0,-5.4,37,30,0,Clean
EMP10359,VP_CLOUD_AI,Elena Rostova,Cloud AI & Machine Learning,EMP10005,0,PROD_MGMT,IC2,US_AUSTIN_DENVER,5.8,0,rating_3,None,166500.0,175800.0,0.947,0.15,76000.0,279700.0,281200.0,284200.0,0.5,25,26,0,Clean
EMP10360,VP_CLOUD_AI,Elena Rostova,Cloud AI & Machine Learning,EMP10040,0,AI_ML_ENG,IC1,APAC_SINGAPORE_TOKYO,3.2,0,rating_2,Tier_2,120300.0,116000.0,1.037,0.15,36000.0,193800.0,145600.0,141600.0,-24.9,43,11,0,Clean
EMP10361,VP_CLOUD_AI,Elena Rostova,Cloud AI & Machine Learning,EMP10005,0,RESEARCH_SCI,IC1,US_SEATTLE_NYC,6.5,0,rating_3,Tier_2,150400.0,159500.0,0.943,0.15,49500.0,224100.0,223100.0,219100.0,-0.4,40,39,0,Clean
EMP10362,VP_CLOUD_AI,Elena Rostova,Cloud AI & Machine Learning,EMP10024,0,AI_ML_ENG,IC1,US_BAY_AREA,8.5,0,rating_3,Tier_2,159000.0,166800.0,0.953,0.15,51700.0,222800.0,204500.0,201400.0,-8.2,45,34,0,Clean
EMP10363,VP_CLOUD_AI,Elena Rostova,Cloud AI & Machine Learning,EMP10024,0,AI_ML_ENG,IC3,EU_ZURICH_MUNICH,5.0,0,rating_2,Tier_2,192100.0,211600.0,0.908,0.2,128800.0,415600.0,383400.0,382600.0,-7.7,59,49,0,Clean
EMP10364,VP_CLOUD_AI,Elena Rostova,Cloud AI & Machine Learning,EMP10034,0,RESEARCH_SCI,IC2,EU_ZURICH_MUNICH,1.9,0,rating_2,Tier_2,154900.0,170200.0,0.91,0.15,73600.0,260400.0,259500.0,262300.0,-0.3,27,27,0,Clean
EMP10365,VP_CLOUD_AI,Elena Rostova,Cloud AI & Machine Learning,EMP10026,0,RESEARCH_SCI,IC2,EU_ZURICH_MUNICH,4.2,0,rating_3,Tier_2,167800.0,170200.0,0.986,0.15,73600.0,300700.0,228800.0,229100.0,-23.9,52,21,0,Clean
EMP10366,VP_CLOUD_AI,Elena Rostova,Cloud AI & Machine Learning,EMP10039,0,RESEARCH_SCI,IC1,UK_LONDON,5.6,0,rating_3,Tier_2,114100.0,123200.0,0.926,0.15,38200.0,179500.0,180300.0,183700.0,0.4,1,2,0,Clean
EMP10367,VP_CLOUD_AI,Elena Rostova,Cloud AI & Machine Learning,EMP10020,0,RESEARCH_SCI,IC1,US_SEATTLE_NYC,1.8,0,rating_4,Tier_1,146600.0,159500.0,0.919,0.15,49500.0,213100.0,209300.0,212200.0,-1.8,48,46,1,Clean
EMP10368,VP_CLOUD_AI,Elena Rostova,Cloud AI & Machine Learning,EMP10023,0,SW_ENG,IC1,US_AUSTIN_DENVER,1.2,0,rating_3,None,131000.0,137800.0,0.951,0.15,42800.0,201700.0,198500.0,190000.0,-1.6,40,38,0,Clean
EMP10369,VP_CLOUD_AI,Elena Rostova,Cloud AI & Machine Learning,EMP10031,0,AI_ML_ENG,IC1,EU_ZURICH_MUNICH,4.2,0,rating_4,Tier_1,119800.0,133400.0,0.898,0.15,41400.0,193600.0,184600.0,186500.0,-4.6,47,41,0,Clean
EMP10370,VP_CLOUD_AI,Elena Rostova,Cloud AI & Machine Learning,EMP10008,0,RESEARCH_SCI,IC3,APAC_SINGAPORE_TOKYO,1.8,0,rating_1,Tier_2,157300.0,184000.0,0.855,0.2,112000.0,334600.0,242400.0,238300.0,-27.6,25,1,0,Clean
EMP10371,VP_CLOUD_AI,Elena Rostova,Cloud AI & Machine Learning,EMP10015,0,PROD_MGMT,IC1,UK_LONDON,4.5,0,rating_2,None,112400.0,123200.0,0.912,0.15,38200.0,185200.0,172100.0,166400.0,-7.1,21,12,0,Clean
EMP10372,VP_CLOUD_AI,Elena Rostova,Cloud AI & Machine Learning,EMP10036,0,AI_ML_ENG,IC2,UK_LONDON,5.7,0,rating_2,Tier_2,124000.0,157200.0,0.789,0.15,68000.0,233000.0,231800.0,221500.0,-0.5,52,51,0,Clean
EMP10373,VP_CLOUD_AI,Elena Rostova,Cloud AI & Machine Learning,EMP10016,0,SW_ENG,IC1,UK_LONDON,5.5,0,rating_2,None,103400.0,123200.0,0.839,0.15,38200.0,166700.0,159200.0,153700.0,-4.5,99,93,1,Clean
EMP10374,VP_CLOUD_AI,Elena Rostova,Cloud AI & Machine Learning,EMP10020,0,SW_ENG,IC1,EU_ZURICH_MUNICH,1.8,0,rating_3,None,128700.0,133400.0,0.965,0.15,41400.0,207000.0,194700.0,193700.0,-5.9,13,5,0,Clean
EMP10375,VP_CLOUD_AI,Elena Rostova,Cloud AI & Machine Learning,EMP10006,0,AI_ML_ENG,IC1,US_SEATTLE_NYC,0.7,0,rating_4,Tier_1,169400.0,159500.0,1.062,0.15,49500.0,233400.0,215800.0,210600.0,-7.5,35,25,0,Clean
EMP10376,VP_CLOUD_AI,Elena Rostova,Cloud AI & Machine Learning,EMP10035,0,SW_ENG,IC1,EU_ZURICH_MUNICH,0.9,0,rating_2,None,106300.0,133400.0,0.797,0.15,41400.0,160900.0,158600.0,157500.0,-1.4,56,54,0,Clean
EMP10377,VP_CLOUD_AI,Elena Rostova,Cloud AI & Machine Learning,EMP10019,0,SW_ENG,IC1,US_BAY_AREA,1.4,0,rating_2,None,126800.0,166800.0,0.76,0.15,51700.0,199000.0,204700.0,198300.0,2.9,65,69,0,Clean
EMP10378,VP_CLOUD_AI,Elena Rostova,Cloud AI & Machine Learning,EMP10025,0,PROD_MGMT,IC1,EU_ZURICH_MUNICH,4.4,0,rating_3,None,125700.0,133400.0,0.942,0.15,41400.0,194800.0,182000.0,178400.0,-6.6,50,41,0,Clean
EMP10379,VP_CLOUD_AI,Elena Rostova,Cloud AI & Machine Learning,EMP10002,0,SW_ENG,IC1,US_AUSTIN_DENVER,8.8,0,rating_1,None,109600.0,137800.0,0.795,0.15,42800.0,172200.0,163500.0,166700.0,-5.1,55,48,0,Clean
EMP10380,VP_CLOUD_AI,Elena Rostova,Cloud AI & Machine Learning,EMP10004,0,PROD_MGMT,IC2,US_BAY_AREA,4.9,0,rating_3,None,227600.0,212700.0,1.07,0.15,92000.0,345400.0,320500.0,320000.0,-7.2,32,23,0,Clean
EMP10381,VP_CLOUD_AI,Elena Rostova,Cloud AI & Machine Learning,EMP10015,0,RESEARCH_SCI,IC2,UK_LONDON,7.8,0,rating_3,Tier_2,166800.0,157200.0,1.061,0.15,68000.0,268100.0,209000.0,209800.0,-22.0,42,13,0,Clean
EMP10382,VP_CLOUD_AI,Elena Rostova,Cloud AI & Machine Learning,EMP10034,0,PROD_MGMT,IC3,US_SEATTLE_NYC,7.6,0,rating_2,None,217600.0,253000.0,0.86,0.2,154000.0,417400.0,418900.0,399900.0,0.4,26,27,0,Clean
EMP10383,VP_CLOUD_AI,Elena Rostova,Cloud AI & Machine Learning,EMP10002,0,PROD_MGMT,IC3,UK_LONDON,1.6,0,rating_4,None,170500.0,195500.0,0.872,0.2,119000.0,375300.0,348900.0,333200.0,-7.0,90,81,1,Clean
EMP10384,VP_CLOUD_AI,Elena Rostova,Cloud AI & Machine Learning,EMP10040,0,RESEARCH_SCI,IC2,EU_ZURICH_MUNICH,3.7,0,rating_3,Tier_2,156900.0,170200.0,0.922,0.15,73600.0,267500.0,264500.0,263700.0,-1.1,88,87,0,Clean
EMP10385,VP_CLOUD_AI,Elena Rostova,Cloud AI & Machine Learning,EMP10032,0,RESEARCH_SCI,IC2,US_SEATTLE_NYC,2.2,0,rating_5,Tier_1,187400.0,203500.0,0.921,0.15,88000.0,321500.0,255200.0,244000.0,-20.6,76,49,0,Clean
EMP10386,VP_CLOUD_AI,Elena Rostova,Cloud AI & Machine Learning,EMP10029,0,PROD_MGMT,IC3,APAC_SINGAPORE_TOKYO,3.2,0,rating_3,None,161000.0,184000.0,0.875,0.2,112000.0,315100.0,316900.0,307500.0,0.6,76,77,0,Clean
EMP10387,VP_CLOUD_AI,Elena Rostova,Cloud AI & Machine Learning,EMP10037,0,AI_ML_ENG,IC2,EU_ZURICH_MUNICH,3.8,0,rating_4,Tier_1,165100.0,170200.0,0.97,0.15,73600.0,267700.0,277800.0,262000.0,3.8,69,74,0,Clean
EMP10388,VP_CLOUD_AI,Elena Rostova,Cloud AI & Machine Learning,EMP10004,0,PROD_MGMT,IC1,UK_LONDON,8.2,0,rating_3,None,123200.0,123200.0,1.0,0.15,38200.0,186600.0,192100.0,191200.0,2.9,25,29,0,Clean
EMP10389,VP_CLOUD_AI,Elena Rostova,Cloud AI & Machine Learning,EMP10029,0,AI_ML_ENG,IC1,US_SEATTLE_NYC,6.6,0,rating_3,Tier_2,149900.0,159500.0,0.94,0.15,49500.0,220000.0,205300.0,202700.0,-6.7,1,1,0,Clean
EMP10390,VP_CLOUD_AI,Elena Rostova,Cloud AI & Machine Learning,EMP10030,0,SW_ENG,IC1,APAC_SINGAPORE_TOKYO,1.2,0,rating_2,None,97900.0,116000.0,0.844,0.15,36000.0,152900.0,153200.0,151800.0,0.2,22,22,0,Clean
EMP10391,VP_CLOUD_AI,Elena Rostova,Cloud AI & Machine Learning,EMP10033,0,RESEARCH_SCI,IC2,UK_LONDON,7.0,0,rating_2,Tier_2,139900.0,157200.0,0.89,0.15,68000.0,263800.0,245600.0,233700.0,-6.9,50,41,1,Clean
EMP10392,VP_CLOUD_AI,Elena Rostova,Cloud AI & Machine Learning,EMP10020,0,PROD_MGMT,IC1,US_AUSTIN_DENVER,7.8,0,rating_2,None,122000.0,137800.0,0.885,0.15,42800.0,192600.0,181600.0,177400.0,-5.7,43,36,0,Clean
EMP10393,VP_CLOUD_AI,Elena Rostova,Cloud AI & Machine Learning,EMP10001,0,PROD_MGMT,IC2,US_SEATTLE_NYC,2.9,0,rating_3,None,189500.0,203500.0,0.931,0.15,88000.0,309900.0,282300.0,285300.0,-8.9,86,74,0,Clean
EMP10394,VP_CLOUD_AI,Elena Rostova,Cloud AI & Machine Learning,EMP10014,0,RESEARCH_SCI,IC1,US_BAY_AREA,4.0,0,rating_4,Tier_1,150000.0,166800.0,0.899,0.15,51700.0,229600.0,188600.0,178000.0,-17.9,47,24,0,Clean
EMP10395,VP_CLOUD_AI,Elena Rostova,Cloud AI & Machine Learning,EMP10019,0,RESEARCH_SCI,IC2,UK_LONDON,7.7,0,rating_1,Tier_2,143100.0,157200.0,0.91,0.15,68000.0,245500.0,249600.0,249800.0,1.7,29,31,1,Clean
EMP10396,VP_CLOUD_AI,Elena Rostova,Cloud AI & Machine Learning,EMP10031,0,SW_ENG,IC1,US_AUSTIN_DENVER,8.9,0,rating_3,None,113800.0,137800.0,0.826,0.15,42800.0,171600.0,172400.0,170700.0,0.5,47,48,0,Clean
EMP10397,VP_CLOUD_AI,Elena Rostova,Cloud AI & Machine Learning,EMP10039,0,SW_ENG,IC3,UK_LONDON,4.9,0,rating_3,None,168700.0,195500.0,0.863,0.2,119000.0,346200.0,320900.0,316100.0,-7.3,39,30,0,Clean
EMP10398,VP_CLOUD_AI,Elena Rostova,Cloud AI & Machine Learning,EMP10032,0,RESEARCH_SCI,IC3,APAC_SINGAPORE_TOKYO,4.0,0,rating_2,Tier_2,165200.0,184000.0,0.898,0.2,112000.0,373000.0,349500.0,345700.0,-6.3,67,59,1,Clean
EMP10399,VP_CLOUD_AI,Elena Rostova,Cloud AI & Machine Learning,EMP10023,0,RESEARCH_SCI,IC2,US_BAY_AREA,3.3,0,rating_3,Tier_2,179100.0,212700.0,0.842,0.15,92000.0,286000.0,288800.0,274100.0,1.0,24,25,0,Clean
EMP10400,VP_CLOUD_AI,Elena Rostova,Cloud AI & Machine Learning,EMP10037,0,AI_ML_ENG,IC2,US_SEATTLE_NYC,4.4,0,rating_4,Tier_1,194500.0,203500.0,0.956,0.15,88000.0,310700.0,228300.0,217400.0,-26.5,95,61,0,Clean
EMP10401,VP_CLOUD_AI,Elena Rostova,Cloud AI & Machine Learning,EMP10022,0,PROD_MGMT,IC2,APAC_SINGAPORE_TOKYO,3.3,0,rating_3,None,146500.0,148000.0,0.99,0.15,64000.0,258700.0,236000.0,232700.0,-8.8,62,51,0,Clean
EMP10402,VP_CLOUD_AI,Elena Rostova,Cloud AI & Machine Learning,EMP10023,0,RESEARCH_SCI,IC1,US_AUSTIN_DENVER,7.1,0,rating_3,Tier_2,130100.0,137800.0,0.944,0.15,42800.0,191600.0,179000.0,169900.0,-6.6,34,25,0,Clean
EMP10403,VP_CLOUD_AI,Elena Rostova,Cloud AI & Machine Learning,EMP10021,0,SW_ENG,IC2,UK_LONDON,3.7,0,rating_3,None,162400.0,157200.0,1.033,0.15,68000.0,266900.0,261100.0,249100.0,-2.2,77,74,1,Clean
EMP10404,VP_CLOUD_AI,Elena Rostova,Cloud AI & Machine Learning,EMP10013,0,PROD_MGMT,IC3,EU_ZURICH_MUNICH,7.1,0,rating_3,None,209300.0,211600.0,0.989,0.2,128800.0,434900.0,437200.0,429300.0,0.5,56,57,0,Clean
EMP10405,VP_CLOUD_AI,Elena Rostova,Cloud AI & Machine Learning,EMP10007,0,RESEARCH_SCI,IC3,US_SEATTLE_NYC,1.2,0,rating_3,Tier_2,227200.0,253000.0,0.898,0.2,154000.0,391900.0,391600.0,386700.0,-0.1,26,26,0,Clean
EMP10406,VP_CLOUD_AI,Elena Rostova,Cloud AI & Machine Learning,EMP10003,0,SW_ENG,IC1,US_BAY_AREA,4.2,0,rating_4,None,142800.0,166800.0,0.856,0.15,51700.0,206800.0,195600.0,188900.0,-5.4,42,35,0,Clean
EMP10407,VP_CLOUD_AI,Elena Rostova,Cloud AI & Machine Learning,EMP10010,0,AI_ML_ENG,IC1,US_BAY_AREA,5.4,0,rating_2,Tier_2,166300.0,166800.0,0.997,0.15,51700.0,241800.0,199200.0,200100.0,-17.6,44,21,0,Clean
EMP10408,VP_CLOUD_AI,Elena Rostova,Cloud AI & Machine Learning,EMP10020,0,SW_ENG,IC2,EU_ZURICH_MUNICH,2.0,0,rating_3,None,148900.0,170200.0,0.875,0.15,73600.0,243400.0,223200.0,217400.0,-8.3,56,45,0,Clean
EMP10409,VP_CLOUD_AI,Elena Rostova,Cloud AI & Machine Learning,EMP10038,0,PROD_MGMT,IC2,EU_ZURICH_MUNICH,7.0,0,rating_2,None,148200.0,170200.0,0.871,0.15,73600.0,270800.0,249200.0,252600.0,-8.0,69,59,0,Clean
EMP10410,VP_CLOUD_AI,Elena Rostova,Cloud AI & Machine Learning,EMP10006,0,PROD_MGMT,IC3,US_BAY_AREA,5.7,0,rating_3,None,213700.0,264500.0,0.808,0.2,161000.0,391600.0,367700.0,371000.0,-6.1,62,54,0,Clean
EMP10411,VP_CLOUD_AI,Elena Rostova,Cloud AI & Machine Learning,EMP10026,0,SW_ENG,IC1,US_AUSTIN_DENVER,5.6,0,rating_3,None,123100.0,137800.0,0.893,0.15,42800.0,190200.0,177300.0,177600.0,-6.8,54,45,0,Clean
EMP10412,VP_CLOUD_AI,Elena Rostova,Cloud AI & Machine Learning,EMP10007,0,AI_ML_ENG,IC2,US_AUSTIN_DENVER,4.6,0,rating_3,Tier_2,155600.0,175800.0,0.885,0.15,76000.0,270500.0,202000.0,192400.0,-25.3,49,16,1,Clean
EMP10413,VP_CLOUD_AI,Elena Rostova,Cloud AI & Machine Learning,EMP10014,0,PROD_MGMT,IC3,UK_LONDON,7.6,0,rating_3,None,166600.0,195500.0,0.852,0.2,119000.0,365800.0,368000.0,366900.0,0.6,43,44,0,Clean
EMP10414,VP_CLOUD_AI,Elena Rostova,Cloud AI & Machine Learning,EMP10039,0,AI_ML_ENG,IC2,UK_LONDON,6.1,0,rating_2,Tier_2,155300.0,157200.0,0.988,0.15,68000.0,279200.0,267800.0,262300.0,-4.1,99,94,0,Clean
EMP10415,VP_CLOUD_AI,Elena Rostova,Cloud AI & Machine Learning,EMP10009,0,AI_ML_ENG,IC3,US_SEATTLE_NYC,7.3,0,rating_3,Tier_2,219900.0,253000.0,0.869,0.2,154000.0,414200.0,338200.0,326000.0,-18.3,30,6,0,Clean
EMP10416,VP_CLOUD_AI,Elena Rostova,Cloud AI & Machine Learning,EMP10028,0,SW_ENG,IC2,US_BAY_AREA,8.7,0,rating_3,None,175700.0,212700.0,0.826,0.15,92000.0,304200.0,279300.0,282700.0,-8.2,36,25,1,Clean
EMP10417,VP_CLOUD_AI,Elena Rostova,Cloud AI & Machine Learning,EMP10036,0,SW_ENG,IC3,US_BAY_AREA,3.7,0,rating_3,None,264500.0,264500.0,1.0,0.2,161000.0,464000.0,441400.0,428400.0,-4.9,15,9,0,Clean
EMP10418,VP_CLOUD_AI,Elena Rostova,Cloud AI & Machine Learning,EMP10012,0,RESEARCH_SCI,IC2,EU_ZURICH_MUNICH,0.6,0,rating_4,Tier_1,134600.0,170200.0,0.791,0.15,73600.0,262700.0,243600.0,230400.0,-7.3,88,79,0,Clean
EMP10419,VP_CLOUD_AI,Elena Rostova,Cloud AI & Machine Learning,EMP10032,0,RESEARCH_SCI,IC2,US_BAY_AREA,4.1,0,rating_4,Tier_1,211000.0,212700.0,0.992,0.15,92000.0,338400.0,335400.0,327500.0,-0.9,85,84,0,Clean
EMP10420,VP_CLOUD_AI,Elena Rostova,Cloud AI & Machine Learning,EMP10025,0,RESEARCH_SCI,IC2,UK_LONDON,8.8,0,rating_4,Tier_1,131600.0,157200.0,0.837,0.15,68000.0,239400.0,234900.0,227700.0,-1.9,33,31,0,Clean
EMP10421,VP_CLOUD_AI,Elena Rostova,Cloud AI & Machine Learning,EMP10024,0,PROD_MGMT,IC1,APAC_SINGAPORE_TOKYO,4.9,0,rating_3,None,117000.0,116000.0,1.009,0.15,36000.0,189700.0,179500.0,176200.0,-5.4,71,64,0,Clean
EMP10422,VP_CLOUD_AI,Elena Rostova,Cloud AI & Machine Learning,EMP10016,0,AI_ML_ENG,IC2,APAC_SINGAPORE_TOKYO,4.5,1,rating_3,Tier_2,122200.0,148000.0,0.826,0.15,64000.0,222200.0,215700.0,211600.0,-2.9,20,16,0,Stale pre-promotion band mapping suspected
EMP10423,VP_CLOUD_AI,Elena Rostova,Cloud AI & Machine Learning,EMP10027,0,SW_ENG,IC2,US_AUSTIN_DENVER,5.4,0,rating_3,None,169300.0,175800.0,0.963,0.15,76000.0,294100.0,277600.0,274900.0,-5.6,84,77,0,Clean
EMP10424,VP_CLOUD_AI,Elena Rostova,Cloud AI & Machine Learning,EMP10019,0,AI_ML_ENG,IC3,US_AUSTIN_DENVER,6.8,0,rating_2,Tier_2,191000.0,218500.0,0.874,0.2,133000.0,365800.0,346000.0,332400.0,-5.4,53,46,0,Clean
EMP10425,VP_CLOUD_AI,Elena Rostova,Cloud AI & Machine Learning,EMP10038,0,PROD_MGMT,IC3,US_AUSTIN_DENVER,1.2,0,rating_3,None,203000.0,218500.0,0.929,0.2,133000.0,418600.0,427800.0,413900.0,2.2,35,38,0,Clean
EMP10426,VP_CLOUD_AI,Elena Rostova,Cloud AI & Machine Learning,EMP10010,0,PROD_MGMT,IC3,UK_LONDON,6.9,0,rating_3,None,179100.0,195500.0,0.916,0.2,119000.0,385300.0,367900.0,364700.0,-4.5,78,72,0,Clean
EMP10427,VP_CLOUD_AI,Elena Rostova,Cloud AI & Machine Learning,EMP10011,0,PROD_MGMT,IC2,US_AUSTIN_DENVER,5.0,0,rating_4,None,133600.0,175800.0,0.76,0.15,76000.0,248900.0,239100.0,229800.0,-3.9,61,56,0,Clean
EMP10428,VP_CLOUD_AI,Elena Rostova,Cloud AI & Machine Learning,EMP10019,0,PROD_MGMT,IC3,UK_LONDON,4.2,1,rating_3,None,162700.0,195500.0,0.832,0.2,119000.0,378400.0,375700.0,381900.0,-0.7,1,1,0,Clean
EMP10429,VP_CLOUD_AI,Elena Rostova,Cloud AI & Machine Learning,EMP10018,0,SW_ENG,IC1,US_BAY_AREA,4.9,0,rating_3,None,151300.0,166800.0,0.907,0.15,51700.0,217700.0,217100.0,217500.0,-0.3,84,84,0,Clean
EMP10430,VP_CLOUD_AI,Elena Rostova,Cloud AI & Machine Learning,EMP10012,0,AI_ML_ENG,IC1,APAC_SINGAPORE_TOKYO,0.8,0,rating_3,Tier_2,108600.0,116000.0,0.936,0.15,36000.0,178600.0,142800.0,137100.0,-20.0,52,26,0,Clean
EMP10431,VP_CLOUD_AI,Elena Rostova,Cloud AI & Machine Learning,EMP10004,0,RESEARCH_SCI,IC3,EU_ZURICH_MUNICH,8.7,0,rating_2,Tier_2,177500.0,211600.0,0.839,0.2,128800.0,341100.0,350300.0,345100.0,2.7,23,27,0,Clean
EMP10432,VP_CLOUD_AI,Elena Rostova,Cloud AI & Machine Learning,EMP10012,0,PROD_MGMT,IC1,APAC_SINGAPORE_TOKYO,3.2,0,rating_4,None,116200.0,116000.0,1.002,0.15,36000.0,181500.0,186500.0,186800.0,2.8,39,43,0,Clean
EMP10433,VP_CLOUD_AI,Elena Rostova,Cloud AI & Machine Learning,EMP10005,0,AI_ML_ENG,IC1,UK_LONDON,3.8,0,rating_3,Tier_2,93600.0,123200.0,0.76,0.15,38200.0,149900.0,124100.0,118600.0,-17.2,99,77,0,Clean
EMP10434,VP_CLOUD_AI,Elena Rostova,Cloud AI & Machine Learning,EMP10007,0,PROD_MGMT,IC1,US_SEATTLE_NYC,7.1,0,rating_3,None,141200.0,159500.0,0.885,0.15,49500.0,201400.0,185100.0,184800.0,-8.1,45,34,1,Clean
EMP10435,VP_CLOUD_AI,Elena Rostova,Cloud AI & Machine Learning,EMP10032,0,AI_ML_ENG,IC1,US_BAY_AREA,4.2,0,rating_3,Tier_2,147100.0,166800.0,0.882,0.15,51700.0,220400.0,227500.0,222800.0,3.2,36,40,0,Clean
EMP10436,VP_CLOUD_AI,Elena Rostova,Cloud AI & Machine Learning,EMP10005,0,AI_ML_ENG,IC2,UK_LONDON,5.9,0,rating_3,Tier_2,162500.0,157200.0,1.034,0.15,68000.0,292300.0,232400.0,225900.0,-20.5,39,12,0,Clean
EMP10437,VP_CLOUD_AI,Elena Rostova,Cloud AI & Machine Learning,EMP10006,0,SW_ENG,IC2,US_BAY_AREA,3.0,0,rating_3,None,207200.0,212700.0,0.974,0.15,92000.0,328500.0,340300.0,337900.0,3.6,18,23,0,Clean
EMP10438,VP_CLOUD_AI,Elena Rostova,Cloud AI & Machine Learning,EMP10007,0,SW_ENG,IC2,UK_LONDON,4.7,0,rating_3,None,156400.0,157200.0,0.995,0.15,68000.0,255600.0,256500.0,253300.0,0.4,69,70,1,Clean
EMP10439,VP_CLOUD_AI,Elena Rostova,Cloud AI & Machine Learning,EMP10035,0,PROD_MGMT,IC2,EU_ZURICH_MUNICH,3.9,1,rating_5,None,176200.0,170200.0,1.035,0.15,73600.0,284200.0,271100.0,270500.0,-4.6,42,36,0,Clean
EMP10440,VP_CLOUD_AI,Elena Rostova,Cloud AI & Machine Learning,EMP10034,0,RESEARCH_SCI,IC2,APAC_SINGAPORE_TOKYO,6.5,0,rating_1,Tier_2,114000.0,148000.0,0.77,0.15,64000.0,225300.0,231900.0,218800.0,2.9,26,30,0,Clean
EMP10441,VP_CLOUD_AI,Elena Rostova,Cloud AI & Machine Learning,EMP10012,0,SW_ENG,IC2,US_BAY_AREA,2.4,0,rating_3,None,184800.0,212700.0,0.869,0.15,92000.0,284800.0,277600.0,278700.0,-2.5,56,53,0,Clean
EMP10442,VP_CLOUD_AI,Elena Rostova,Cloud AI & Machine Learning,EMP10028,0,PROD_MGMT,IC1,US_AUSTIN_DENVER,2.0,0,rating_3,None,136000.0,137800.0,0.987,0.15,42800.0,216400.0,202900.0,191500.0,-6.2,77,69,1,Clean
EMP10443,VP_CLOUD_AI,Elena Rostova,Cloud AI & Machine Learning,EMP10018,0,PROD_MGMT,IC1,US_SEATTLE_NYC,5.7,0,rating_3,None,140500.0,159500.0,0.881,0.15,49500.0,200800.0,185300.0,186700.0,-7.7,23,13,0,Clean
EMP10444,VP_CLOUD_AI,Elena Rostova,Cloud AI & Machine Learning,EMP10002,0,AI_ML_ENG,IC3,US_BAY_AREA,1.6,0,rating_3,Tier_2,283000.0,264500.0,1.07,0.2,161000.0,478500.0,484700.0,474100.0,1.3,54,56,0,Clean
EMP10445,VP_CLOUD_AI,Elena Rostova,Cloud AI & Machine Learning,EMP10018,0,PROD_MGMT,IC2,US_SEATTLE_NYC,7.2,0,rating_1,None,203300.0,203500.0,0.999,0.15,88000.0,321800.0,332600.0,329300.0,3.4,39,43,0,Clean
EMP10446,VP_CLOUD_AI,Elena Rostova,Cloud AI & Machine Learning,EMP10001,0,RESEARCH_SCI,IC2,US_BAY_AREA,2.3,0,rating_3,Tier_2,234000.0,212700.0,1.1,0.15,92000.0,376600.0,365400.0,361800.0,-3.0,46,42,1,Clean
EMP10447,VP_CLOUD_AI,Elena Rostova,Cloud AI & Machine Learning,EMP10008,0,PROD_MGMT,IC3,UK_LONDON,7.3,0,rating_2,None,187100.0,195500.0,0.957,0.2,119000.0,363500.0,351300.0,339600.0,-3.4,84,80,0,Clean
EMP10448,VP_CLOUD_AI,Elena Rostova,Cloud AI & Machine Learning,EMP10003,0,AI_ML_ENG,IC1,EU_ZURICH_MUNICH,2.2,0,rating_3,Tier_2,128700.0,133400.0,0.965,0.15,41400.0,206400.0,203700.0,196800.0,-1.3,90,88,0,Clean
EMP10449,VP_CLOUD_AI,Elena Rostova,Cloud AI & Machine Learning,EMP10021,0,AI_ML_ENG,IC1,US_AUSTIN_DENVER,4.2,0,rating_3,Tier_2,126400.0,137800.0,0.917,0.15,42800.0,203700.0,159800.0,150900.0,-21.6,69,41,0,Clean
EMP10450,VP_CLOUD_AI,Elena Rostova,Cloud AI & Machine Learning,EMP10040,0,PROD_MGMT,IC2,US_AUSTIN_DENVER,1.0,0,rating_3,None,172800.0,175800.0,0.983,0.15,76000.0,274800.0,254600.0,253400.0,-7.4,81,71,0,Clean
EMP10451,VP_CLOUD_AI,Elena Rostova,Cloud AI & Machine Learning,EMP10030,0,RESEARCH_SCI,IC2,US_AUSTIN_DENVER,2.5,0,rating_2,Tier_2,161900.0,175800.0,0.921,0.15,76000.0,292300.0,288000.0,283500.0,-1.5,72,70,0,Clean
EMP10452,VP_CLOUD_AI,Elena Rostova,Cloud AI & Machine Learning,EMP10034,0,RESEARCH_SCI,IC2,EU_ZURICH_MUNICH,8.4,0,rating_1,Tier_2,141800.0,170200.0,0.833,0.15,73600.0,266000.0,204200.0,195600.0,-23.2,56,26,0,Clean
EMP10453,VP_CLOUD_AI,Elena Rostova,Cloud AI & Machine Learning,EMP10037,0,PROD_MGMT,IC3,US_BAY_AREA,7.5,1,rating_4,None,260800.0,264500.0,0.986,0.2,161000.0,469200.0,456200.0,458000.0,-2.8,59,55,0,Clean
EMP10454,VP_CLOUD_AI,Elena Rostova,Cloud AI & Machine Learning,EMP10016,0,AI_ML_ENG,IC1,APAC_SINGAPORE_TOKYO,6.5,0,rating_2,Tier_2,103200.0,116000.0,0.89,0.15,36000.0,171500.0,132500.0,127800.0,-22.7,1,1,0,Clean
EMP10455,VP_CLOUD_AI,Elena Rostova,Cloud AI & Machine Learning,EMP10038,0,PROD_MGMT,IC1,UK_LONDON,7.8,0,rating_3,None,114500.0,123200.0,0.929,0.15,38200.0,178300.0,173000.0,171400.0,-3.0,4,1,1,Clean
EMP10456,VP_CLOUD_AI,Elena Rostova,Cloud AI & Machine Learning,EMP10022,0,SW_ENG,IC2,UK_LONDON,3.4,0,rating_3,None,143400.0,157200.0,0.912,0.15,68000.0,241200.0,241000.0,238500.0,-0.1,15,15,0,Clean
EMP10457,VP_CLOUD_AI,Elena Rostova,Cloud AI & Machine Learning,EMP10033,0,SW_ENG,IC3,US_BAY_AREA,6.5,0,rating_3,None,254200.0,264500.0,0.961,0.2,161000.0,436300.0,428700.0,405300.0,-1.7,67,65,0,Clean
EMP10458,VP_CLOUD_AI,Elena Rostova,Cloud AI & Machine Learning,EMP10022,0,AI_ML_ENG,IC1,APAC_SINGAPORE_TOKYO,2.8,0,rating_3,Tier_2,88200.0,116000.0,0.76,0.15,36000.0,144400.0,135600.0,131300.0,-6.1,60,52,0,Clean
EMP10459,VP_CLOUD_AI,Elena Rostova,Cloud AI & Machine Learning,EMP10018,0,SW_ENG,IC1,US_AUSTIN_DENVER,4.3,0,rating_4,None,114500.0,137800.0,0.831,0.15,42800.0,181900.0,185000.0,187200.0,1.7,60,62,0,Clean
EMP10460,VP_CLOUD_AI,Elena Rostova,Cloud AI & Machine Learning,EMP10005,0,PROD_MGMT,IC1,US_BAY_AREA,4.7,0,rating_3,None,173600.0,166800.0,1.041,0.15,51700.0,240300.0,227300.0,226300.0,-5.4,77,70,0,Clean
EMP10461,VP_CLOUD_AI,Elena Rostova,Cloud AI & Machine Learning,EMP10034,0,AI_ML_ENG,IC4,US_AUSTIN_DENVER,0.7,0,rating_4,Tier_1,221500.0,270800.0,0.818,0.25,237500.0,541900.0,494600.0,472400.0,-8.7,70,59,0,Clean
EMP10462,VP_CLOUD_AI,Elena Rostova,Cloud AI & Machine Learning,EMP10034,0,PROD_MGMT,IC2,EU_ZURICH_MUNICH,3.1,0,rating_3,None,145400.0,170200.0,0.854,0.15,73600.0,263100.0,268200.0,261700.0,1.9,81,83,0,Clean
EMP10463,VP_CLOUD_AI,Elena Rostova,Cloud AI & Machine Learning,EMP10020,0,SW_ENG,IC1,US_SEATTLE_NYC,8.4,1,rating_4,None,121200.0,159500.0,0.76,0.15,49500.0,185600.0,179900.0,171500.0,-3.1,58,54,0,Stale pre-promotion band mapping suspected
EMP10464,VP_CLOUD_AI,Elena Rostova,Cloud AI & Machine Learning,EMP10019,0,RESEARCH_SCI,IC1,APAC_SINGAPORE_TOKYO,2.1,0,rating_2,Tier_2,101400.0,116000.0,0.874,0.15,36000.0,155800.0,114300.0,109800.0,-26.6,19,1,0,Clean
EMP10465,VP_CLOUD_AI,Elena Rostova,Cloud AI & Machine Learning,EMP10003,0,SW_ENG,IC2,US_SEATTLE_NYC,1.7,0,rating_2,None,172800.0,203500.0,0.849,0.15,88000.0,303500.0,292100.0,286200.0,-3.8,73,68,0,Clean
EMP10466,VP_CLOUD_AI,Elena Rostova,Cloud AI & Machine Learning,EMP10021,0,SW_ENG,IC1,APAC_SINGAPORE_TOKYO,5.3,0,rating_3,None,103000.0,116000.0,0.888,0.15,36000.0,178700.0,175900.0,167400.0,-1.6,26,24,0,Clean
EMP10467,VP_CLOUD_AI,Elena Rostova,Cloud AI & Machine Learning,EMP10029,0,AI_ML_ENG,IC1,APAC_SINGAPORE_TOKYO,3.3,0,rating_3,Tier_2,103200.0,116000.0,0.89,0.15,36000.0,157500.0,147800.0,143200.0,-6.2,53,45,0,Clean
EMP10468,VP_CLOUD_AI,Elena Rostova,Cloud AI & Machine Learning,EMP10013,0,RESEARCH_SCI,IC2,US_AUSTIN_DENVER,5.6,0,rating_4,Tier_1,161700.0,175800.0,0.92,0.15,76000.0,292300.0,281000.0,275200.0,-3.9,61,56,0,Clean
EMP10469,VP_CLOUD_AI,Elena Rostova,Cloud AI & Machine Learning,EMP10004,0,SW_ENG,IC3,UK_LONDON,7.9,0,rating_3,None,193900.0,195500.0,0.992,0.2,119000.0,371600.0,355100.0,361600.0,-4.4,90,84,0,Clean
EMP10470,VP_CLOUD_AI,Elena Rostova,Cloud AI & Machine Learning,EMP10029,0,PROD_MGMT,IC3,UK_LONDON,1.2,0,rating_5,None,172000.0,195500.0,0.88,0.2,119000.0,388200.0,360300.0,355600.0,-7.2,94,85,0,Clean
EMP10471,VP_CLOUD_AI,Elena Rostova,Cloud AI & Machine Learning,EMP10031,0,SW_ENG,IC4,US_BAY_AREA,4.4,1,rating_3,None,326200.0,327800.0,0.995,0.25,287500.0,700200.0,662100.0,631600.0,-5.4,39,32,0,Clean
EMP10472,VP_CLOUD_AI,Elena Rostova,Cloud AI & Machine Learning,EMP10009,0,PROD_MGMT,IC1,US_AUSTIN_DENVER,0.7,0,rating_4,None,122800.0,137800.0,0.891,0.15,42800.0,186300.0,183100.0,178900.0,-1.7,50,48,1,Clean
EMP10473,VP_CLOUD_AI,Elena Rostova,Cloud AI & Machine Learning,EMP10017,0,PROD_MGMT,IC1,US_BAY_AREA,2.9,0,rating_3,None,137800.0,166800.0,0.826,0.15,51700.0,212200.0,199900.0,189800.0,-5.8,10,2,0,Clean
EMP10474,VP_CLOUD_AI,Elena Rostova,Cloud AI & Machine Learning,EMP10005,0,SW_ENG,IC2,EU_ZURICH_MUNICH,6.7,0,rating_3,None,142300.0,170200.0,0.836,0.15,73600.0,270600.0,275000.0,266700.0,1.6,55,57,1,Clean
EMP10475,VP_CLOUD_AI,Elena Rostova,Cloud AI & Machine Learning,EMP10017,0,AI_ML_ENG,IC1,US_SEATTLE_NYC,3.0,0,rating_2,Tier_2,135400.0,159500.0,0.849,0.15,49500.0,200100.0,205800.0,199300.0,2.8,97,99,0,Clean
EMP10476,VP_CLOUD_AI,Elena Rostova,Cloud AI & Machine Learning,EMP10005,0,RESEARCH_SCI,IC2,US_BAY_AREA,3.6,0,rating_3,Tier_2,186300.0,212700.0,0.876,0.15,92000.0,316000.0,298700.0,297500.0,-5.5,44,37,0,Clean
EMP10477,VP_CLOUD_AI,Elena Rostova,Cloud AI & Machine Learning,EMP10023,0,AI_ML_ENG,IC3,US_SEATTLE_NYC,2.1,0,rating_3,Tier_2,213300.0,253000.0,0.843,0.2,154000.0,438800.0,323400.0,309700.0,-26.3,49,15,0,Clean
EMP10478,VP_CLOUD_AI,Elena Rostova,Cloud AI & Machine Learning,EMP10040,0,AI_ML_ENG,IC2,UK_LONDON,8.1,0,rating_4,Tier_1,138800.0,157200.0,0.883,0.15,68000.0,246800.0,187500.0,188500.0,-24.0,54,23,0,Clean
EMP10479,VP_CLOUD_AI,Elena Rostova,Cloud AI & Machine Learning,EMP10022,0,SW_ENG,IC1,US_BAY_AREA,8.8,0,rating_2,None,151600.0,166800.0,0.909,0.15,51700.0,228000.0,216600.0,207200.0,-5.0,40,34,0,Clean
EMP10480,VP_CLOUD_AI,Elena Rostova,Cloud AI & Machine Learning,EMP10008,0,PROD_MGMT,IC1,UK_LONDON,1.1,0,rating_4,None,116100.0,123200.0,0.942,0.15,38200.0,173100.0,160200.0,153800.0,-7.5,55,45,0,Clean
EMP10481,VP_CLOUD_AI,Elena Rostova,Cloud AI & Machine Learning,EMP10007,0,RESEARCH_SCI,IC3,EU_ZURICH_MUNICH,1.9,0,rating_3,Tier_2,200200.0,211600.0,0.946,0.2,128800.0,418400.0,432400.0,418500.0,3.3,43,47,0,Clean
EMP10482,VP_CLOUD_AI,Elena Rostova,Cloud AI & Machine Learning,EMP10040,0,AI_ML_ENG,IC1,US_BAY_AREA,6.7,0,rating_3,Tier_2,160100.0,166800.0,0.96,0.15,51700.0,244000.0,195900.0,184200.0,-19.7,15,1,0,Clean
EMP10483,VP_CLOUD_AI,Elena Rostova,Cloud AI & Machine Learning,EMP10033,0,PROD_MGMT,IC3,US_AUSTIN_DENVER,4.9,0,rating_3,None,195800.0,218500.0,0.896,0.2,133000.0,412400.0,427900.0,416700.0,3.8,37,42,0,Clean
EMP10484,VP_CLOUD_AI,Elena Rostova,Cloud AI & Machine Learning,EMP10021,0,AI_ML_ENG,IC1,EU_ZURICH_MUNICH,5.6,0,rating_3,Tier_2,131800.0,133400.0,0.988,0.15,41400.0,190800.0,139800.0,134600.0,-26.7,83,48,0,Clean
EMP10485,VP_CLOUD_AI,Elena Rostova,Cloud AI & Machine Learning,EMP10029,0,PROD_MGMT,IC1,US_AUSTIN_DENVER,0.6,0,rating_4,None,135600.0,137800.0,0.984,0.15,42800.0,212200.0,219000.0,212300.0,3.2,50,54,0,Clean
EMP10486,VP_CLOUD_AI,Elena Rostova,Cloud AI & Machine Learning,EMP10007,0,AI_ML_ENG,IC2,US_BAY_AREA,3.4,0,rating_3,Tier_2,202900.0,212700.0,0.954,0.15,92000.0,338300.0,310700.0,316300.0,-8.2,71,60,0,Clean
EMP10487,VP_CLOUD_AI,Elena Rostova,Cloud AI & Machine Learning,EMP10026,0,PROD_MGMT,IC1,APAC_SINGAPORE_TOKYO,3.5,0,rating_4,None,91800.0,116000.0,0.791,0.15,36000.0,160900.0,163200.0,165700.0,1.4,52,54,0,Clean
EMP10488,VP_CLOUD_AI,Elena Rostova,Cloud AI & Machine Learning,EMP10026,0,SW_ENG,IC4,US_SEATTLE_NYC,0.9,0,rating_3,None,286500.0,313500.0,0.914,0.25,275000.0,649100.0,602000.0,570700.0,-7.3,41,32,1,Clean
EMP10489,VP_CLOUD_AI,Elena Rostova,Cloud AI & Machine Learning,EMP10002,0,PROD_MGMT,IC4,EU_ZURICH_MUNICH,7.2,0,rating_3,None,234100.0,262200.0,0.893,0.25,230000.0,514700.0,518700.0,519400.0,0.8,40,41,0,Clean
EMP10490,VP_CLOUD_AI,Elena Rostova,Cloud AI & Machine Learning,EMP10032,0,SW_ENG,IC2,EU_ZURICH_MUNICH,3.8,0,rating_3,None,141800.0,170200.0,0.833,0.15,73600.0,232400.0,224500.0,227500.0,-3.4,92,88,0,Clean
EMP10491,VP_CLOUD_AI,Elena Rostova,Cloud AI & Machine Learning,EMP10025,0,AI_ML_ENG,IC2,US_BAY_AREA,7.0,0,rating_4,Tier_1,203300.0,212700.0,0.956,0.15,92000.0,308400.0,293200.0,284700.0,-4.9,84,78,0,Clean
EMP10492,VP_CLOUD_AI,Elena Rostova,Cloud AI & Machine Learning,EMP10032,0,PROD_MGMT,IC2,UK_LONDON,7.0,0,rating_2,None,137100.0,157200.0,0.872,0.15,68000.0,249300.0,239100.0,237700.0,-4.1,47,42,0,Clean
EMP10493,VP_CLOUD_AI,Elena Rostova,Cloud AI & Machine Learning,EMP10004,0,AI_ML_ENG,IC1,US_SEATTLE_NYC,3.5,1,rating_3,Tier_2,150600.0,159500.0,0.944,0.15,49500.0,231500.0,169200.0,163700.0,-26.9,33,1,0,Clean
EMP10494,VP_CLOUD_AI,Elena Rostova,Cloud AI & Machine Learning,EMP10016,0,SW_ENG,IC1,EU_ZURICH_MUNICH,6.1,0,rating_4,None,133700.0,133400.0,1.002,0.15,41400.0,195900.0,192000.0,181100.0,-2.0,71,68,0,Clean
EMP10495,VP_CLOUD_AI,Elena Rostova,Cloud AI & Machine Learning,EMP10033,0,SW_ENG,IC3,US_BAY_AREA,1.4,0,rating_5,None,232500.0,264500.0,0.879,0.2,161000.0,425300.0,418700.0,420700.0,-1.6,22,20,0,Clean
EMP10496,VP_CLOUD_AI,Elena Rostova,Cloud AI & Machine Learning,EMP10022,0,SW_ENG,IC2,US_SEATTLE_NYC,5.1,0,rating_3,None,175000.0,203500.0,0.86,0.15,88000.0,303100.0,306800.0,309000.0,1.2,37,39,0,Clean
EMP10497,VP_CLOUD_AI,Elena Rostova,Cloud AI & Machine Learning,EMP10004,0,PROD_MGMT,IC1,US_SEATTLE_NYC,5.0,0,rating_3,None,125200.0,159500.0,0.785,0.15,49500.0,195600.0,184900.0,182200.0,-5.5,9,2,0,Clean
EMP10498,VP_CLOUD_AI,Elena Rostova,Cloud AI & Machine Learning,EMP10023,0,SW_ENG,IC3,EU_ZURICH_MUNICH,7.0,0,rating_3,None,197800.0,211600.0,0.935,0.2,128800.0,384600.0,381200.0,372100.0,-0.9,28,27,0,Clean
EMP10499,VP_CLOUD_AI,Elena Rostova,Cloud AI & Machine Learning,EMP10002,0,RESEARCH_SCI,IC2,EU_ZURICH_MUNICH,8.2,0,rating_4,Tier_1,137400.0,170200.0,0.807,0.15,73600.0,236700.0,240300.0,242300.0,1.5,52,54,0,Clean
EMP10500,VP_CLOUD_AI,Elena Rostova,Cloud AI & Machine Learning,EMP10004,0,SW_ENG,IC2,UK_LONDON,1.0,0,rating_3,None,146800.0,157200.0,0.934,0.15,68000.0,254200.0,241900.0,243500.0,-4.8,63,57,0,Clean
EMP10501,VP_INFRA_SRE,Marcus Vance,Core Infrastructure & SRE,VP_INFRA_SRE,1,SYS_NET_ENG,IC3,APAC_SINGAPORE_TOKYO,2.7,0,rating_3,None,182000.0,184000.0,0.989,0.2,112000.0,361100.0,267200.0,257000.0,-26.0,86,55,0,Expiring 2024 retention grant creates 2027 cliff
EMP10502,VP_INFRA_SRE,Marcus Vance,Core Infrastructure & SRE,VP_INFRA_SRE,1,SYS_NET_ENG,IC4,UK_LONDON,4.8,0,rating_3,None,193800.0,242200.0,0.8,0.25,212500.0,580400.0,429500.0,415000.0,-26.0,64,33,0,Expiring 2024 retention grant creates 2027 cliff
EMP10503,VP_INFRA_SRE,Marcus Vance,Core Infrastructure & SRE,VP_INFRA_SRE,1,SYS_NET_ENG,IC3,APAC_SINGAPORE_TOKYO,3.0,0,rating_2,None,157900.0,184000.0,0.858,0.2,112000.0,366100.0,270900.0,274300.0,-26.0,48,17,0,Expiring 2024 retention grant creates 2027 cliff
EMP10504,VP_INFRA_SRE,Marcus Vance,Core Infrastructure & SRE,VP_INFRA_SRE,1,SYS_NET_ENG,IC4,EU_ZURICH_MUNICH,10.0,0,rating_5,None,244900.0,262200.0,0.934,0.25,230000.0,643200.0,476000.0,477800.0,-26.0,66,35,0,Expiring 2024 retention grant creates 2027 cliff
EMP10505,VP_INFRA_SRE,Marcus Vance,Core Infrastructure & SRE,VP_INFRA_SRE,1,SW_ENG,IC3,US_SEATTLE_NYC,10.4,0,rating_4,None,256800.0,253000.0,1.015,0.2,154000.0,470700.0,485400.0,498000.0,3.1,81,85,0,Clean
EMP10506,VP_INFRA_SRE,Marcus Vance,Core Infrastructure & SRE,VP_INFRA_SRE,1,SRE_ENG,IC3,US_SEATTLE_NYC,8.8,0,rating_3,None,216600.0,253000.0,0.856,0.2,154000.0,444200.0,453600.0,460200.0,2.1,36,39,0,Clean
EMP10507,VP_INFRA_SRE,Marcus Vance,Core Infrastructure & SRE,VP_INFRA_SRE,1,SW_ENG,IC5,US_SEATTLE_NYC,7.0,0,rating_3,None,374600.0,385000.0,0.973,0.3,495000.0,983900.0,1018300.0,971900.0,3.5,67,71,0,Clean
EMP10508,VP_INFRA_SRE,Marcus Vance,Core Infrastructure & SRE,VP_INFRA_SRE,1,SRE_ENG,IC4,US_AUSTIN_DENVER,6.5,0,rating_3,None,237000.0,270800.0,0.875,0.25,237500.0,555900.0,570500.0,548600.0,2.6,51,54,0,Clean
EMP10509,VP_INFRA_SRE,Marcus Vance,Core Infrastructure & SRE,VP_INFRA_SRE,1,SYS_NET_ENG,IC3,US_BAY_AREA,10.3,0,rating_1,None,227500.0,264500.0,0.86,0.2,161000.0,450800.0,463400.0,442300.0,2.8,20,23,0,Clean
EMP10510,VP_INFRA_SRE,Marcus Vance,Core Infrastructure & SRE,VP_INFRA_SRE,1,SYS_NET_ENG,IC4,EU_ZURICH_MUNICH,4.5,0,rating_3,None,229700.0,262200.0,0.876,0.25,230000.0,625000.0,634600.0,630000.0,1.5,79,81,0,Clean
EMP10511,VP_INFRA_SRE,Marcus Vance,Core Infrastructure & SRE,VP_INFRA_SRE,1,SRE_ENG,IC3,UK_LONDON,9.8,0,rating_3,None,207200.0,195500.0,1.06,0.2,119000.0,440100.0,450300.0,438500.0,2.3,36,39,0,Clean
EMP10512,VP_INFRA_SRE,Marcus Vance,Core Infrastructure & SRE,VP_INFRA_SRE,1,TECH_PROG_MGMT,IC3,APAC_SINGAPORE_TOKYO,9.1,0,rating_3,None,164700.0,184000.0,0.895,0.2,112000.0,378900.0,367600.0,351600.0,-3.0,95,91,0,Clean
EMP10513,VP_INFRA_SRE,Marcus Vance,Core Infrastructure & SRE,VP_INFRA_SRE,1,TECH_PROG_MGMT,IC3,US_AUSTIN_DENVER,5.5,0,rating_4,None,199900.0,218500.0,0.915,0.2,133000.0,423600.0,430700.0,426600.0,1.7,14,16,0,Clean
EMP10514,VP_INFRA_SRE,Marcus Vance,Core Infrastructure & SRE,VP_INFRA_SRE,1,SYS_NET_ENG,IC4,UK_LONDON,2.5,0,rating_3,None,219400.0,242200.0,0.906,0.25,212500.0,522200.0,516300.0,517000.0,-1.1,23,22,0,Clean
EMP10515,VP_INFRA_SRE,Marcus Vance,Core Infrastructure & SRE,VP_INFRA_SRE,1,SYS_NET_ENG,IC3,US_AUSTIN_DENVER,3.6,0,rating_3,None,199700.0,218500.0,0.914,0.2,133000.0,415500.0,425700.0,426500.0,2.5,53,56,0,Clean
EMP10516,VP_INFRA_SRE,Marcus Vance,Core Infrastructure & SRE,VP_INFRA_SRE,1,TECH_PROG_MGMT,IC3,US_AUSTIN_DENVER,4.9,0,rating_2,None,180000.0,218500.0,0.824,0.2,133000.0,354100.0,356000.0,347500.0,0.5,71,72,0,Clean
EMP10517,VP_INFRA_SRE,Marcus Vance,Core Infrastructure & SRE,VP_INFRA_SRE,1,SYS_NET_ENG,IC3,US_SEATTLE_NYC,7.2,0,rating_4,None,226200.0,253000.0,0.894,0.2,154000.0,437300.0,412100.0,392300.0,-5.8,71,64,0,Clean
EMP10518,VP_INFRA_SRE,Marcus Vance,Core Infrastructure & SRE,VP_INFRA_SRE,1,SW_ENG,IC4,US_BAY_AREA,4.7,0,rating_3,None,320900.0,327800.0,0.979,0.25,287500.0,647200.0,636900.0,626900.0,-1.6,56,54,0,Clean
EMP10519,VP_INFRA_SRE,Marcus Vance,Core Infrastructure & SRE,VP_INFRA_SRE,1,SYS_NET_ENG,IC3,US_SEATTLE_NYC,8.2,0,rating_3,None,244900.0,253000.0,0.968,0.2,154000.0,450400.0,469000.0,462600.0,4.1,54,59,0,Clean
EMP10520,VP_INFRA_SRE,Marcus Vance,Core Infrastructure & SRE,VP_INFRA_SRE,1,SW_ENG,IC3,US_SEATTLE_NYC,4.3,0,rating_3,None,264100.0,253000.0,1.044,0.2,154000.0,495200.0,486300.0,478800.0,-1.8,45,43,0,Clean
EMP10521,VP_INFRA_SRE,Marcus Vance,Core Infrastructure & SRE,VP_INFRA_SRE,1,SYS_NET_ENG,IC3,APAC_SINGAPORE_TOKYO,7.8,0,rating_3,None,167800.0,184000.0,0.912,0.2,112000.0,337600.0,328100.0,318600.0,-2.8,37,34,0,Clean
EMP10522,VP_INFRA_SRE,Marcus Vance,Core Infrastructure & SRE,VP_INFRA_SRE,1,SYS_NET_ENG,IC5,EU_ZURICH_MUNICH,8.3,0,rating_1,None,294000.0,322000.0,0.913,0.3,414000.0,817200.0,797200.0,801500.0,-2.4,36,33,0,Clean
EMP10523,VP_INFRA_SRE,Marcus Vance,Core Infrastructure & SRE,VP_INFRA_SRE,1,TECH_PROG_MGMT,IC4,APAC_SINGAPORE_TOKYO,5.5,0,rating_3,None,210000.0,228000.0,0.921,0.25,200000.0,494000.0,515000.0,508700.0,4.3,53,58,0,Clean
EMP10524,VP_INFRA_SRE,Marcus Vance,Core Infrastructure & SRE,VP_INFRA_SRE,1,SRE_ENG,IC4,US_BAY_AREA,7.3,0,rating_3,None,307500.0,327800.0,0.938,0.25,287500.0,658700.0,646100.0,663800.0,-1.9,89,87,0,Clean
EMP10525,VP_INFRA_SRE,Marcus Vance,Core Infrastructure & SRE,VP_INFRA_SRE,1,SYS_NET_ENG,IC3,US_SEATTLE_NYC,3.7,0,rating_4,None,202900.0,253000.0,0.802,0.2,154000.0,378700.0,369200.0,366400.0,-2.5,57,54,0,Clean
EMP10526,VP_INFRA_SRE,Marcus Vance,Core Infrastructure & SRE,VP_INFRA_SRE,1,SRE_ENG,IC3,US_SEATTLE_NYC,4.7,0,rating_3,None,202400.0,253000.0,0.8,0.2,154000.0,394100.0,389100.0,397700.0,-1.3,58,56,0,Clean
EMP10527,VP_INFRA_SRE,Marcus Vance,Core Infrastructure & SRE,VP_INFRA_SRE,1,SYS_NET_ENG,IC4,EU_ZURICH_MUNICH,9.8,0,rating_3,None,233600.0,262200.0,0.891,0.25,230000.0,641300.0,656700.0,631800.0,2.4,99,99,0,Clean
EMP10528,VP_INFRA_SRE,Marcus Vance,Core Infrastructure & SRE,VP_INFRA_SRE,1,TECH_PROG_MGMT,IC4,US_BAY_AREA,3.5,0,rating_2,None,310800.0,327800.0,0.948,0.25,287500.0,672300.0,644100.0,636000.0,-4.2,65,60,0,Clean
EMP10529,VP_INFRA_SRE,Marcus Vance,Core Infrastructure & SRE,VP_INFRA_SRE,1,TECH_PROG_MGMT,IC4,US_BAY_AREA,3.8,0,rating_3,None,262200.0,327800.0,0.8,0.25,287500.0,610000.0,580900.0,585300.0,-4.8,82,76,0,Clean
EMP10530,VP_INFRA_SRE,Marcus Vance,Core Infrastructure & SRE,VP_INFRA_SRE,1,SW_ENG,IC3,US_AUSTIN_DENVER,7.5,0,rating_3,None,208700.0,218500.0,0.955,0.2,133000.0,395500.0,410500.0,409200.0,3.8,70,75,0,Clean
EMP10531,VP_INFRA_SRE,Marcus Vance,Core Infrastructure & SRE,VP_INFRA_SRE,1,SW_ENG,IC5,UK_LONDON,10.8,0,rating_3,None,291600.0,297500.0,0.98,0.3,382500.0,805300.0,786100.0,764700.0,-2.4,50,47,0,Clean
EMP10532,VP_INFRA_SRE,Marcus Vance,Core Infrastructure & SRE,VP_INFRA_SRE,1,SYS_NET_ENG,IC3,EU_ZURICH_MUNICH,6.6,0,rating_3,None,204400.0,211600.0,0.966,0.2,128800.0,373300.0,369800.0,372200.0,-0.9,54,53,0,Clean
EMP10533,VP_INFRA_SRE,Marcus Vance,Core Infrastructure & SRE,VP_INFRA_SRE,1,SYS_NET_ENG,IC4,EU_ZURICH_MUNICH,11.0,0,rating_2,None,238900.0,262200.0,0.911,0.25,230000.0,601400.0,595300.0,610700.0,-1.0,42,41,0,Clean
EMP10534,VP_INFRA_SRE,Marcus Vance,Core Infrastructure & SRE,VP_INFRA_SRE,1,SW_ENG,IC5,US_SEATTLE_NYC,7.6,0,rating_3,None,388800.0,385000.0,1.01,0.3,495000.0,1090000.0,1113800.0,1106900.0,2.2,28,31,0,Clean
EMP10535,VP_INFRA_SRE,Marcus Vance,Core Infrastructure & SRE,VP_INFRA_SRE,1,SYS_NET_ENG,IC3,US_SEATTLE_NYC,5.9,0,rating_3,None,239300.0,253000.0,0.946,0.2,154000.0,414600.0,399200.0,391600.0,-3.7,96,92,0,Clean
EMP10536,VP_INFRA_SRE,Marcus Vance,Core Infrastructure & SRE,VP_INFRA_SRE,1,SW_ENG,IC4,US_BAY_AREA,5.6,0,rating_3,None,297600.0,327800.0,0.908,0.25,287500.0,712200.0,740300.0,739000.0,3.9,96,99,0,Clean
EMP10537,VP_INFRA_SRE,Marcus Vance,Core Infrastructure & SRE,VP_INFRA_SRE,1,SYS_NET_ENG,IC3,EU_ZURICH_MUNICH,6.1,0,rating_3,None,203100.0,211600.0,0.96,0.2,128800.0,388500.0,390800.0,374100.0,0.6,81,82,0,Clean
EMP10538,VP_INFRA_SRE,Marcus Vance,Core Infrastructure & SRE,VP_INFRA_SRE,1,SW_ENG,IC3,UK_LONDON,8.6,0,rating_3,None,180300.0,195500.0,0.922,0.2,119000.0,410500.0,416400.0,417200.0,1.4,51,53,0,Clean
EMP10539,VP_INFRA_SRE,Marcus Vance,Core Infrastructure & SRE,VP_INFRA_SRE,1,SRE_ENG,IC5,US_AUSTIN_DENVER,5.1,0,rating_4,None,304600.0,332500.0,0.916,0.3,427500.0,868600.0,910500.0,914800.0,4.8,60,66,0,Clean
EMP10540,VP_INFRA_SRE,Marcus Vance,Core Infrastructure & SRE,VP_INFRA_SRE,1,TECH_PROG_MGMT,IC3,US_AUSTIN_DENVER,6.4,0,rating_4,None,190300.0,218500.0,0.871,0.2,133000.0,390300.0,388800.0,382200.0,-0.4,46,46,0,Clean
EMP10541,VP_INFRA_SRE,Marcus Vance,Core Infrastructure & SRE,EMP10537,0,SYS_NET_ENG,IC3,US_AUSTIN_DENVER,0.9,0,rating_1,None,176300.0,218500.0,0.807,0.2,133000.0,363000.0,367400.0,370100.0,1.2,31,33,0,Clean
EMP10542,VP_INFRA_SRE,Marcus Vance,Core Infrastructure & SRE,EMP10520,0,TECH_PROG_MGMT,IC1,APAC_SINGAPORE_TOKYO,8.8,0,rating_3,None,91500.0,116000.0,0.789,0.15,36000.0,161700.0,151600.0,143500.0,-6.2,65,57,0,Clean
EMP10543,VP_INFRA_SRE,Marcus Vance,Core Infrastructure & SRE,EMP10507,0,SRE_ENG,IC2,US_BAY_AREA,6.7,0,rating_3,None,191600.0,212700.0,0.901,0.15,92000.0,304500.0,303100.0,303000.0,-0.5,54,53,0,Clean
EMP10544,VP_INFRA_SRE,Marcus Vance,Core Infrastructure & SRE,EMP10540,0,TECH_PROG_MGMT,IC2,US_AUSTIN_DENVER,4.6,0,rating_2,None,165600.0,175800.0,0.942,0.15,76000.0,286200.0,267400.0,251900.0,-6.6,59,50,0,Clean
EMP10545,VP_INFRA_SRE,Marcus Vance,Core Infrastructure & SRE,EMP10516,0,SW_ENG,IC2,US_BAY_AREA,8.7,1,rating_3,None,188200.0,212700.0,0.885,0.15,92000.0,291000.0,270600.0,269600.0,-7.0,77,68,0,Clean
EMP10546,VP_INFRA_SRE,Marcus Vance,Core Infrastructure & SRE,EMP10529,0,SW_ENG,IC2,US_AUSTIN_DENVER,7.7,1,rating_2,None,138900.0,175800.0,0.79,0.15,76000.0,252900.0,253600.0,258300.0,0.3,33,33,0,Stale pre-promotion band mapping suspected
EMP10547,VP_INFRA_SRE,Marcus Vance,Core Infrastructure & SRE,EMP10539,0,SYS_NET_ENG,IC3,US_BAY_AREA,6.6,0,rating_3,None,219300.0,264500.0,0.829,0.2,161000.0,429700.0,436600.0,427400.0,1.6,54,56,0,Clean
EMP10548,VP_INFRA_SRE,Marcus Vance,Core Infrastructure & SRE,EMP10528,0,SRE_ENG,IC2,US_AUSTIN_DENVER,0.7,0,rating_3,None,170000.0,175800.0,0.967,0.15,76000.0,301100.0,287600.0,286400.0,-4.5,36,30,0,Clean
EMP10549,VP_INFRA_SRE,Marcus Vance,Core Infrastructure & SRE,EMP10513,0,TECH_PROG_MGMT,IC2,US_SEATTLE_NYC,8.0,0,rating_3,None,166300.0,203500.0,0.817,0.15,88000.0,293300.0,294200.0,287600.0,0.3,50,50,0,Clean
EMP10550,VP_INFRA_SRE,Marcus Vance,Core Infrastructure & SRE,EMP10525,0,SYS_NET_ENG,IC4,UK_LONDON,2.2,0,rating_3,None,230600.0,242200.0,0.952,0.25,212500.0,594400.0,592400.0,563000.0,-0.3,8,8,0,Clean
EMP10551,VP_INFRA_SRE,Marcus Vance,Core Infrastructure & SRE,EMP10507,0,TECH_PROG_MGMT,IC3,US_AUSTIN_DENVER,7.8,0,rating_5,None,200800.0,218500.0,0.919,0.2,133000.0,378300.0,377500.0,360100.0,-0.2,82,82,0,Clean
EMP10552,VP_INFRA_SRE,Marcus Vance,Core Infrastructure & SRE,EMP10505,0,SRE_ENG,IC1,EU_ZURICH_MUNICH,5.2,0,rating_3,None,123100.0,133400.0,0.923,0.15,41400.0,197500.0,199500.0,199800.0,1.0,83,84,0,Clean
EMP10553,VP_INFRA_SRE,Marcus Vance,Core Infrastructure & SRE,EMP10533,0,SRE_ENG,IC2,APAC_SINGAPORE_TOKYO,5.7,0,rating_4,None,158500.0,148000.0,1.071,0.15,64000.0,280500.0,290800.0,291500.0,3.7,70,75,0,Clean
EMP10554,VP_INFRA_SRE,Marcus Vance,Core Infrastructure & SRE,EMP10507,0,SRE_ENG,IC3,EU_ZURICH_MUNICH,4.8,0,rating_4,None,209100.0,211600.0,0.988,0.2,128800.0,380900.0,361100.0,352200.0,-5.2,73,66,0,Clean
EMP10555,VP_INFRA_SRE,Marcus Vance,Core Infrastructure & SRE,EMP10507,0,SYS_NET_ENG,IC1,US_AUSTIN_DENVER,4.5,0,rating_3,None,127500.0,137800.0,0.925,0.15,42800.0,202200.0,184200.0,185400.0,-8.9,41,29,0,Clean
EMP10556,VP_INFRA_SRE,Marcus Vance,Core Infrastructure & SRE,EMP10511,0,SYS_NET_ENG,IC1,APAC_SINGAPORE_TOKYO,7.3,0,rating_3,None,105800.0,116000.0,0.912,0.15,36000.0,176900.0,170700.0,163600.0,-3.5,29,24,0,Clean
EMP10557,VP_INFRA_SRE,Marcus Vance,Core Infrastructure & SRE,EMP10527,0,SYS_NET_ENG,IC3,US_BAY_AREA,7.1,0,rating_3,None,211100.0,264500.0,0.798,0.2,161000.0,377200.0,359800.0,349800.0,-4.6,67,61,0,Clean
EMP10558,VP_INFRA_SRE,Marcus Vance,Core Infrastructure & SRE,EMP10526,0,SW_ENG,IC3,EU_ZURICH_MUNICH,6.3,0,rating_3,None,212000.0,211600.0,1.002,0.2,128800.0,409800.0,388700.0,377900.0,-5.1,64,57,0,Clean
EMP10559,VP_INFRA_SRE,Marcus Vance,Core Infrastructure & SRE,EMP10520,0,SYS_NET_ENG,IC2,US_AUSTIN_DENVER,5.1,0,rating_3,None,170000.0,175800.0,0.967,0.15,76000.0,291500.0,282200.0,269900.0,-3.2,53,49,0,Clean
EMP10560,VP_INFRA_SRE,Marcus Vance,Core Infrastructure & SRE,EMP10529,0,TECH_PROG_MGMT,IC2,US_SEATTLE_NYC,5.1,0,rating_3,None,189700.0,203500.0,0.932,0.15,88000.0,315000.0,322700.0,316800.0,2.4,45,48,0,Clean
EMP10561,VP_INFRA_SRE,Marcus Vance,Core Infrastructure & SRE,EMP10533,0,SYS_NET_ENG,IC2,APAC_SINGAPORE_TOKYO,8.9,0,rating_4,None,136000.0,148000.0,0.919,0.15,64000.0,234100.0,236600.0,236200.0,1.1,57,58,0,Clean
EMP10562,VP_INFRA_SRE,Marcus Vance,Core Infrastructure & SRE,EMP10504,0,SYS_NET_ENG,IC3,APAC_SINGAPORE_TOKYO,3.4,0,rating_4,None,160800.0,184000.0,0.874,0.2,112000.0,343400.0,514100.0,483500.0,49.7,51,99,0,2027 Manager Inversion vs EMP10504
EMP10563,VP_INFRA_SRE,Marcus Vance,Core Infrastructure & SRE,EMP10538,0,SW_ENG,IC2,US_AUSTIN_DENVER,1.4,0,rating_4,None,154400.0,175800.0,0.878,0.15,76000.0,251200.0,240900.0,240700.0,-4.1,86,81,0,Clean
EMP10564,VP_INFRA_SRE,Marcus Vance,Core Infrastructure & SRE,EMP10513,0,SYS_NET_ENG,IC3,UK_LONDON,4.3,0,rating_4,None,195500.0,195500.0,1.0,0.2,119000.0,358000.0,367100.0,359100.0,2.5,74,77,0,Clean
EMP10565,VP_INFRA_SRE,Marcus Vance,Core Infrastructure & SRE,EMP10534,0,TECH_PROG_MGMT,IC2,US_AUSTIN_DENVER,1.9,0,rating_5,None,144900.0,175800.0,0.824,0.15,76000.0,272500.0,273900.0,266600.0,0.5,35,36,0,Clean
EMP10566,VP_INFRA_SRE,Marcus Vance,Core Infrastructure & SRE,EMP10532,0,SW_ENG,IC2,APAC_SINGAPORE_TOKYO,8.3,0,rating_3,None,122000.0,148000.0,0.824,0.15,64000.0,209600.0,195000.0,192000.0,-7.0,50,41,0,Clean
EMP10567,VP_INFRA_SRE,Marcus Vance,Core Infrastructure & SRE,EMP10527,0,SYS_NET_ENG,IC1,EU_ZURICH_MUNICH,1.7,0,rating_2,None,118600.0,133400.0,0.889,0.15,41400.0,183100.0,173600.0,163600.0,-5.2,80,73,0,Clean
EMP10568,VP_INFRA_SRE,Marcus Vance,Core Infrastructure & SRE,EMP10527,0,SYS_NET_ENG,IC1,US_AUSTIN_DENVER,5.4,0,rating_3,None,129300.0,137800.0,0.938,0.15,42800.0,194800.0,199300.0,194000.0,2.3,95,98,0,Clean
EMP10569,VP_INFRA_SRE,Marcus Vance,Core Infrastructure & SRE,EMP10522,0,TECH_PROG_MGMT,IC3,APAC_SINGAPORE_TOKYO,6.7,0,rating_2,None,170900.0,184000.0,0.929,0.2,112000.0,377400.0,376200.0,358100.0,-0.3,41,41,0,Clean
EMP10570,VP_INFRA_SRE,Marcus Vance,Core Infrastructure & SRE,EMP10540,0,TECH_PROG_MGMT,IC2,UK_LONDON,7.9,0,rating_3,None,144300.0,157200.0,0.918,0.15,68000.0,269500.0,271000.0,268700.0,0.6,76,77,0,Clean
EMP10571,VP_INFRA_SRE,Marcus Vance,Core Infrastructure & SRE,EMP10537,0,SYS_NET_ENG,IC2,EU_ZURICH_MUNICH,4.9,0,rating_2,None,144300.0,170200.0,0.848,0.15,73600.0,255600.0,257800.0,262100.0,0.9,25,26,0,Clean
EMP10572,VP_INFRA_SRE,Marcus Vance,Core Infrastructure & SRE,EMP10533,0,SRE_ENG,IC3,APAC_SINGAPORE_TOKYO,4.3,0,rating_1,None,175000.0,184000.0,0.951,0.2,112000.0,346200.0,346800.0,350600.0,0.2,46,46,0,Clean
EMP10573,VP_INFRA_SRE,Marcus Vance,Core Infrastructure & SRE,EMP10539,0,SRE_ENG,IC1,UK_LONDON,1.5,0,rating_3,None,113300.0,123200.0,0.92,0.15,38200.0,187900.0,178700.0,171700.0,-4.9,48,42,0,Clean
EMP10574,VP_INFRA_SRE,Marcus Vance,Core Infrastructure & SRE,EMP10511,0,SW_ENG,IC1,US_AUSTIN_DENVER,6.6,0,rating_5,None,126100.0,137800.0,0.915,0.15,42800.0,184600.0,191100.0,182400.0,3.5,38,43,0,Clean
EMP10575,VP_INFRA_SRE,Marcus Vance,Core Infrastructure & SRE,EMP10507,0,TECH_PROG_MGMT,IC1,US_AUSTIN_DENVER,4.8,1,rating_4,None,124300.0,137800.0,0.902,0.15,42800.0,186500.0,184200.0,176600.0,-1.2,99,97,0,Clean
EMP10576,VP_INFRA_SRE,Marcus Vance,Core Infrastructure & SRE,EMP10508,0,SYS_NET_ENG,IC1,UK_LONDON,5.5,0,rating_1,None,109200.0,123200.0,0.886,0.15,38200.0,184400.0,168300.0,165700.0,-8.7,49,38,0,Clean
EMP10577,VP_INFRA_SRE,Marcus Vance,Core Infrastructure & SRE,EMP10536,0,SW_ENG,IC2,US_AUSTIN_DENVER,1.9,0,rating_4,None,147800.0,175800.0,0.841,0.15,76000.0,269300.0,250000.0,245800.0,-7.2,41,32,0,Clean
EMP10578,VP_INFRA_SRE,Marcus Vance,Core Infrastructure & SRE,EMP10528,0,TECH_PROG_MGMT,IC4,US_BAY_AREA,4.6,0,rating_4,None,323900.0,327800.0,0.988,0.25,287500.0,738900.0,672500.0,682400.0,-9.0,52,40,0,Clean
EMP10579,VP_INFRA_SRE,Marcus Vance,Core Infrastructure & SRE,EMP10525,0,SW_ENG,IC4,EU_ZURICH_MUNICH,7.6,0,rating_2,None,246700.0,262200.0,0.941,0.25,230000.0,529600.0,488100.0,486100.0,-7.8,36,26,0,Clean
EMP10580,VP_INFRA_SRE,Marcus Vance,Core Infrastructure & SRE,EMP10518,0,SW_ENG,IC3,EU_ZURICH_MUNICH,2.8,0,rating_4,None,165900.0,211600.0,0.784,0.2,128800.0,362600.0,376100.0,374800.0,3.7,51,56,0,Clean
EMP10581,VP_INFRA_SRE,Marcus Vance,Core Infrastructure & SRE,EMP10521,0,TECH_PROG_MGMT,IC1,EU_ZURICH_MUNICH,2.0,0,rating_2,None,111700.0,133400.0,0.837,0.15,41400.0,180400.0,164300.0,154600.0,-8.9,99,87,0,Clean
EMP10582,VP_INFRA_SRE,Marcus Vance,Core Infrastructure & SRE,EMP10532,0,SRE_ENG,IC3,APAC_SINGAPORE_TOKYO,3.7,0,rating_4,None,158100.0,184000.0,0.859,0.2,112000.0,339900.0,314800.0,320400.0,-7.4,28,18,0,Clean
EMP10583,VP_INFRA_SRE,Marcus Vance,Core Infrastructure & SRE,EMP10525,0,SRE_ENG,IC1,US_BAY_AREA,3.5,0,rating_3,None,126800.0,166800.0,0.76,0.15,51700.0,184500.0,174600.0,177000.0,-5.4,65,58,0,Clean
EMP10584,VP_INFRA_SRE,Marcus Vance,Core Infrastructure & SRE,EMP10540,0,SW_ENG,IC2,US_SEATTLE_NYC,8.9,0,rating_1,None,222200.0,203500.0,1.092,0.15,88000.0,351700.0,347800.0,327100.0,-1.1,44,43,0,Clean
EMP10585,VP_INFRA_SRE,Marcus Vance,Core Infrastructure & SRE,EMP10508,0,TECH_PROG_MGMT,IC3,US_SEATTLE_NYC,1.1,0,rating_3,None,205700.0,253000.0,0.813,0.2,154000.0,405400.0,372400.0,353900.0,-8.1,41,30,0,Clean
EMP10586,VP_INFRA_SRE,Marcus Vance,Core Infrastructure & SRE,EMP10537,0,SYS_NET_ENG,IC3,US_SEATTLE_NYC,0.5,0,rating_5,None,232500.0,253000.0,0.919,0.2,154000.0,441000.0,440300.0,445000.0,-0.2,48,48,0,Clean
EMP10587,VP_INFRA_SRE,Marcus Vance,Core Infrastructure & SRE,EMP10504,0,SYS_NET_ENG,IC3,UK_LONDON,6.6,0,rating_2,None,185700.0,195500.0,0.95,0.2,119000.0,376500.0,514100.0,485000.0,36.5,32,79,1,2027 Manager Inversion vs EMP10504
EMP10588,VP_INFRA_SRE,Marcus Vance,Core Infrastructure & SRE,EMP10527,0,SYS_NET_ENG,IC2,US_BAY_AREA,8.6,0,rating_4,None,183100.0,212700.0,0.861,0.15,92000.0,318200.0,298900.0,297500.0,-6.1,66,58,0,Clean
EMP10589,VP_INFRA_SRE,Marcus Vance,Core Infrastructure & SRE,EMP10513,0,SYS_NET_ENG,IC1,US_BAY_AREA,2.6,0,rating_3,None,148100.0,166800.0,0.888,0.15,51700.0,221900.0,220000.0,212700.0,-0.9,44,43,0,Clean
EMP10590,VP_INFRA_SRE,Marcus Vance,Core Infrastructure & SRE,EMP10516,0,SRE_ENG,IC4,US_AUSTIN_DENVER,1.6,0,rating_2,None,232600.0,270800.0,0.859,0.25,237500.0,558100.0,514800.0,502300.0,-7.8,50,40,0,Clean
EMP10591,VP_INFRA_SRE,Marcus Vance,Core Infrastructure & SRE,EMP10503,0,SRE_ENG,IC2,US_SEATTLE_NYC,0.9,0,rating_2,None,209000.0,203500.0,1.027,0.15,88000.0,325700.0,300700.0,284000.0,-7.7,68,58,0,Clean
EMP10592,VP_INFRA_SRE,Marcus Vance,Core Infrastructure & SRE,EMP10526,0,TECH_PROG_MGMT,IC1,US_SEATTLE_NYC,1.4,0,rating_3,None,158100.0,159500.0,0.991,0.15,49500.0,230500.0,222600.0,220300.0,-3.4,20,16,0,Clean
EMP10593,VP_INFRA_SRE,Marcus Vance,Core Infrastructure & SRE,EMP10502,0,SYS_NET_ENG,IC2,EU_ZURICH_MUNICH,5.9,0,rating_3,None,156900.0,170200.0,0.922,0.15,73600.0,280000.0,261800.0,258100.0,-6.5,62,54,0,Clean
EMP10594,VP_INFRA_SRE,Marcus Vance,Core Infrastructure & SRE,EMP10527,0,TECH_PROG_MGMT,IC2,US_SEATTLE_NYC,3.1,0,rating_2,None,186200.0,203500.0,0.915,0.15,88000.0,299500.0,309900.0,310000.0,3.5,95,99,0,Clean
EMP10595,VP_INFRA_SRE,Marcus Vance,Core Infrastructure & SRE,EMP10510,0,SYS_NET_ENG,IC1,EU_ZURICH_MUNICH,7.6,0,rating_1,None,116500.0,133400.0,0.873,0.15,41400.0,187500.0,172000.0,168700.0,-8.3,71,60,0,Clean
EMP10596,VP_INFRA_SRE,Marcus Vance,Core Infrastructure & SRE,EMP10528,0,SW_ENG,IC1,APAC_SINGAPORE_TOKYO,3.3,0,rating_3,None,117500.0,116000.0,1.013,0.15,36000.0,189000.0,196100.0,193700.0,3.8,29,34,0,Clean
EMP10597,VP_INFRA_SRE,Marcus Vance,Core Infrastructure & SRE,EMP10522,0,TECH_PROG_MGMT,IC2,US_AUSTIN_DENVER,2.5,1,rating_4,None,167000.0,175800.0,0.95,0.15,76000.0,268800.0,244700.0,234400.0,-9.0,75,63,0,Clean
EMP10598,VP_INFRA_SRE,Marcus Vance,Core Infrastructure & SRE,EMP10516,0,SYS_NET_ENG,IC2,APAC_SINGAPORE_TOKYO,1.7,1,rating_4,None,127300.0,148000.0,0.86,0.15,64000.0,214800.0,205500.0,202300.0,-4.3,69,63,0,Clean
EMP10599,VP_INFRA_SRE,Marcus Vance,Core Infrastructure & SRE,EMP10538,0,SYS_NET_ENG,IC3,US_BAY_AREA,2.6,0,rating_3,None,252900.0,264500.0,0.956,0.2,161000.0,440800.0,411100.0,414300.0,-6.7,50,41,0,Clean
EMP10600,VP_INFRA_SRE,Marcus Vance,Core Infrastructure & SRE,EMP10512,0,SRE_ENG,IC3,US_BAY_AREA,3.6,0,rating_3,None,245700.0,264500.0,0.929,0.2,161000.0,437500.0,410100.0,400500.0,-6.3,41,33,0,Clean
EMP10601,VP_INFRA_SRE,Marcus Vance,Core Infrastructure & SRE,EMP10511,0,TECH_PROG_MGMT,IC3,APAC_SINGAPORE_TOKYO,5.6,0,rating_4,None,174100.0,184000.0,0.946,0.2,112000.0,341300.0,327400.0,317600.0,-4.1,57,52,0,Clean
EMP10602,VP_INFRA_SRE,Marcus Vance,Core Infrastructure & SRE,EMP10516,0,SW_ENG,IC3,EU_ZURICH_MUNICH,5.5,0,rating_3,None,190200.0,211600.0,0.899,0.2,128800.0,366800.0,339800.0,333200.0,-7.4,65,55,0,Clean
EMP10603,VP_INFRA_SRE,Marcus Vance,Core Infrastructure & SRE,EMP10506,0,SRE_ENG,IC3,US_SEATTLE_NYC,3.7,0,rating_3,None,200600.0,253000.0,0.793,0.2,154000.0,394600.0,382900.0,369800.0,-3.0,50,46,0,Clean
EMP10604,VP_INFRA_SRE,Marcus Vance,Core Infrastructure & SRE,EMP10532,0,TECH_PROG_MGMT,IC2,APAC_SINGAPORE_TOKYO,3.1,0,rating_1,None,146800.0,148000.0,0.992,0.15,64000.0,244900.0,250300.0,243200.0,2.2,37,40,0,Clean
EMP10605,VP_INFRA_SRE,Marcus Vance,Core Infrastructure & SRE,EMP10537,0,SYS_NET_ENG,IC1,US_AUSTIN_DENVER,5.8,0,rating_2,None,120400.0,137800.0,0.874,0.15,42800.0,184700.0,182100.0,178000.0,-1.4,48,46,0,Clean
EMP10606,VP_INFRA_SRE,Marcus Vance,Core Infrastructure & SRE,EMP10530,0,SYS_NET_ENG,IC2,UK_LONDON,7.7,0,rating_2,None,138700.0,157200.0,0.882,0.15,68000.0,253300.0,242300.0,229400.0,-4.3,74,68,0,Clean
EMP10607,VP_INFRA_SRE,Marcus Vance,Core Infrastructure & SRE,EMP10506,0,SW_ENG,IC3,US_BAY_AREA,7.0,0,rating_3,None,253700.0,264500.0,0.959,0.2,161000.0,470700.0,443600.0,443400.0,-5.8,67,59,0,Clean
EMP10608,VP_INFRA_SRE,Marcus Vance,Core Infrastructure & SRE,EMP10513,0,SW_ENG,IC2,APAC_SINGAPORE_TOKYO,3.9,0,rating_1,None,133200.0,148000.0,0.9,0.15,64000.0,254100.0,257100.0,250000.0,1.2,1,3,0,Clean
EMP10609,VP_INFRA_SRE,Marcus Vance,Core Infrastructure & SRE,EMP10501,0,SW_ENG,IC2,UK_LONDON,7.4,0,rating_3,None,145600.0,157200.0,0.926,0.15,68000.0,258900.0,254200.0,248500.0,-1.8,90,88,0,Clean
EMP10610,VP_INFRA_SRE,Marcus Vance,Core Infrastructure & SRE,EMP10506,0,SW_ENG,IC1,UK_LONDON,1.6,0,rating_3,None,113800.0,123200.0,0.924,0.15,38200.0,181700.0,174200.0,171800.0,-4.1,15,10,0,Clean
EMP10611,VP_INFRA_SRE,Marcus Vance,Core Infrastructure & SRE,EMP10501,0,SYS_NET_ENG,IC2,US_AUSTIN_DENVER,5.3,0,rating_4,None,161900.0,175800.0,0.921,0.15,76000.0,281800.0,267400.0,263900.0,-5.1,77,70,1,Clean
EMP10612,VP_INFRA_SRE,Marcus Vance,Core Infrastructure & SRE,EMP10509,0,SYS_NET_ENG,IC1,EU_ZURICH_MUNICH,5.0,0,rating_3,None,112700.0,133400.0,0.845,0.15,41400.0,189900.0,177900.0,172800.0,-6.3,28,20,0,Clean
EMP10613,VP_INFRA_SRE,Marcus Vance,Core Infrastructure & SRE,EMP10507,0,TECH_PROG_MGMT,IC1,APAC_SINGAPORE_TOKYO,2.1,0,rating_2,None,108300.0,116000.0,0.934,0.15,36000.0,163500.0,163400.0,160000.0,-0.1,45,45,1,Clean
EMP10614,VP_INFRA_SRE,Marcus Vance,Core Infrastructure & SRE,EMP10525,0,SW_ENG,IC1,US_AUSTIN_DENVER,1.8,0,rating_2,None,123500.0,137800.0,0.896,0.15,42800.0,184100.0,188100.0,183000.0,2.2,44,47,0,Clean
EMP10615,VP_INFRA_SRE,Marcus Vance,Core Infrastructure & SRE,EMP10535,0,SRE_ENG,IC2,UK_LONDON,5.6,0,rating_2,None,164300.0,157200.0,1.045,0.15,68000.0,274200.0,274800.0,268700.0,0.2,39,39,0,Clean
EMP10616,VP_INFRA_SRE,Marcus Vance,Core Infrastructure & SRE,EMP10538,0,TECH_PROG_MGMT,IC1,US_AUSTIN_DENVER,5.3,0,rating_3,None,134200.0,137800.0,0.974,0.15,42800.0,206200.0,194300.0,187800.0,-5.8,99,91,0,Clean
EMP10617,VP_INFRA_SRE,Marcus Vance,Core Infrastructure & SRE,EMP10530,0,SRE_ENG,IC2,US_AUSTIN_DENVER,7.7,0,rating_3,None,143300.0,175800.0,0.815,0.15,76000.0,264500.0,254100.0,255600.0,-3.9,9,4,0,Clean
EMP10618,VP_INFRA_SRE,Marcus Vance,Core Infrastructure & SRE,EMP10512,0,TECH_PROG_MGMT,IC3,UK_LONDON,1.8,0,rating_3,None,162900.0,195500.0,0.833,0.2,119000.0,363400.0,332800.0,336400.0,-8.4,75,64,0,Clean
EMP10619,VP_INFRA_SRE,Marcus Vance,Core Infrastructure & SRE,EMP10535,0,SRE_ENG,IC1,APAC_SINGAPORE_TOKYO,6.9,0,rating_4,None,103000.0,116000.0,0.888,0.15,36000.0,173800.0,160900.0,156000.0,-7.4,1,1,0,Clean
EMP10620,VP_INFRA_SRE,Marcus Vance,Core Infrastructure & SRE,EMP10521,0,SW_ENG,IC2,US_AUSTIN_DENVER,3.9,0,rating_1,None,161000.0,175800.0,0.916,0.15,76000.0,280200.0,271800.0,263000.0,-3.0,59,55,0,Clean
EMP10621,VP_INFRA_SRE,Marcus Vance,Core Infrastructure & SRE,EMP10503,0,SRE_ENG,IC1,APAC_SINGAPORE_TOKYO,8.6,0,rating_3,None,111800.0,116000.0,0.964,0.15,36000.0,168400.0,165300.0,158600.0,-1.8,41,39,0,Clean
EMP10622,VP_INFRA_SRE,Marcus Vance,Core Infrastructure & SRE,EMP10518,0,SW_ENG,IC3,US_BAY_AREA,2.8,0,rating_2,None,231700.0,264500.0,0.876,0.2,161000.0,408800.0,407700.0,383600.0,-0.3,43,43,0,Clean
EMP10623,VP_INFRA_SRE,Marcus Vance,Core Infrastructure & SRE,EMP10512,0,SRE_ENG,IC1,APAC_SINGAPORE_TOKYO,1.4,0,rating_2,None,97000.0,116000.0,0.836,0.15,36000.0,161600.0,161000.0,159800.0,-0.4,47,46,0,Clean
EMP10624,VP_INFRA_SRE,Marcus Vance,Core Infrastructure & SRE,EMP10529,0,SRE_ENG,IC1,US_BAY_AREA,8.9,0,rating_4,None,154600.0,166800.0,0.927,0.15,51700.0,221400.0,204100.0,198700.0,-7.8,11,1,0,Clean
EMP10625,VP_INFRA_SRE,Marcus Vance,Core Infrastructure & SRE,EMP10513,0,SRE_ENG,IC2,US_SEATTLE_NYC,7.4,0,rating_4,None,191300.0,203500.0,0.94,0.15,88000.0,317000.0,290300.0,284800.0,-8.4,49,38,0,Clean
EMP10626,VP_INFRA_SRE,Marcus Vance,Core Infrastructure & SRE,EMP10513,0,TECH_PROG_MGMT,IC2,UK_LONDON,4.4,0,rating_3,None,148600.0,157200.0,0.945,0.15,68000.0,255000.0,242500.0,235500.0,-4.9,63,57,1,Clean
EMP10627,VP_INFRA_SRE,Marcus Vance,Core Infrastructure & SRE,EMP10518,0,SYS_NET_ENG,IC2,US_BAY_AREA,8.9,0,rating_3,None,203100.0,212700.0,0.955,0.15,92000.0,340900.0,314700.0,309300.0,-7.7,59,49,0,Clean
EMP10628,VP_INFRA_SRE,Marcus Vance,Core Infrastructure & SRE,EMP10511,0,SRE_ENG,IC1,EU_ZURICH_MUNICH,7.0,0,rating_3,None,115400.0,133400.0,0.865,0.15,41400.0,188300.0,174600.0,166600.0,-7.3,82,73,0,Clean
EMP10629,VP_INFRA_SRE,Marcus Vance,Core Infrastructure & SRE,EMP10531,0,SRE_ENG,IC1,EU_ZURICH_MUNICH,0.7,0,rating_3,None,130100.0,133400.0,0.975,0.15,41400.0,199200.0,199500.0,187700.0,0.2,38,38,0,Clean
EMP10630,VP_INFRA_SRE,Marcus Vance,Core Infrastructure & SRE,EMP10508,0,TECH_PROG_MGMT,IC1,US_SEATTLE_NYC,8.3,0,rating_3,None,142300.0,159500.0,0.892,0.15,49500.0,205300.0,192300.0,181300.0,-6.3,46,38,0,Clean
EMP10631,VP_INFRA_SRE,Marcus Vance,Core Infrastructure & SRE,EMP10529,0,SYS_NET_ENG,IC3,US_SEATTLE_NYC,0.7,0,rating_4,None,225700.0,253000.0,0.892,0.2,154000.0,458200.0,455600.0,438800.0,-0.6,86,85,0,Clean
EMP10632,VP_INFRA_SRE,Marcus Vance,Core Infrastructure & SRE,EMP10522,0,SW_ENG,IC1,EU_ZURICH_MUNICH,4.9,0,rating_5,None,141000.0,133400.0,1.057,0.15,41400.0,216100.0,202900.0,204900.0,-6.1,70,62,0,Clean
EMP10633,VP_INFRA_SRE,Marcus Vance,Core Infrastructure & SRE,EMP10501,0,TECH_PROG_MGMT,IC1,US_BAY_AREA,7.3,0,rating_5,None,155500.0,166800.0,0.932,0.15,51700.0,219900.0,205100.0,201800.0,-6.7,50,41,0,Clean
EMP10634,VP_INFRA_SRE,Marcus Vance,Core Infrastructure & SRE,EMP10533,0,TECH_PROG_MGMT,IC1,US_AUSTIN_DENVER,2.2,0,rating_3,None,128700.0,137800.0,0.934,0.15,42800.0,193100.0,190200.0,193500.0,-1.5,66,64,0,Clean
EMP10635,VP_INFRA_SRE,Marcus Vance,Core Infrastructure & SRE,EMP10531,0,SYS_NET_ENG,IC1,UK_LONDON,4.6,0,rating_3,None,105100.0,123200.0,0.853,0.15,38200.0,168900.0,157100.0,159700.0,-7.0,71,62,0,Clean
EMP10636,VP_INFRA_SRE,Marcus Vance,Core Infrastructure & SRE,EMP10528,0,SYS_NET_ENG,IC3,EU_ZURICH_MUNICH,4.6,0,rating_2,None,174400.0,211600.0,0.824,0.2,128800.0,349700.0,331100.0,326100.0,-5.3,45,38,0,Clean
EMP10637,VP_INFRA_SRE,Marcus Vance,Core Infrastructure & SRE,EMP10531,0,SW_ENG,IC1,US_BAY_AREA,3.7,0,rating_3,None,165500.0,166800.0,0.992,0.15,51700.0,249400.0,257400.0,261900.0,3.2,54,58,0,Clean
EMP10638,VP_INFRA_SRE,Marcus Vance,Core Infrastructure & SRE,EMP10538,0,SRE_ENG,IC1,US_BAY_AREA,4.8,0,rating_2,None,140400.0,166800.0,0.842,0.15,51700.0,205500.0,211400.0,210900.0,2.9,73,77,0,Clean
EMP10639,VP_INFRA_SRE,Marcus Vance,Core Infrastructure & SRE,EMP10524,0,TECH_PROG_MGMT,IC2,UK_LONDON,6.0,0,rating_1,None,142300.0,157200.0,0.905,0.15,68000.0,256800.0,256300.0,255200.0,-0.2,34,34,0,Clean
EMP10640,VP_INFRA_SRE,Marcus Vance,Core Infrastructure & SRE,EMP10530,0,SW_ENG,IC3,US_AUSTIN_DENVER,3.8,0,rating_3,None,199100.0,218500.0,0.911,0.2,133000.0,366100.0,337500.0,336500.0,-7.8,84,74,0,Clean
EMP10641,VP_INFRA_SRE,Marcus Vance,Core Infrastructure & SRE,EMP10506,0,SW_ENG,IC2,UK_LONDON,6.7,0,rating_3,None,148900.0,157200.0,0.947,0.15,68000.0,260500.0,267100.0,263600.0,2.5,74,77,0,Clean
EMP10642,VP_INFRA_SRE,Marcus Vance,Core Infrastructure & SRE,EMP10506,0,SYS_NET_ENG,IC1,US_SEATTLE_NYC,1.3,0,rating_3,None,144200.0,159500.0,0.904,0.15,49500.0,204200.0,190300.0,186400.0,-6.8,68,59,0,Clean
EMP10643,VP_INFRA_SRE,Marcus Vance,Core Infrastructure & SRE,EMP10527,0,SYS_NET_ENG,IC2,APAC_SINGAPORE_TOKYO,5.3,0,rating_2,None,128800.0,148000.0,0.87,0.15,64000.0,235600.0,229800.0,218000.0,-2.5,58,55,0,Clean
EMP10644,VP_INFRA_SRE,Marcus Vance,Core Infrastructure & SRE,EMP10513,0,SW_ENG,IC1,US_SEATTLE_NYC,3.0,0,rating_3,None,143700.0,159500.0,0.901,0.15,49500.0,217600.0,222600.0,212200.0,2.3,99,99,0,Clean
EMP10645,VP_INFRA_SRE,Marcus Vance,Core Infrastructure & SRE,EMP10518,0,SRE_ENG,IC1,EU_ZURICH_MUNICH,7.2,1,rating_4,None,122500.0,133400.0,0.918,0.15,41400.0,185100.0,191400.0,190100.0,3.4,80,84,1,Clean
EMP10646,VP_INFRA_SRE,Marcus Vance,Core Infrastructure & SRE,EMP10514,0,SRE_ENG,IC2,UK_LONDON,3.7,0,rating_4,None,119500.0,157200.0,0.76,0.15,68000.0,224300.0,213900.0,208400.0,-4.6,9,3,0,Clean
EMP10647,VP_INFRA_SRE,Marcus Vance,Core Infrastructure & SRE,EMP10521,0,SYS_NET_ENG,IC3,APAC_SINGAPORE_TOKYO,3.9,0,rating_5,None,153300.0,184000.0,0.833,0.2,112000.0,359400.0,327200.0,330400.0,-9.0,72,60,0,Clean
EMP10648,VP_INFRA_SRE,Marcus Vance,Core Infrastructure & SRE,EMP10509,0,SRE_ENG,IC1,EU_ZURICH_MUNICH,4.0,0,rating_4,None,118700.0,133400.0,0.89,0.15,41400.0,188700.0,187900.0,183800.0,-0.4,89,88,0,Clean
EMP10649,VP_INFRA_SRE,Marcus Vance,Core Infrastructure & SRE,EMP10521,0,SYS_NET_ENG,IC1,US_BAY_AREA,3.5,0,rating_3,None,170500.0,166800.0,1.022,0.15,51700.0,245300.0,246800.0,247700.0,0.6,45,46,0,Clean
EMP10650,VP_INFRA_SRE,Marcus Vance,Core Infrastructure & SRE,EMP10531,0,SRE_ENG,IC4,APAC_SINGAPORE_TOKYO,0.8,0,rating_3,None,191100.0,228000.0,0.838,0.25,200000.0,560900.0,567600.0,566100.0,1.2,74,76,0,Clean
EMP10651,VP_INFRA_SRE,Marcus Vance,Core Infrastructure & SRE,EMP10506,0,TECH_PROG_MGMT,IC1,US_SEATTLE_NYC,6.4,0,rating_3,None,167300.0,159500.0,1.049,0.15,49500.0,236100.0,220100.0,223500.0,-6.8,16,7,0,Clean
EMP10652,VP_INFRA_SRE,Marcus Vance,Core Infrastructure & SRE,EMP10502,0,SYS_NET_ENG,IC1,UK_LONDON,5.0,0,rating_3,None,112700.0,123200.0,0.915,0.15,38200.0,188000.0,174100.0,165500.0,-7.4,35,25,0,Clean
EMP10653,VP_INFRA_SRE,Marcus Vance,Core Infrastructure & SRE,EMP10506,0,SYS_NET_ENG,IC3,US_SEATTLE_NYC,3.7,0,rating_3,None,257800.0,253000.0,1.019,0.2,154000.0,454800.0,456300.0,455800.0,0.3,35,35,0,Clean
EMP10654,VP_INFRA_SRE,Marcus Vance,Core Infrastructure & SRE,EMP10536,0,TECH_PROG_MGMT,IC4,US_SEATTLE_NYC,1.5,0,rating_2,None,287200.0,313500.0,0.916,0.25,275000.0,664100.0,685200.0,684900.0,3.2,64,68,0,Clean
EMP10655,VP_INFRA_SRE,Marcus Vance,Core Infrastructure & SRE,EMP10521,0,SRE_ENG,IC4,US_AUSTIN_DENVER,7.3,0,rating_4,None,268100.0,270800.0,0.99,0.25,237500.0,587600.0,562600.0,559400.0,-4.3,63,57,0,Clean
EMP10656,VP_INFRA_SRE,Marcus Vance,Core Infrastructure & SRE,EMP10539,0,SRE_ENG,IC2,UK_LONDON,1.8,0,rating_3,None,164600.0,157200.0,1.047,0.15,68000.0,269200.0,252600.0,251200.0,-6.2,55,47,0,Clean
EMP10657,VP_INFRA_SRE,Marcus Vance,Core Infrastructure & SRE,EMP10503,0,SYS_NET_ENG,IC2,EU_ZURICH_MUNICH,6.5,0,rating_5,None,161000.0,170200.0,0.946,0.15,73600.0,272300.0,277100.0,271400.0,1.8,51,53,0,Clean
EMP10658,VP_INFRA_SRE,Marcus Vance,Core Infrastructure & SRE,EMP10522,0,SW_ENG,IC1,APAC_SINGAPORE_TOKYO,3.0,0,rating_3,None,110900.0,116000.0,0.956,0.15,36000.0,183200.0,187100.0,186800.0,2.1,45,48,0,Clean
EMP10659,VP_INFRA_SRE,Marcus Vance,Core Infrastructure & SRE,EMP10511,0,TECH_PROG_MGMT,IC4,US_AUSTIN_DENVER,8.3,0,rating_3,None,227500.0,270800.0,0.84,0.25,237500.0,505900.0,508200.0,489200.0,0.5,65,66,0,Clean
EMP10660,VP_INFRA_SRE,Marcus Vance,Core Infrastructure & SRE,EMP10536,0,SW_ENG,IC2,US_AUSTIN_DENVER,1.7,0,rating_4,None,160200.0,175800.0,0.911,0.15,76000.0,280600.0,272000.0,259200.0,-3.1,20,16,0,Clean
EMP10661,VP_INFRA_SRE,Marcus Vance,Core Infrastructure & SRE,EMP10519,0,SW_ENG,IC3,US_SEATTLE_NYC,7.8,0,rating_3,None,234000.0,253000.0,0.925,0.2,154000.0,459700.0,424400.0,425600.0,-7.7,37,27,0,Clean
EMP10662,VP_INFRA_SRE,Marcus Vance,Core Infrastructure & SRE,EMP10528,0,SW_ENG,IC2,US_BAY_AREA,8.7,1,rating_2,None,226700.0,212700.0,1.066,0.15,92000.0,367900.0,365900.0,361300.0,-0.5,89,88,0,Clean
EMP10663,VP_INFRA_SRE,Marcus Vance,Core Infrastructure & SRE,EMP10526,0,SRE_ENG,IC1,US_SEATTLE_NYC,6.2,0,rating_3,None,137600.0,159500.0,0.863,0.15,49500.0,213200.0,215500.0,219700.0,1.1,64,65,0,Clean
EMP10664,VP_INFRA_SRE,Marcus Vance,Core Infrastructure & SRE,EMP10530,0,TECH_PROG_MGMT,IC3,US_AUSTIN_DENVER,2.4,0,rating_1,None,187700.0,218500.0,0.859,0.2,133000.0,352700.0,350400.0,354800.0,-0.7,33,32,0,Clean
EMP10665,VP_INFRA_SRE,Marcus Vance,Core Infrastructure & SRE,EMP10537,0,SRE_ENG,IC2,EU_ZURICH_MUNICH,8.2,0,rating_3,None,160700.0,170200.0,0.944,0.15,73600.0,275700.0,254500.0,240500.0,-7.7,77,67,0,Clean
EMP10666,VP_INFRA_SRE,Marcus Vance,Core Infrastructure & SRE,EMP10512,0,SRE_ENG,IC2,UK_LONDON,7.2,0,rating_4,None,130300.0,157200.0,0.829,0.15,68000.0,238600.0,235300.0,234600.0,-1.4,42,40,0,Clean
EMP10667,VP_INFRA_SRE,Marcus Vance,Core Infrastructure & SRE,EMP10514,0,SRE_ENG,IC4,US_SEATTLE_NYC,6.0,0,rating_1,None,307200.0,313500.0,0.98,0.25,275000.0,635800.0,581800.0,573700.0,-8.5,24,13,0,Clean
EMP10668,VP_INFRA_SRE,Marcus Vance,Core Infrastructure & SRE,EMP10517,0,SRE_ENG,IC3,US_BAY_AREA,3.1,0,rating_3,None,262400.0,264500.0,0.992,0.2,161000.0,463500.0,478700.0,450000.0,3.3,48,52,0,Clean
EMP10669,VP_INFRA_SRE,Marcus Vance,Core Infrastructure & SRE,EMP10534,0,SYS_NET_ENG,IC3,APAC_SINGAPORE_TOKYO,4.8,0,rating_3,None,160400.0,184000.0,0.872,0.2,112000.0,375300.0,390200.0,385700.0,4.0,49,54,0,Clean
EMP10670,VP_INFRA_SRE,Marcus Vance,Core Infrastructure & SRE,EMP10503,0,SW_ENG,IC1,US_SEATTLE_NYC,5.8,0,rating_5,None,138600.0,159500.0,0.869,0.15,49500.0,202500.0,193700.0,184100.0,-4.3,95,89,1,Clean
EMP10671,VP_INFRA_SRE,Marcus Vance,Core Infrastructure & SRE,EMP10517,0,SW_ENG,IC1,UK_LONDON,2.8,0,rating_3,None,93600.0,123200.0,0.76,0.15,38200.0,149100.0,139600.0,138300.0,-6.4,68,60,0,Clean
EMP10672,VP_INFRA_SRE,Marcus Vance,Core Infrastructure & SRE,EMP10513,0,SW_ENG,IC2,UK_LONDON,5.0,0,rating_4,None,147300.0,157200.0,0.937,0.15,68000.0,276000.0,260000.0,250000.0,-5.8,33,25,0,Clean
EMP10673,VP_INFRA_SRE,Marcus Vance,Core Infrastructure & SRE,EMP10527,0,SRE_ENG,IC1,US_AUSTIN_DENVER,2.4,0,rating_2,None,139500.0,137800.0,1.012,0.15,42800.0,204800.0,189000.0,192500.0,-7.7,30,20,0,Clean
EMP10674,VP_INFRA_SRE,Marcus Vance,Core Infrastructure & SRE,EMP10508,0,SYS_NET_ENG,IC1,EU_ZURICH_MUNICH,8.1,0,rating_3,None,126100.0,133400.0,0.945,0.15,41400.0,202700.0,199000.0,196700.0,-1.8,27,25,0,Clean
EMP10675,VP_INFRA_SRE,Marcus Vance,Core Infrastructure & SRE,EMP10525,0,TECH_PROG_MGMT,IC1,UK_LONDON,2.8,0,rating_3,None,106600.0,123200.0,0.865,0.15,38200.0,175600.0,163100.0,160700.0,-7.1,42,33,0,Clean
EMP10676,VP_INFRA_SRE,Marcus Vance,Core Infrastructure & SRE,EMP10524,0,SW_ENG,IC2,APAC_SINGAPORE_TOKYO,4.1,0,rating_2,None,122100.0,148000.0,0.825,0.15,64000.0,240300.0,234400.0,225500.0,-2.5,28,25,0,Clean
EMP10677,VP_INFRA_SRE,Marcus Vance,Core Infrastructure & SRE,EMP10515,0,SRE_ENG,IC1,US_AUSTIN_DENVER,1.0,0,rating_2,None,118500.0,137800.0,0.86,0.15,42800.0,191000.0,197300.0,188100.0,3.3,64,68,0,Clean
EMP10678,VP_INFRA_SRE,Marcus Vance,Core Infrastructure & SRE,EMP10536,0,SRE_ENG,IC3,UK_LONDON,1.6,0,rating_2,None,163800.0,195500.0,0.838,0.2,119000.0,363600.0,362900.0,356600.0,-0.2,2,2,1,Clean
EMP10679,VP_INFRA_SRE,Marcus Vance,Core Infrastructure & SRE,EMP10513,0,SRE_ENG,IC3,APAC_SINGAPORE_TOKYO,8.5,0,rating_3,None,153300.0,184000.0,0.833,0.2,112000.0,349300.0,359700.0,366900.0,3.0,65,69,0,Clean
EMP10680,VP_INFRA_SRE,Marcus Vance,Core Infrastructure & SRE,EMP10503,0,SW_ENG,IC2,APAC_SINGAPORE_TOKYO,0.9,0,rating_4,None,150700.0,148000.0,1.018,0.15,64000.0,256000.0,237400.0,229900.0,-7.3,35,26,0,Clean
EMP10681,VP_INFRA_SRE,Marcus Vance,Core Infrastructure & SRE,EMP10511,0,SRE_ENG,IC2,US_AUSTIN_DENVER,2.3,0,rating_3,None,168100.0,175800.0,0.956,0.15,76000.0,266000.0,252400.0,243200.0,-5.1,43,36,0,Clean
EMP10682,VP_INFRA_SRE,Marcus Vance,Core Infrastructure & SRE,EMP10537,0,SYS_NET_ENG,IC2,APAC_SINGAPORE_TOKYO,4.4,0,rating_4,None,112900.0,148000.0,0.763,0.15,64000.0,231700.0,212600.0,199900.0,-8.2,47,36,0,Clean
EMP10683,VP_INFRA_SRE,Marcus Vance,Core Infrastructure & SRE,EMP10507,0,SW_ENG,IC1,UK_LONDON,4.6,0,rating_3,None,109600.0,123200.0,0.89,0.15,38200.0,175800.0,163500.0,155300.0,-7.0,61,52,0,Clean
EMP10684,VP_INFRA_SRE,Marcus Vance,Core Infrastructure & SRE,EMP10517,0,TECH_PROG_MGMT,IC1,US_AUSTIN_DENVER,1.9,0,rating_2,None,122200.0,137800.0,0.887,0.15,42800.0,181200.0,175200.0,176500.0,-3.3,76,72,0,Clean
EMP10685,VP_INFRA_SRE,Marcus Vance,Core Infrastructure & SRE,EMP10528,0,SW_ENG,IC1,US_BAY_AREA,4.6,0,rating_3,None,153000.0,166800.0,0.917,0.15,51700.0,234500.0,218300.0,208700.0,-6.9,58,49,0,Clean
EMP10686,VP_INFRA_SRE,Marcus Vance,Core Infrastructure & SRE,EMP10518,0,TECH_PROG_MGMT,IC1,EU_ZURICH_MUNICH,6.8,0,rating_2,None,107300.0,133400.0,0.804,0.15,41400.0,179200.0,172400.0,172100.0,-3.8,53,48,0,Clean
EMP10687,VP_INFRA_SRE,Marcus Vance,Core Infrastructure & SRE,EMP10509,0,SRE_ENG,IC1,US_BAY_AREA,5.6,0,rating_1,None,159300.0,166800.0,0.955,0.15,51700.0,222600.0,226600.0,220800.0,1.8,68,70,1,Clean
EMP10688,VP_INFRA_SRE,Marcus Vance,Core Infrastructure & SRE,EMP10531,0,TECH_PROG_MGMT,IC1,US_BAY_AREA,9.0,0,rating_2,None,152500.0,166800.0,0.914,0.15,51700.0,219300.0,221400.0,223400.0,1.0,34,35,0,Clean
EMP10689,VP_INFRA_SRE,Marcus Vance,Core Infrastructure & SRE,EMP10528,0,SRE_ENG,IC1,APAC_SINGAPORE_TOKYO,3.9,0,rating_2,None,104200.0,116000.0,0.898,0.15,36000.0,172200.0,160000.0,151900.0,-7.1,19,10,0,Clean
EMP10690,VP_INFRA_SRE,Marcus Vance,Core Infrastructure & SRE,EMP10513,0,TECH_PROG_MGMT,IC3,US_BAY_AREA,3.4,0,rating_2,None,234600.0,264500.0,0.887,0.2,161000.0,422000.0,418800.0,401400.0,-0.8,45,44,0,Clean
EMP10691,VP_INFRA_SRE,Marcus Vance,Core Infrastructure & SRE,EMP10533,0,SRE_ENG,IC2,US_AUSTIN_DENVER,0.5,0,rating_4,None,168900.0,175800.0,0.961,0.15,76000.0,272100.0,279300.0,266600.0,2.6,67,70,0,Clean
EMP10692,VP_INFRA_SRE,Marcus Vance,Core Infrastructure & SRE,EMP10521,0,TECH_PROG_MGMT,IC1,US_AUSTIN_DENVER,0.6,0,rating_2,None,129100.0,137800.0,0.937,0.15,42800.0,194900.0,185100.0,175400.0,-5.0,46,40,0,Clean
EMP10693,VP_INFRA_SRE,Marcus Vance,Core Infrastructure & SRE,EMP10509,0,SYS_NET_ENG,IC1,APAC_SINGAPORE_TOKYO,1.6,0,rating_3,None,107300.0,116000.0,0.925,0.15,36000.0,166400.0,159700.0,161500.0,-4.0,23,18,0,Clean
EMP10694,VP_INFRA_SRE,Marcus Vance,Core Infrastructure & SRE,EMP10508,0,SW_ENG,IC1,US_SEATTLE_NYC,2.2,0,rating_2,None,138000.0,159500.0,0.865,0.15,49500.0,204700.0,205600.0,209500.0,0.4,1,2,0,Clean
EMP10695,VP_INFRA_SRE,Marcus Vance,Core Infrastructure & SRE,EMP10503,0,TECH_PROG_MGMT,IC1,EU_ZURICH_MUNICH,5.9,0,rating_4,None,116700.0,133400.0,0.875,0.15,41400.0,185100.0,176800.0,171400.0,-4.5,3,1,0,Clean
EMP10696,VP_INFRA_SRE,Marcus Vance,Core Infrastructure & SRE,EMP10528,0,TECH_PROG_MGMT,IC1,EU_ZURICH_MUNICH,5.3,0,rating_1,None,131400.0,133400.0,0.985,0.15,41400.0,205000.0,190000.0,179300.0,-7.3,40,31,0,Clean
EMP10697,VP_INFRA_SRE,Marcus Vance,Core Infrastructure & SRE,EMP10513,0,TECH_PROG_MGMT,IC3,UK_LONDON,3.9,0,rating_5,None,167000.0,195500.0,0.854,0.2,119000.0,372000.0,357100.0,357900.0,-4.0,8,3,0,Clean
EMP10698,VP_INFRA_SRE,Marcus Vance,Core Infrastructure & SRE,EMP10512,0,SW_ENG,IC1,EU_ZURICH_MUNICH,2.4,0,rating_4,None,115100.0,133400.0,0.863,0.15,41400.0,186600.0,182500.0,176000.0,-2.2,5,2,0,Clean
EMP10699,VP_INFRA_SRE,Marcus Vance,Core Infrastructure & SRE,EMP10536,0,SW_ENG,IC1,US_BAY_AREA,0.9,0,rating_3,None,142300.0,166800.0,0.853,0.15,51700.0,208100.0,193000.0,194900.0,-7.3,48,39,0,Clean
EMP10700,VP_INFRA_SRE,Marcus Vance,Core Infrastructure & SRE,EMP10514,0,SRE_ENG,IC2,APAC_SINGAPORE_TOKYO,4.0,0,rating_3,None,126500.0,148000.0,0.855,0.15,64000.0,241700.0,237200.0,236700.0,-1.9,79,77,0,Clean
EMP10701,VP_INFRA_SRE,Marcus Vance,Core Infrastructure & SRE,EMP10521,0,SRE_ENG,IC4,US_AUSTIN_DENVER,7.1,0,rating_2,None,255900.0,270800.0,0.945,0.25,237500.0,599600.0,621900.0,623300.0,3.7,99,99,0,Clean
EMP10702,VP_INFRA_SRE,Marcus Vance,Core Infrastructure & SRE,EMP10525,0,SYS_NET_ENG,IC3,APAC_SINGAPORE_TOKYO,6.9,0,rating_4,None,156600.0,184000.0,0.851,0.2,112000.0,325700.0,321000.0,322500.0,-1.4,29,27,0,Clean
EMP10703,VP_INFRA_SRE,Marcus Vance,Core Infrastructure & SRE,EMP10515,0,TECH_PROG_MGMT,IC2,US_AUSTIN_DENVER,8.5,0,rating_3,None,168400.0,175800.0,0.958,0.15,76000.0,294300.0,274600.0,270600.0,-6.7,74,65,0,Clean
EMP10704,VP_INFRA_SRE,Marcus Vance,Core Infrastructure & SRE,EMP10519,0,SW_ENG,IC1,US_SEATTLE_NYC,3.9,0,rating_2,None,152200.0,159500.0,0.954,0.15,49500.0,222800.0,215900.0,214100.0,-3.1,19,15,0,Clean
EMP10705,VP_INFRA_SRE,Marcus Vance,Core Infrastructure & SRE,EMP10509,0,SRE_ENG,IC2,EU_ZURICH_MUNICH,7.0,1,rating_2,None,164400.0,170200.0,0.966,0.15,73600.0,290300.0,299400.0,284600.0,3.1,66,70,0,Clean
EMP10706,VP_INFRA_SRE,Marcus Vance,Core Infrastructure & SRE,EMP10539,0,SRE_ENG,IC1,US_BAY_AREA,7.4,0,rating_4,None,130900.0,166800.0,0.785,0.15,51700.0,191900.0,193600.0,195800.0,0.9,40,41,0,Clean
EMP10707,VP_INFRA_SRE,Marcus Vance,Core Infrastructure & SRE,EMP10531,0,SRE_ENG,IC1,EU_ZURICH_MUNICH,7.6,0,rating_2,None,116700.0,133400.0,0.875,0.15,41400.0,174800.0,165800.0,162600.0,-5.1,20,13,0,Clean
EMP10708,VP_INFRA_SRE,Marcus Vance,Core Infrastructure & SRE,EMP10515,0,TECH_PROG_MGMT,IC1,UK_LONDON,1.5,0,rating_3,None,119600.0,123200.0,0.971,0.15,38200.0,184400.0,189000.0,190100.0,2.5,80,83,0,Clean
EMP10709,VP_INFRA_SRE,Marcus Vance,Core Infrastructure & SRE,EMP10508,0,SYS_NET_ENG,IC1,US_AUSTIN_DENVER,4.1,0,rating_3,None,133100.0,137800.0,0.966,0.15,42800.0,193300.0,177000.0,168500.0,-8.4,62,51,0,Clean
EMP10710,VP_INFRA_SRE,Marcus Vance,Core Infrastructure & SRE,EMP10512,0,SW_ENG,IC2,APAC_SINGAPORE_TOKYO,2.8,0,rating_3,None,129100.0,148000.0,0.872,0.15,64000.0,227300.0,221600.0,214800.0,-2.5,21,18,0,Clean
EMP10711,VP_INFRA_SRE,Marcus Vance,Core Infrastructure & SRE,EMP10505,0,SW_ENG,IC3,APAC_SINGAPORE_TOKYO,4.1,0,rating_3,None,171900.0,184000.0,0.934,0.2,112000.0,393600.0,399900.0,379500.0,1.6,63,65,0,Clean
EMP10712,VP_INFRA_SRE,Marcus Vance,Core Infrastructure & SRE,EMP10510,0,SW_ENG,IC1,US_SEATTLE_NYC,1.7,0,rating_3,None,146300.0,159500.0,0.917,0.15,49500.0,228300.0,225600.0,223600.0,-1.2,30,28,0,Clean
EMP10713,VP_INFRA_SRE,Marcus Vance,Core Infrastructure & SRE,EMP10516,0,TECH_PROG_MGMT,IC2,EU_ZURICH_MUNICH,6.4,0,rating_4,None,140600.0,170200.0,0.826,0.15,73600.0,252900.0,244000.0,240600.0,-3.5,46,41,0,Clean
EMP10714,VP_INFRA_SRE,Marcus Vance,Core Infrastructure & SRE,EMP10506,0,SRE_ENG,IC1,US_SEATTLE_NYC,7.7,0,rating_3,None,147200.0,159500.0,0.923,0.15,49500.0,228300.0,209500.0,202800.0,-8.2,52,41,0,Clean
EMP10715,VP_INFRA_SRE,Marcus Vance,Core Infrastructure & SRE,EMP10509,0,SW_ENG,IC1,EU_ZURICH_MUNICH,6.5,0,rating_3,None,141700.0,133400.0,1.062,0.15,41400.0,202500.0,187900.0,191100.0,-7.2,43,34,0,Clean
EMP10716,VP_INFRA_SRE,Marcus Vance,Core Infrastructure & SRE,EMP10502,0,TECH_PROG_MGMT,IC2,US_AUSTIN_DENVER,1.7,0,rating_3,None,165400.0,175800.0,0.941,0.15,76000.0,282000.0,262400.0,249700.0,-7.0,56,47,0,Clean
EMP10717,VP_INFRA_SRE,Marcus Vance,Core Infrastructure & SRE,EMP10501,0,TECH_PROG_MGMT,IC2,US_SEATTLE_NYC,4.3,0,rating_2,None,186800.0,203500.0,0.918,0.15,88000.0,320800.0,311500.0,310800.0,-2.9,25,21,0,Clean
EMP10718,VP_INFRA_SRE,Marcus Vance,Core Infrastructure & SRE,EMP10501,0,SW_ENG,IC1,US_BAY_AREA,7.9,0,rating_4,None,154000.0,166800.0,0.923,0.15,51700.0,215600.0,219500.0,218300.0,1.8,48,50,0,Clean
EMP10719,VP_INFRA_SRE,Marcus Vance,Core Infrastructure & SRE,EMP10517,0,SYS_NET_ENG,IC3,APAC_SINGAPORE_TOKYO,3.9,0,rating_3,None,171700.0,184000.0,0.933,0.2,112000.0,351400.0,363200.0,363000.0,3.4,99,99,1,Clean
EMP10720,VP_INFRA_SRE,Marcus Vance,Core Infrastructure & SRE,EMP10526,0,SRE_ENG,IC1,APAC_SINGAPORE_TOKYO,2.2,0,rating_3,None,98700.0,116000.0,0.851,0.15,36000.0,155500.0,157700.0,156400.0,1.4,56,58,0,Clean
EMP10721,VP_INFRA_SRE,Marcus Vance,Core Infrastructure & SRE,EMP10505,0,SYS_NET_ENG,IC2,US_BAY_AREA,2.2,0,rating_2,None,194200.0,212700.0,0.913,0.15,92000.0,291700.0,299900.0,286400.0,2.8,66,70,0,Clean
EMP10722,VP_INFRA_SRE,Marcus Vance,Core Infrastructure & SRE,EMP10516,0,SRE_ENG,IC1,EU_ZURICH_MUNICH,8.6,0,rating_2,None,132100.0,133400.0,0.99,0.15,41400.0,197100.0,204500.0,204500.0,3.8,50,55,0,Clean
EMP10723,VP_INFRA_SRE,Marcus Vance,Core Infrastructure & SRE,EMP10521,0,SYS_NET_ENG,IC3,US_SEATTLE_NYC,5.5,0,rating_3,None,228000.0,253000.0,0.901,0.2,154000.0,399700.0,405700.0,386200.0,1.5,42,44,0,Clean
EMP10724,VP_INFRA_SRE,Marcus Vance,Core Infrastructure & SRE,EMP10538,0,SRE_ENG,IC3,US_AUSTIN_DENVER,6.3,0,rating_2,None,211100.0,218500.0,0.966,0.2,133000.0,439000.0,412700.0,395100.0,-6.0,83,75,0,Clean
EMP10725,VP_INFRA_SRE,Marcus Vance,Core Infrastructure & SRE,EMP10511,0,SYS_NET_ENG,IC4,UK_LONDON,3.8,0,rating_3,None,223800.0,242200.0,0.924,0.25,212500.0,546200.0,560300.0,561400.0,2.6,31,34,0,Clean
EMP10726,VP_INFRA_SRE,Marcus Vance,Core Infrastructure & SRE,EMP10540,0,SW_ENG,IC2,EU_ZURICH_MUNICH,7.1,0,rating_4,None,145200.0,170200.0,0.853,0.15,73600.0,269800.0,264700.0,269300.0,-1.9,32,30,0,Clean
EMP10727,VP_INFRA_SRE,Marcus Vance,Core Infrastructure & SRE,EMP10507,0,SW_ENG,IC2,US_AUSTIN_DENVER,4.5,0,rating_3,None,165300.0,175800.0,0.94,0.15,76000.0,265300.0,268000.0,257500.0,1.0,69,70,0,Clean
EMP10728,VP_INFRA_SRE,Marcus Vance,Core Infrastructure & SRE,EMP10529,0,SW_ENG,IC2,US_BAY_AREA,4.2,0,rating_3,None,210600.0,212700.0,0.99,0.15,92000.0,326600.0,323500.0,321700.0,-0.9,47,46,0,Clean
EMP10729,VP_INFRA_SRE,Marcus Vance,Core Infrastructure & SRE,EMP10540,0,SYS_NET_ENG,IC4,US_BAY_AREA,6.8,0,rating_3,None,287200.0,327800.0,0.876,0.25,287500.0,656800.0,650700.0,645200.0,-0.9,26,25,0,Clean
EMP10730,VP_INFRA_SRE,Marcus Vance,Core Infrastructure & SRE,EMP10536,0,SRE_ENG,IC1,US_AUSTIN_DENVER,4.5,0,rating_4,None,116400.0,137800.0,0.845,0.15,42800.0,191800.0,191200.0,185100.0,-0.3,74,74,0,Clean
EMP10731,VP_INFRA_SRE,Marcus Vance,Core Infrastructure & SRE,EMP10530,0,SW_ENG,IC1,APAC_SINGAPORE_TOKYO,5.6,0,rating_3,None,121600.0,116000.0,1.048,0.15,36000.0,187100.0,171800.0,166200.0,-8.2,90,79,0,Clean
EMP10732,VP_INFRA_SRE,Marcus Vance,Core Infrastructure & SRE,EMP10531,0,TECH_PROG_MGMT,IC1,US_BAY_AREA,1.0,0,rating_2,None,126800.0,166800.0,0.76,0.15,51700.0,196800.0,204400.0,204800.0,3.9,36,41,0,Clean
EMP10733,VP_INFRA_SRE,Marcus Vance,Core Infrastructure & SRE,EMP10528,0,SW_ENG,IC4,US_BAY_AREA,2.8,0,rating_4,None,299600.0,327800.0,0.914,0.25,287500.0,618500.0,577000.0,548900.0,-6.7,57,48,0,Clean
EMP10734,VP_INFRA_SRE,Marcus Vance,Core Infrastructure & SRE,EMP10529,0,SW_ENG,IC3,APAC_SINGAPORE_TOKYO,2.2,0,rating_2,None,173900.0,184000.0,0.945,0.2,112000.0,357700.0,370300.0,356900.0,3.5,42,47,0,Clean
EMP10735,VP_INFRA_SRE,Marcus Vance,Core Infrastructure & SRE,EMP10531,0,SW_ENG,IC2,APAC_SINGAPORE_TOKYO,6.6,0,rating_3,None,113500.0,148000.0,0.767,0.15,64000.0,220900.0,226700.0,216700.0,2.6,72,75,0,Clean
EMP10736,VP_INFRA_SRE,Marcus Vance,Core Infrastructure & SRE,EMP10510,0,SYS_NET_ENG,IC1,US_BAY_AREA,4.9,0,rating_2,None,159300.0,166800.0,0.955,0.15,51700.0,224000.0,232100.0,225700.0,3.6,74,79,1,Clean
EMP10737,VP_INFRA_SRE,Marcus Vance,Core Infrastructure & SRE,EMP10529,0,SW_ENG,IC3,APAC_SINGAPORE_TOKYO,1.9,0,rating_2,None,139800.0,184000.0,0.76,0.2,112000.0,355300.0,342700.0,337100.0,-3.5,72,67,0,Clean
EMP10738,VP_INFRA_SRE,Marcus Vance,Core Infrastructure & SRE,EMP10523,0,SW_ENG,IC1,APAC_SINGAPORE_TOKYO,6.4,1,rating_4,None,104300.0,116000.0,0.899,0.15,36000.0,178300.0,173900.0,175500.0,-2.5,50,47,0,Clean
EMP10739,VP_INFRA_SRE,Marcus Vance,Core Infrastructure & SRE,EMP10530,0,SYS_NET_ENG,IC2,US_AUSTIN_DENVER,5.2,0,rating_5,None,166100.0,175800.0,0.945,0.15,76000.0,296100.0,287100.0,278400.0,-3.0,30,26,0,Clean
EMP10740,VP_INFRA_SRE,Marcus Vance,Core Infrastructure & SRE,EMP10528,0,TECH_PROG_MGMT,IC2,APAC_SINGAPORE_TOKYO,6.0,0,rating_4,None,131700.0,148000.0,0.89,0.15,64000.0,259300.0,263100.0,249500.0,1.5,85,87,0,Clean
EMP10741,VP_INFRA_SRE,Marcus Vance,Core Infrastructure & SRE,EMP10527,0,SRE_ENG,IC1,APAC_SINGAPORE_TOKYO,3.7,0,rating_1,None,95500.0,116000.0,0.823,0.15,36000.0,157500.0,147900.0,144400.0,-6.1,63,55,0,Clean
EMP10742,VP_INFRA_SRE,Marcus Vance,Core Infrastructure & SRE,EMP10531,0,SYS_NET_ENG,IC4,UK_LONDON,2.9,0,rating_3,None,193500.0,242200.0,0.799,0.25,212500.0,455400.0,436600.0,418200.0,-4.1,75,70,0,Clean
EMP10743,VP_INFRA_SRE,Marcus Vance,Core Infrastructure & SRE,EMP10517,0,TECH_PROG_MGMT,IC1,APAC_SINGAPORE_TOKYO,7.5,1,rating_3,None,106500.0,116000.0,0.918,0.15,36000.0,164200.0,157400.0,158200.0,-4.1,99,94,0,Clean
EMP10744,VP_INFRA_SRE,Marcus Vance,Core Infrastructure & SRE,EMP10522,0,TECH_PROG_MGMT,IC1,US_SEATTLE_NYC,8.5,0,rating_3,None,134600.0,159500.0,0.844,0.15,49500.0,194200.0,200200.0,195100.0,3.1,44,48,0,Clean
EMP10745,VP_INFRA_SRE,Marcus Vance,Core Infrastructure & SRE,EMP10512,0,SYS_NET_ENG,IC2,EU_ZURICH_MUNICH,7.0,0,rating_3,None,159600.0,170200.0,0.938,0.15,73600.0,256200.0,252400.0,245200.0,-1.5,67,65,0,Clean
EMP10746,VP_INFRA_SRE,Marcus Vance,Core Infrastructure & SRE,EMP10536,0,SYS_NET_ENG,IC1,US_SEATTLE_NYC,8.8,0,rating_1,None,147200.0,159500.0,0.923,0.15,49500.0,211000.0,209000.0,205600.0,-0.9,55,54,0,Clean
EMP10747,VP_INFRA_SRE,Marcus Vance,Core Infrastructure & SRE,EMP10502,0,SW_ENG,IC3,UK_LONDON,6.7,0,rating_2,None,162100.0,195500.0,0.829,0.2,119000.0,329000.0,463900.0,467300.0,41.0,21,74,0,2027 Manager Inversion vs EMP10502
EMP10748,VP_INFRA_SRE,Marcus Vance,Core Infrastructure & SRE,EMP10525,0,SRE_ENG,IC3,US_AUSTIN_DENVER,1.5,0,rating_1,None,206300.0,218500.0,0.944,0.2,133000.0,427300.0,395000.0,400600.0,-7.6,59,49,0,Clean
EMP10749,VP_INFRA_SRE,Marcus Vance,Core Infrastructure & SRE,EMP10517,0,SRE_ENG,IC3,US_BAY_AREA,8.7,0,rating_4,None,223200.0,264500.0,0.844,0.2,161000.0,421200.0,384500.0,363700.0,-8.7,53,42,1,Clean
EMP10750,VP_INFRA_SRE,Marcus Vance,Core Infrastructure & SRE,EMP10527,0,SYS_NET_ENG,IC2,APAC_SINGAPORE_TOKYO,0.8,1,rating_2,None,150500.0,148000.0,1.017,0.15,64000.0,248200.0,244200.0,241400.0,-1.6,28,26,0,Clean
EMP10751,VP_INFRA_SRE,Marcus Vance,Core Infrastructure & SRE,EMP10523,0,SRE_ENG,IC2,US_SEATTLE_NYC,2.3,0,rating_2,None,174400.0,203500.0,0.857,0.15,88000.0,290000.0,283400.0,283600.0,-2.3,49,46,0,Clean
EMP10752,VP_INFRA_SRE,Marcus Vance,Core Infrastructure & SRE,EMP10514,0,SW_ENG,IC1,US_SEATTLE_NYC,6.0,0,rating_2,None,160000.0,159500.0,1.003,0.15,49500.0,226700.0,209000.0,208300.0,-7.8,70,60,0,Clean
EMP10753,VP_INFRA_SRE,Marcus Vance,Core Infrastructure & SRE,EMP10532,0,TECH_PROG_MGMT,IC2,US_SEATTLE_NYC,5.5,0,rating_4,None,185200.0,203500.0,0.91,0.15,88000.0,319500.0,295000.0,296000.0,-7.7,68,58,0,Clean
EMP10754,VP_INFRA_SRE,Marcus Vance,Core Infrastructure & SRE,EMP10514,0,TECH_PROG_MGMT,IC4,UK_LONDON,5.3,0,rating_3,None,233500.0,242200.0,0.964,0.25,212500.0,582300.0,575900.0,561100.0,-1.1,35,34,0,Clean
EMP10755,VP_INFRA_SRE,Marcus Vance,Core Infrastructure & SRE,EMP10505,0,SRE_ENG,IC2,EU_ZURICH_MUNICH,1.5,0,rating_3,None,154700.0,170200.0,0.909,0.15,73600.0,283900.0,277900.0,270100.0,-2.1,77,74,0,Clean
EMP10756,VP_INFRA_SRE,Marcus Vance,Core Infrastructure & SRE,EMP10528,0,SYS_NET_ENG,IC3,US_SEATTLE_NYC,3.3,0,rating_3,None,253500.0,253000.0,1.002,0.2,154000.0,431800.0,410800.0,386500.0,-4.9,67,61,0,Clean
EMP10757,VP_INFRA_SRE,Marcus Vance,Core Infrastructure & SRE,EMP10521,0,SRE_ENG,IC3,UK_LONDON,6.2,0,rating_3,None,176000.0,195500.0,0.9,0.2,119000.0,380300.0,392900.0,394700.0,3.3,68,72,0,Clean
EMP10758,VP_INFRA_SRE,Marcus Vance,Core Infrastructure & SRE,EMP10527,0,TECH_PROG_MGMT,IC2,US_AUSTIN_DENVER,4.3,0,rating_2,None,163100.0,175800.0,0.928,0.15,76000.0,257500.0,243500.0,231200.0,-5.4,37,30,0,Clean
EMP10759,VP_INFRA_SRE,Marcus Vance,Core Infrastructure & SRE,EMP10538,0,SRE_ENG,IC2,US_AUSTIN_DENVER,0.8,1,rating_3,None,181400.0,175800.0,1.032,0.15,76000.0,295100.0,273600.0,278300.0,-7.3,57,48,0,Clean
EMP10760,VP_INFRA_SRE,Marcus Vance,Core Infrastructure & SRE,EMP10534,0,SRE_ENG,IC1,US_BAY_AREA,7.1,0,rating_3,None,130300.0,166800.0,0.781,0.15,51700.0,195200.0,186400.0,176400.0,-4.5,60,54,0,Clean
EMP10761,VP_INFRA_SRE,Marcus Vance,Core Infrastructure & SRE,EMP10504,0,TECH_PROG_MGMT,IC2,UK_LONDON,0.6,0,rating_2,None,159700.0,157200.0,1.016,0.15,68000.0,276400.0,252600.0,238400.0,-8.6,1,1,0,Clean
EMP10762,VP_INFRA_SRE,Marcus Vance,Core Infrastructure & SRE,EMP10521,0,TECH_PROG_MGMT,IC3,US_SEATTLE_NYC,7.9,0,rating_4,None,235800.0,253000.0,0.932,0.2,154000.0,465200.0,483200.0,490300.0,3.9,66,71,0,Clean
EMP10763,VP_INFRA_SRE,Marcus Vance,Core Infrastructure & SRE,EMP10503,0,SYS_NET_ENG,IC1,US_BAY_AREA,1.5,0,rating_4,None,150300.0,166800.0,0.901,0.15,51700.0,226800.0,233700.0,230600.0,3.0,88,92,0,Clean
EMP10764,VP_INFRA_SRE,Marcus Vance,Core Infrastructure & SRE,EMP10510,0,TECH_PROG_MGMT,IC3,APAC_SINGAPORE_TOKYO,6.7,0,rating_3,None,161200.0,184000.0,0.876,0.2,112000.0,358700.0,371900.0,359200.0,3.7,56,61,0,Clean
EMP10765,VP_INFRA_SRE,Marcus Vance,Core Infrastructure & SRE,EMP10517,0,SRE_ENG,IC3,US_AUSTIN_DENVER,1.0,0,rating_3,None,169800.0,218500.0,0.777,0.2,133000.0,337200.0,310300.0,315800.0,-8.0,34,24,1,Clean
EMP10766,VP_INFRA_SRE,Marcus Vance,Core Infrastructure & SRE,EMP10514,0,TECH_PROG_MGMT,IC2,US_SEATTLE_NYC,6.5,0,rating_4,None,172200.0,203500.0,0.846,0.15,88000.0,286600.0,272500.0,276700.0,-4.9,54,48,0,Clean
EMP10767,VP_INFRA_SRE,Marcus Vance,Core Infrastructure & SRE,EMP10533,0,SW_ENG,IC1,US_SEATTLE_NYC,4.1,0,rating_3,None,154700.0,159500.0,0.97,0.15,49500.0,220700.0,212300.0,200700.0,-3.8,40,35,0,Clean
EMP10768,VP_INFRA_SRE,Marcus Vance,Core Infrastructure & SRE,EMP10537,0,SW_ENG,IC2,UK_LONDON,4.3,0,rating_3,None,155900.0,157200.0,0.992,0.15,68000.0,254800.0,232800.0,231200.0,-8.6,24,13,0,Clean
EMP10769,VP_INFRA_SRE,Marcus Vance,Core Infrastructure & SRE,EMP10536,0,TECH_PROG_MGMT,IC1,US_SEATTLE_NYC,6.7,1,rating_3,None,152800.0,159500.0,0.958,0.15,49500.0,220100.0,203100.0,201500.0,-7.7,75,65,0,Clean
EMP10770,VP_INFRA_SRE,Marcus Vance,Core Infrastructure & SRE,EMP10519,0,SW_ENG,IC1,EU_ZURICH_MUNICH,1.5,0,rating_3,None,119300.0,133400.0,0.894,0.15,41400.0,176600.0,166400.0,157900.0,-5.8,84,76,0,Clean
EMP10771,VP_INFRA_SRE,Marcus Vance,Core Infrastructure & SRE,EMP10537,0,SRE_ENG,IC1,EU_ZURICH_MUNICH,8.0,0,rating_3,None,126700.0,133400.0,0.95,0.15,41400.0,192800.0,178000.0,177800.0,-7.7,62,52,0,Clean
EMP10772,VP_INFRA_SRE,Marcus Vance,Core Infrastructure & SRE,EMP10514,0,SW_ENG,IC1,US_AUSTIN_DENVER,6.8,1,rating_3,None,115600.0,137800.0,0.839,0.15,42800.0,175300.0,180200.0,178400.0,2.8,24,28,0,Clean
EMP10773,VP_INFRA_SRE,Marcus Vance,Core Infrastructure & SRE,EMP10516,0,SRE_ENG,IC1,US_SEATTLE_NYC,2.7,1,rating_2,None,154400.0,159500.0,0.968,0.15,49500.0,226500.0,216000.0,206100.0,-4.6,99,93,1,Clean
EMP10774,VP_INFRA_SRE,Marcus Vance,Core Infrastructure & SRE,EMP10501,0,TECH_PROG_MGMT,IC2,EU_ZURICH_MUNICH,2.4,1,rating_3,None,179100.0,170200.0,1.052,0.15,73600.0,274700.0,274300.0,264200.0,-0.1,52,52,0,Clean
EMP10775,VP_INFRA_SRE,Marcus Vance,Core Infrastructure & SRE,EMP10510,0,SRE_ENG,IC3,US_AUSTIN_DENVER,4.4,0,rating_3,None,203400.0,218500.0,0.931,0.2,133000.0,401300.0,399800.0,383900.0,-0.4,32,31,0,Clean
EMP10776,VP_INFRA_SRE,Marcus Vance,Core Infrastructure & SRE,EMP10520,0,TECH_PROG_MGMT,IC2,US_BAY_AREA,3.5,0,rating_3,None,191200.0,212700.0,0.899,0.15,92000.0,304300.0,285600.0,291200.0,-6.1,81,73,1,Clean
EMP10777,VP_INFRA_SRE,Marcus Vance,Core Infrastructure & SRE,EMP10537,0,TECH_PROG_MGMT,IC3,US_AUSTIN_DENVER,5.1,0,rating_4,None,200600.0,218500.0,0.918,0.2,133000.0,367300.0,347300.0,343900.0,-5.4,62,55,0,Clean
EMP10778,VP_INFRA_SRE,Marcus Vance,Core Infrastructure & SRE,EMP10534,0,SYS_NET_ENG,IC1,US_AUSTIN_DENVER,5.7,0,rating_5,None,117700.0,137800.0,0.854,0.15,42800.0,174600.0,170700.0,165100.0,-2.2,68,65,0,Clean
EMP10779,VP_INFRA_SRE,Marcus Vance,Core Infrastructure & SRE,EMP10530,0,SYS_NET_ENG,IC2,US_AUSTIN_DENVER,5.2,0,rating_4,None,161200.0,175800.0,0.917,0.15,76000.0,280600.0,274400.0,264300.0,-2.2,54,51,0,Clean
EMP10780,VP_INFRA_SRE,Marcus Vance,Core Infrastructure & SRE,EMP10532,0,SYS_NET_ENG,IC1,US_BAY_AREA,7.6,0,rating_4,None,143900.0,166800.0,0.863,0.15,51700.0,214700.0,195500.0,189300.0,-8.9,57,45,1,Clean
EMP10781,VP_INFRA_SRE,Marcus Vance,Core Infrastructure & SRE,EMP10509,0,SYS_NET_ENG,IC2,EU_ZURICH_MUNICH,5.5,0,rating_2,None,144500.0,170200.0,0.849,0.15,73600.0,245000.0,254700.0,243400.0,4.0,17,22,0,Clean
EMP10782,VP_INFRA_SRE,Marcus Vance,Core Infrastructure & SRE,EMP10515,0,SYS_NET_ENG,IC1,US_SEATTLE_NYC,3.1,0,rating_3,None,151200.0,159500.0,0.948,0.15,49500.0,214400.0,202400.0,195100.0,-5.6,20,13,0,Clean
EMP10783,VP_INFRA_SRE,Marcus Vance,Core Infrastructure & SRE,EMP10521,0,SW_ENG,IC3,APAC_SINGAPORE_TOKYO,4.4,0,rating_3,None,168500.0,184000.0,0.916,0.2,112000.0,342500.0,324900.0,329500.0,-5.1,34,27,0,Clean
EMP10784,VP_INFRA_SRE,Marcus Vance,Core Infrastructure & SRE,EMP10528,0,TECH_PROG_MGMT,IC1,APAC_SINGAPORE_TOKYO,0.7,0,rating_3,None,98300.0,116000.0,0.847,0.15,36000.0,160900.0,155200.0,151000.0,-3.5,99,94,0,Clean
EMP10785,VP_INFRA_SRE,Marcus Vance,Core Infrastructure & SRE,EMP10527,0,SW_ENG,IC1,EU_ZURICH_MUNICH,1.0,0,rating_3,None,135100.0,133400.0,1.013,0.15,41400.0,207600.0,213200.0,215400.0,2.7,29,33,0,Clean
EMP10786,VP_INFRA_SRE,Marcus Vance,Core Infrastructure & SRE,EMP10509,0,SRE_ENG,IC2,UK_LONDON,3.3,1,rating_3,None,150900.0,157200.0,0.96,0.15,68000.0,243700.0,248100.0,246100.0,1.8,6,8,0,Clean
EMP10787,VP_INFRA_SRE,Marcus Vance,Core Infrastructure & SRE,EMP10519,0,SYS_NET_ENG,IC2,US_BAY_AREA,8.7,0,rating_3,None,207800.0,212700.0,0.977,0.15,92000.0,335100.0,327400.0,322500.0,-2.3,74,71,0,Clean
EMP10788,VP_INFRA_SRE,Marcus Vance,Core Infrastructure & SRE,EMP10510,0,SYS_NET_ENG,IC1,APAC_SINGAPORE_TOKYO,1.5,0,rating_3,None,106500.0,116000.0,0.918,0.15,36000.0,163300.0,148600.0,146900.0,-9.0,52,40,0,Clean
EMP10789,VP_INFRA_SRE,Marcus Vance,Core Infrastructure & SRE,EMP10514,0,SRE_ENG,IC1,EU_ZURICH_MUNICH,5.1,0,rating_2,None,118500.0,133400.0,0.888,0.15,41400.0,196700.0,200000.0,201500.0,1.7,55,57,0,Clean
EMP10790,VP_INFRA_SRE,Marcus Vance,Core Infrastructure & SRE,EMP10529,0,SRE_ENG,IC3,UK_LONDON,2.2,0,rating_2,None,179700.0,195500.0,0.919,0.2,119000.0,351400.0,343100.0,341700.0,-2.4,56,53,0,Clean
EMP10791,VP_INFRA_SRE,Marcus Vance,Core Infrastructure & SRE,EMP10519,0,TECH_PROG_MGMT,IC2,US_AUSTIN_DENVER,4.4,0,rating_3,None,154000.0,175800.0,0.876,0.15,76000.0,261800.0,252700.0,238100.0,-3.5,31,26,0,Clean
EMP10792,VP_INFRA_SRE,Marcus Vance,Core Infrastructure & SRE,EMP10501,0,SRE_ENG,IC2,APAC_SINGAPORE_TOKYO,4.4,0,rating_3,None,125800.0,148000.0,0.85,0.15,64000.0,226900.0,210600.0,212800.0,-7.2,24,15,1,Clean
EMP10793,VP_INFRA_SRE,Marcus Vance,Core Infrastructure & SRE,EMP10511,0,SW_ENG,IC2,US_AUSTIN_DENVER,4.4,0,rating_3,None,172300.0,175800.0,0.98,0.15,76000.0,272200.0,270900.0,266900.0,-0.5,35,34,0,Clean
EMP10794,VP_INFRA_SRE,Marcus Vance,Core Infrastructure & SRE,EMP10509,0,SYS_NET_ENG,IC1,UK_LONDON,4.8,0,rating_3,None,127100.0,123200.0,1.032,0.15,38200.0,198100.0,184900.0,184300.0,-6.7,71,62,0,Clean
EMP10795,VP_INFRA_SRE,Marcus Vance,Core Infrastructure & SRE,EMP10517,0,SYS_NET_ENG,IC1,EU_ZURICH_MUNICH,1.3,0,rating_3,None,129700.0,133400.0,0.972,0.15,41400.0,188500.0,192400.0,183300.0,2.1,46,49,0,Clean
EMP10796,VP_INFRA_SRE,Marcus Vance,Core Infrastructure & SRE,EMP10531,0,SW_ENG,IC1,APAC_SINGAPORE_TOKYO,1.0,0,rating_4,None,106600.0,116000.0,0.919,0.15,36000.0,169500.0,175700.0,178100.0,3.7,41,46,0,Clean
EMP10797,VP_INFRA_SRE,Marcus Vance,Core Infrastructure & SRE,EMP10503,0,SRE_ENG,IC3,UK_LONDON,8.9,0,rating_4,None,179500.0,195500.0,0.918,0.2,119000.0,356900.0,292600.0,283900.0,-18.0,19,1,0,2027 Manager Inversion vs EMP10503
EMP10798,VP_INFRA_SRE,Marcus Vance,Core Infrastructure & SRE,EMP10513,0,TECH_PROG_MGMT,IC1,UK_LONDON,0.7,0,rating_3,None,109400.0,123200.0,0.888,0.15,38200.0,175900.0,178100.0,168600.0,1.3,37,39,0,Clean
EMP10799,VP_INFRA_SRE,Marcus Vance,Core Infrastructure & SRE,EMP10507,0,SW_ENG,IC1,US_BAY_AREA,6.0,0,rating_3,None,144100.0,166800.0,0.864,0.15,51700.0,208100.0,209100.0,211800.0,0.5,71,72,0,Clean
EMP10800,VP_INFRA_SRE,Marcus Vance,Core Infrastructure & SRE,EMP10514,0,TECH_PROG_MGMT,IC2,EU_ZURICH_MUNICH,1.1,0,rating_3,None,145000.0,170200.0,0.852,0.15,73600.0,237500.0,229300.0,222400.0,-3.5,79,74,1,Clean
EMP10801,VP_INFRA_SRE,Marcus Vance,Core Infrastructure & SRE,EMP10534,0,SRE_ENG,IC1,UK_LONDON,6.5,0,rating_3,None,113600.0,123200.0,0.922,0.15,38200.0,190000.0,195700.0,187900.0,3.0,84,88,1,Clean
EMP10802,VP_INFRA_SRE,Marcus Vance,Core Infrastructure & SRE,EMP10511,0,SRE_ENG,IC4,EU_ZURICH_MUNICH,1.4,0,rating_4,None,206600.0,262200.0,0.788,0.25,230000.0,520600.0,477600.0,475600.0,-8.3,31,20,0,Clean
EMP10803,VP_INFRA_SRE,Marcus Vance,Core Infrastructure & SRE,EMP10517,0,SRE_ENG,IC2,US_AUSTIN_DENVER,6.9,1,rating_4,None,152800.0,175800.0,0.869,0.15,76000.0,251900.0,256000.0,247400.0,1.6,60,62,0,Clean
EMP10804,VP_INFRA_SRE,Marcus Vance,Core Infrastructure & SRE,EMP10504,0,SRE_ENG,IC1,EU_ZURICH_MUNICH,5.7,1,rating_4,None,133400.0,133400.0,1.0,0.15,41400.0,213700.0,220900.0,218200.0,3.4,31,35,0,Clean
EMP10805,VP_INFRA_SRE,Marcus Vance,Core Infrastructure & SRE,EMP10536,0,SW_ENG,IC2,US_AUSTIN_DENVER,7.9,0,rating_3,None,159100.0,175800.0,0.905,0.15,76000.0,265000.0,257600.0,258300.0,-2.8,41,37,0,Clean
EMP10806,VP_INFRA_SRE,Marcus Vance,Core Infrastructure & SRE,EMP10504,0,SW_ENG,IC1,EU_ZURICH_MUNICH,1.6,1,rating_3,None,114300.0,133400.0,0.857,0.15,41400.0,180500.0,173300.0,168100.0,-4.0,37,32,0,Clean
EMP10807,VP_INFRA_SRE,Marcus Vance,Core Infrastructure & SRE,EMP10536,0,TECH_PROG_MGMT,IC1,US_BAY_AREA,5.5,0,rating_3,None,178300.0,166800.0,1.069,0.15,51700.0,253100.0,232200.0,222600.0,-8.3,11,1,0,Clean
EMP10808,VP_INFRA_SRE,Marcus Vance,Core Infrastructure & SRE,EMP10535,0,SRE_ENG,IC2,APAC_SINGAPORE_TOKYO,8.1,0,rating_2,None,134700.0,148000.0,0.91,0.15,64000.0,234200.0,222700.0,220100.0,-4.9,60,54,0,Clean
EMP10809,VP_INFRA_SRE,Marcus Vance,Core Infrastructure & SRE,EMP10509,0,TECH_PROG_MGMT,IC2,APAC_SINGAPORE_TOKYO,8.3,0,rating_3,None,137600.0,148000.0,0.93,0.15,64000.0,246000.0,247400.0,239600.0,0.6,59,60,0,Clean
EMP10810,VP_INFRA_SRE,Marcus Vance,Core Infrastructure & SRE,EMP10520,0,SYS_NET_ENG,IC3,APAC_SINGAPORE_TOKYO,8.6,0,rating_3,None,168400.0,184000.0,0.915,0.2,112000.0,328400.0,313600.0,305100.0,-4.5,99,93,0,Clean
EMP10811,VP_INFRA_SRE,Marcus Vance,Core Infrastructure & SRE,EMP10506,0,SW_ENG,IC1,EU_ZURICH_MUNICH,6.4,0,rating_3,None,123300.0,133400.0,0.924,0.15,41400.0,198400.0,184200.0,187600.0,-7.2,91,82,0,Clean
EMP10812,VP_INFRA_SRE,Marcus Vance,Core Infrastructure & SRE,EMP10530,0,SRE_ENG,IC4,UK_LONDON,3.8,0,rating_3,None,227400.0,242200.0,0.939,0.25,212500.0,617300.0,566500.0,571200.0,-8.2,36,25,1,Clean
EMP10813,VP_INFRA_SRE,Marcus Vance,Core Infrastructure & SRE,EMP10525,0,SRE_ENG,IC2,US_SEATTLE_NYC,0.7,1,rating_3,None,187600.0,203500.0,0.922,0.15,88000.0,295900.0,290100.0,280800.0,-2.0,67,64,0,Clean
EMP10814,VP_INFRA_SRE,Marcus Vance,Core Infrastructure & SRE,EMP10522,0,SYS_NET_ENG,IC3,EU_ZURICH_MUNICH,6.9,0,rating_3,None,193200.0,211600.0,0.913,0.2,128800.0,411400.0,416200.0,422100.0,1.2,58,60,0,Clean
EMP10815,VP_INFRA_SRE,Marcus Vance,Core Infrastructure & SRE,EMP10536,0,SYS_NET_ENG,IC2,EU_ZURICH_MUNICH,8.4,0,rating_3,None,139700.0,170200.0,0.821,0.15,73600.0,235200.0,225700.0,225600.0,-4.0,59,54,0,Clean
EMP10816,VP_INFRA_SRE,Marcus Vance,Core Infrastructure & SRE,EMP10501,0,SYS_NET_ENG,IC1,US_BAY_AREA,2.6,0,rating_3,None,171800.0,166800.0,1.03,0.15,51700.0,236700.0,223800.0,215200.0,-5.4,52,45,0,Clean
EMP10817,VP_INFRA_SRE,Marcus Vance,Core Infrastructure & SRE,EMP10539,0,SYS_NET_ENG,IC1,EU_ZURICH_MUNICH,3.5,0,rating_4,None,111900.0,133400.0,0.839,0.15,41400.0,167300.0,152400.0,143700.0,-8.9,13,1,0,Clean
EMP10818,VP_INFRA_SRE,Marcus Vance,Core Infrastructure & SRE,EMP10536,0,SRE_ENG,IC1,EU_ZURICH_MUNICH,2.8,0,rating_3,None,128300.0,133400.0,0.962,0.15,41400.0,187200.0,174700.0,174900.0,-6.7,45,36,0,Clean
EMP10819,VP_INFRA_SRE,Marcus Vance,Core Infrastructure & SRE,EMP10509,0,SW_ENG,IC1,US_SEATTLE_NYC,3.2,0,rating_3,None,156500.0,159500.0,0.981,0.15,49500.0,222400.0,217000.0,211600.0,-2.4,27,24,0,Clean
EMP10820,VP_INFRA_SRE,Marcus Vance,Core Infrastructure & SRE,EMP10515,0,SYS_NET_ENG,IC1,US_AUSTIN_DENVER,4.8,0,rating_4,None,143900.0,137800.0,1.044,0.15,42800.0,204800.0,192600.0,182700.0,-6.0,57,49,0,Clean
EMP10821,VP_INFRA_SRE,Marcus Vance,Core Infrastructure & SRE,EMP10505,0,SYS_NET_ENG,IC1,EU_ZURICH_MUNICH,7.2,0,rating_3,None,109400.0,133400.0,0.82,0.15,41400.0,183800.0,170700.0,164900.0,-7.1,84,75,0,Clean
EMP10822,VP_INFRA_SRE,Marcus Vance,Core Infrastructure & SRE,EMP10527,0,SYS_NET_ENG,IC3,UK_LONDON,1.4,0,rating_1,None,188700.0,195500.0,0.965,0.2,119000.0,365800.0,340000.0,335700.0,-7.1,45,36,0,Clean
EMP10823,VP_INFRA_SRE,Marcus Vance,Core Infrastructure & SRE,EMP10521,0,SYS_NET_ENG,IC2,US_SEATTLE_NYC,8.6,0,rating_3,None,171600.0,203500.0,0.843,0.15,88000.0,295800.0,294100.0,298900.0,-0.6,74,73,0,Clean
EMP10824,VP_INFRA_SRE,Marcus Vance,Core Infrastructure & SRE,EMP10537,0,TECH_PROG_MGMT,IC2,EU_ZURICH_MUNICH,2.8,1,rating_3,None,152500.0,170200.0,0.896,0.15,73600.0,262300.0,256600.0,250300.0,-2.2,6,3,0,Clean
EMP10825,VP_INFRA_SRE,Marcus Vance,Core Infrastructure & SRE,EMP10519,0,SYS_NET_ENG,IC3,US_SEATTLE_NYC,8.6,0,rating_3,None,244900.0,253000.0,0.968,0.2,154000.0,481000.0,481000.0,469300.0,0.0,1,1,0,Clean
EMP10826,VP_INFRA_SRE,Marcus Vance,Core Infrastructure & SRE,EMP10506,0,SRE_ENG,IC2,US_AUSTIN_DENVER,5.1,0,rating_3,None,150500.0,175800.0,0.856,0.15,76000.0,263900.0,268500.0,255100.0,1.7,25,27,0,Clean
EMP10827,VP_INFRA_SRE,Marcus Vance,Core Infrastructure & SRE,EMP10527,0,SW_ENG,IC2,EU_ZURICH_MUNICH,5.9,0,rating_3,None,154200.0,170200.0,0.906,0.15,73600.0,262100.0,272000.0,268200.0,3.8,72,77,0,Clean
EMP10828,VP_INFRA_SRE,Marcus Vance,Core Infrastructure & SRE,EMP10512,0,SRE_ENG,IC3,US_SEATTLE_NYC,4.2,0,rating_3,None,240400.0,253000.0,0.95,0.2,154000.0,459500.0,425700.0,401300.0,-7.4,65,55,0,Clean
EMP10829,VP_INFRA_SRE,Marcus Vance,Core Infrastructure & SRE,EMP10505,0,TECH_PROG_MGMT,IC1,UK_LONDON,5.5,0,rating_3,None,106800.0,123200.0,0.867,0.15,38200.0,163700.0,168100.0,170100.0,2.7,71,75,0,Clean
EMP10830,VP_INFRA_SRE,Marcus Vance,Core Infrastructure & SRE,EMP10503,0,SYS_NET_ENG,IC1,UK_LONDON,6.7,0,rating_3,None,122500.0,123200.0,0.994,0.15,38200.0,196200.0,196400.0,196100.0,0.1,34,34,0,Clean
EMP10831,VP_INFRA_SRE,Marcus Vance,Core Infrastructure & SRE,EMP10533,0,SRE_ENG,IC1,EU_ZURICH_MUNICH,7.1,0,rating_3,None,109800.0,133400.0,0.823,0.15,41400.0,168500.0,169200.0,162800.0,0.4,32,33,0,Clean
EMP10832,VP_INFRA_SRE,Marcus Vance,Core Infrastructure & SRE,EMP10532,0,TECH_PROG_MGMT,IC1,US_AUSTIN_DENVER,2.3,0,rating_2,None,121700.0,137800.0,0.883,0.15,42800.0,196600.0,197700.0,201500.0,0.6,71,72,0,Clean
EMP10833,VP_INFRA_SRE,Marcus Vance,Core Infrastructure & SRE,EMP10537,0,SYS_NET_ENG,IC3,US_BAY_AREA,2.7,0,rating_3,None,234300.0,264500.0,0.886,0.2,161000.0,415900.0,387600.0,393500.0,-6.8,64,55,0,Clean
EMP10834,VP_INFRA_SRE,Marcus Vance,Core Infrastructure & SRE,EMP10507,0,SYS_NET_ENG,IC3,US_SEATTLE_NYC,5.1,0,rating_3,None,248700.0,253000.0,0.983,0.2,154000.0,459300.0,420300.0,425000.0,-8.5,69,58,0,Clean
EMP10835,VP_INFRA_SRE,Marcus Vance,Core Infrastructure & SRE,EMP10532,0,SRE_ENG,IC3,US_AUSTIN_DENVER,1.4,0,rating_3,None,209300.0,218500.0,0.958,0.2,133000.0,406700.0,414000.0,398900.0,1.8,99,99,0,Clean
EMP10836,VP_INFRA_SRE,Marcus Vance,Core Infrastructure & SRE,EMP10508,0,TECH_PROG_MGMT,IC2,UK_LONDON,7.2,0,rating_5,None,141300.0,157200.0,0.899,0.15,68000.0,235200.0,224800.0,212700.0,-4.4,99,93,0,Clean
EMP10837,VP_INFRA_SRE,Marcus Vance,Core Infrastructure & SRE,EMP10521,0,SYS_NET_ENG,IC1,US_AUSTIN_DENVER,1.4,0,rating_3,None,110400.0,137800.0,0.801,0.15,42800.0,180700.0,185400.0,174800.0,2.6,63,66,0,Clean
EMP10838,VP_INFRA_SRE,Marcus Vance,Core Infrastructure & SRE,EMP10534,0,SRE_ENG,IC1,APAC_SINGAPORE_TOKYO,4.6,0,rating_3,None,101300.0,116000.0,0.873,0.15,36000.0,159700.0,149400.0,146100.0,-6.4,39,31,0,Clean
EMP10839,VP_INFRA_SRE,Marcus Vance,Core Infrastructure & SRE,EMP10532,0,SW_ENG,IC1,APAC_SINGAPORE_TOKYO,2.3,0,rating_4,None,119700.0,116000.0,1.032,0.15,36000.0,176000.0,161700.0,159200.0,-8.1,11,1,0,Clean
EMP10840,VP_INFRA_SRE,Marcus Vance,Core Infrastructure & SRE,EMP10527,0,TECH_PROG_MGMT,IC2,APAC_SINGAPORE_TOKYO,3.0,0,rating_3,None,122000.0,148000.0,0.824,0.15,64000.0,215500.0,204500.0,196000.0,-5.1,35,28,0,Clean
EMP10841,VP_INFRA_SRE,Marcus Vance,Core Infrastructure & SRE,EMP10526,0,TECH_PROG_MGMT,IC2,US_AUSTIN_DENVER,6.1,0,rating_4,None,164900.0,175800.0,0.938,0.15,76000.0,269100.0,278800.0,269300.0,3.6,59,64,0,Clean
EMP10842,VP_INFRA_SRE,Marcus Vance,Core Infrastructure & SRE,EMP10530,0,SRE_ENG,IC4,US_AUSTIN_DENVER,2.5,0,rating_4,None,236700.0,270800.0,0.874,0.25,237500.0,609000.0,592900.0,576900.0,-2.6,17,14,0,Clean
EMP10843,VP_INFRA_SRE,Marcus Vance,Core Infrastructure & SRE,EMP10533,0,TECH_PROG_MGMT,IC1,US_BAY_AREA,1.0,0,rating_3,None,142300.0,166800.0,0.853,0.15,51700.0,220100.0,212500.0,204200.0,-3.5,44,39,0,Clean
EMP10844,VP_INFRA_SRE,Marcus Vance,Core Infrastructure & SRE,EMP10515,0,SRE_ENG,IC1,US_AUSTIN_DENVER,5.7,0,rating_4,None,118900.0,137800.0,0.863,0.15,42800.0,192500.0,177900.0,181000.0,-7.6,57,47,0,Clean
EMP10845,VP_INFRA_SRE,Marcus Vance,Core Infrastructure & SRE,EMP10535,0,SRE_ENG,IC1,UK_LONDON,3.6,0,rating_4,None,123400.0,123200.0,1.002,0.15,38200.0,192600.0,191700.0,188200.0,-0.5,72,71,0,Clean
EMP10846,VP_INFRA_SRE,Marcus Vance,Core Infrastructure & SRE,EMP10511,0,TECH_PROG_MGMT,IC3,APAC_SINGAPORE_TOKYO,0.8,0,rating_4,None,170400.0,184000.0,0.926,0.2,112000.0,338600.0,340400.0,345600.0,0.5,95,96,1,Clean
EMP10847,VP_INFRA_SRE,Marcus Vance,Core Infrastructure & SRE,EMP10534,0,TECH_PROG_MGMT,IC1,UK_LONDON,7.4,0,rating_1,None,118900.0,123200.0,0.965,0.15,38200.0,190400.0,174100.0,174100.0,-8.6,57,46,0,Clean
EMP10848,VP_INFRA_SRE,Marcus Vance,Core Infrastructure & SRE,EMP10526,0,SYS_NET_ENG,IC1,US_BAY_AREA,8.3,0,rating_3,None,164100.0,166800.0,0.984,0.15,51700.0,227400.0,228900.0,225100.0,0.7,65,66,0,Clean
EMP10849,VP_INFRA_SRE,Marcus Vance,Core Infrastructure & SRE,EMP10538,0,SW_ENG,IC3,EU_ZURICH_MUNICH,8.7,0,rating_3,None,209100.0,211600.0,0.988,0.2,128800.0,391100.0,379200.0,359500.0,-3.0,19,15,0,Clean
EMP10850,VP_INFRA_SRE,Marcus Vance,Core Infrastructure & SRE,EMP10525,0,SRE_ENG,IC1,US_SEATTLE_NYC,4.7,0,rating_3,None,159200.0,159500.0,0.998,0.15,49500.0,233300.0,219700.0,206800.0,-5.8,46,38,0,Clean
EMP10851,VP_INFRA_SRE,Marcus Vance,Core Infrastructure & SRE,EMP10524,0,SRE_ENG,IC3,UK_LONDON,3.3,0,rating_3,None,184000.0,195500.0,0.941,0.2,119000.0,365700.0,359600.0,356500.0,-1.7,99,97,0,Clean
EMP10852,VP_INFRA_SRE,Marcus Vance,Core Infrastructure & SRE,EMP10506,0,SW_ENG,IC1,US_SEATTLE_NYC,5.3,0,rating_3,None,153800.0,159500.0,0.964,0.15,49500.0,229000.0,222500.0,222000.0,-2.8,31,27,0,Clean
EMP10853,VP_INFRA_SRE,Marcus Vance,Core Infrastructure & SRE,EMP10532,0,SYS_NET_ENG,IC1,APAC_SINGAPORE_TOKYO,6.9,0,rating_3,None,103100.0,116000.0,0.889,0.15,36000.0,166000.0,151200.0,150500.0,-8.9,64,52,0,Clean
EMP10854,VP_INFRA_SRE,Marcus Vance,Core Infrastructure & SRE,EMP10535,0,SW_ENG,IC2,US_AUSTIN_DENVER,1.2,0,rating_3,None,146300.0,175800.0,0.832,0.15,76000.0,265500.0,273400.0,266300.0,3.0,59,63,0,Clean
EMP10855,VP_INFRA_SRE,Marcus Vance,Core Infrastructure & SRE,EMP10501,0,SRE_ENG,IC1,US_SEATTLE_NYC,1.7,0,rating_2,None,152500.0,159500.0,0.956,0.15,49500.0,224800.0,222900.0,218900.0,-0.8,98,97,0,Clean
EMP10856,VP_INFRA_SRE,Marcus Vance,Core Infrastructure & SRE,EMP10527,0,SYS_NET_ENG,IC2,US_BAY_AREA,6.0,0,rating_4,None,182100.0,212700.0,0.856,0.15,92000.0,298300.0,295300.0,286400.0,-1.0,60,59,0,Clean
EMP10857,VP_INFRA_SRE,Marcus Vance,Core Infrastructure & SRE,EMP10534,0,SYS_NET_ENG,IC2,EU_ZURICH_MUNICH,1.9,0,rating_3,None,144200.0,170200.0,0.847,0.15,73600.0,263700.0,274100.0,278000.0,3.9,35,40,0,Clean
EMP10858,VP_INFRA_SRE,Marcus Vance,Core Infrastructure & SRE,EMP10531,0,TECH_PROG_MGMT,IC1,US_SEATTLE_NYC,3.3,0,rating_5,None,147500.0,159500.0,0.925,0.15,49500.0,212100.0,212100.0,208500.0,0.0,59,59,1,Clean
EMP10859,VP_INFRA_SRE,Marcus Vance,Core Infrastructure & SRE,EMP10530,0,SRE_ENG,IC2,US_AUSTIN_DENVER,4.1,1,rating_3,None,143300.0,175800.0,0.815,0.15,76000.0,240500.0,227700.0,230600.0,-5.3,14,7,0,Stale pre-promotion band mapping suspected
EMP10860,VP_INFRA_SRE,Marcus Vance,Core Infrastructure & SRE,EMP10524,0,TECH_PROG_MGMT,IC2,US_AUSTIN_DENVER,5.3,0,rating_3,None,143600.0,175800.0,0.817,0.15,76000.0,237200.0,222500.0,212300.0,-6.2,39,31,0,Clean
EMP10861,VP_INFRA_SRE,Marcus Vance,Core Infrastructure & SRE,EMP10534,0,TECH_PROG_MGMT,IC2,US_AUSTIN_DENVER,2.3,0,rating_3,None,138500.0,175800.0,0.788,0.15,76000.0,256800.0,254200.0,257400.0,-1.0,30,29,1,Clean
EMP10862,VP_INFRA_SRE,Marcus Vance,Core Infrastructure & SRE,EMP10515,0,SRE_ENG,IC4,EU_ZURICH_MUNICH,4.2,0,rating_4,None,245200.0,262200.0,0.935,0.25,230000.0,631000.0,578500.0,567500.0,-8.3,63,52,0,Clean
EMP10863,VP_INFRA_SRE,Marcus Vance,Core Infrastructure & SRE,EMP10521,0,SRE_ENG,IC1,US_SEATTLE_NYC,8.0,0,rating_3,None,135100.0,159500.0,0.847,0.15,49500.0,200700.0,196300.0,192900.0,-2.2,43,40,0,Clean
EMP10864,VP_INFRA_SRE,Marcus Vance,Core Infrastructure & SRE,EMP10511,0,SYS_NET_ENG,IC3,APAC_SINGAPORE_TOKYO,6.0,0,rating_3,None,176100.0,184000.0,0.957,0.2,112000.0,347800.0,321900.0,325800.0,-7.4,72,62,0,Clean
EMP10865,VP_INFRA_SRE,Marcus Vance,Core Infrastructure & SRE,EMP10524,0,SYS_NET_ENG,IC3,APAC_SINGAPORE_TOKYO,9.0,0,rating_4,None,151600.0,184000.0,0.824,0.2,112000.0,314300.0,301300.0,305700.0,-4.1,67,62,0,Clean
EMP10866,VP_INFRA_SRE,Marcus Vance,Core Infrastructure & SRE,EMP10524,0,SRE_ENG,IC2,EU_ZURICH_MUNICH,2.8,0,rating_3,None,152800.0,170200.0,0.898,0.15,73600.0,280600.0,277500.0,261600.0,-1.1,62,61,0,Clean
EMP10867,VP_INFRA_SRE,Marcus Vance,Core Infrastructure & SRE,EMP10503,0,SYS_NET_ENG,IC4,US_AUSTIN_DENVER,4.7,0,rating_4,None,210700.0,270800.0,0.778,0.25,237500.0,591800.0,615300.0,609500.0,4.0,7,12,0,Clean
EMP10868,VP_INFRA_SRE,Marcus Vance,Core Infrastructure & SRE,EMP10535,0,SRE_ENG,IC3,US_AUSTIN_DENVER,7.7,0,rating_2,None,230700.0,218500.0,1.056,0.2,133000.0,456800.0,423500.0,412300.0,-7.3,61,52,1,Clean
EMP10869,VP_INFRA_SRE,Marcus Vance,Core Infrastructure & SRE,EMP10504,0,SYS_NET_ENG,IC1,US_SEATTLE_NYC,8.9,0,rating_3,None,134900.0,159500.0,0.846,0.15,49500.0,213600.0,219300.0,209100.0,2.7,20,24,0,Clean
EMP10870,VP_INFRA_SRE,Marcus Vance,Core Infrastructure & SRE,EMP10524,0,TECH_PROG_MGMT,IC2,UK_LONDON,4.3,0,rating_2,None,151700.0,157200.0,0.965,0.15,68000.0,262600.0,263900.0,249800.0,0.5,22,23,0,Clean
EMP10871,VP_INFRA_SRE,Marcus Vance,Core Infrastructure & SRE,EMP10513,0,TECH_PROG_MGMT,IC2,US_SEATTLE_NYC,7.6,0,rating_4,None,167100.0,203500.0,0.821,0.15,88000.0,282600.0,261500.0,255600.0,-7.5,17,7,0,Clean
EMP10872,VP_INFRA_SRE,Marcus Vance,Core Infrastructure & SRE,EMP10530,0,SRE_ENG,IC1,US_SEATTLE_NYC,3.7,0,rating_3,None,144200.0,159500.0,0.904,0.15,49500.0,221300.0,224100.0,214600.0,1.3,37,39,0,Clean
EMP10873,VP_INFRA_SRE,Marcus Vance,Core Infrastructure & SRE,EMP10516,0,SW_ENG,IC1,APAC_SINGAPORE_TOKYO,2.4,0,rating_2,None,105700.0,116000.0,0.911,0.15,36000.0,163900.0,152100.0,146800.0,-7.2,39,30,0,Clean
EMP10874,VP_INFRA_SRE,Marcus Vance,Core Infrastructure & SRE,EMP10513,0,SYS_NET_ENG,IC1,US_AUSTIN_DENVER,5.9,0,rating_3,None,122900.0,137800.0,0.892,0.15,42800.0,187400.0,186200.0,181700.0,-0.6,34,33,0,Clean
EMP10875,VP_INFRA_SRE,Marcus Vance,Core Infrastructure & SRE,EMP10503,0,TECH_PROG_MGMT,IC3,US_SEATTLE_NYC,6.4,0,rating_3,None,218300.0,253000.0,0.863,0.2,154000.0,437800.0,292600.0,279900.0,-33.2,48,5,0,2027 Manager Inversion vs EMP10503
EMP10876,VP_INFRA_SRE,Marcus Vance,Core Infrastructure & SRE,EMP10518,0,SW_ENG,IC1,US_AUSTIN_DENVER,3.2,0,rating_4,None,126900.0,137800.0,0.921,0.15,42800.0,198400.0,192800.0,188400.0,-2.8,70,66,0,Clean
EMP10877,VP_INFRA_SRE,Marcus Vance,Core Infrastructure & SRE,EMP10538,0,SYS_NET_ENG,IC3,APAC_SINGAPORE_TOKYO,2.1,0,rating_4,None,177000.0,184000.0,0.962,0.2,112000.0,364700.0,347800.0,352100.0,-4.6,66,60,0,Clean
EMP10878,VP_INFRA_SRE,Marcus Vance,Core Infrastructure & SRE,EMP10511,0,SW_ENG,IC2,US_BAY_AREA,6.6,0,rating_3,None,174400.0,212700.0,0.82,0.15,92000.0,297800.0,289300.0,277600.0,-2.9,64,60,0,Clean
EMP10879,VP_INFRA_SRE,Marcus Vance,Core Infrastructure & SRE,EMP10531,0,SYS_NET_ENG,IC2,US_BAY_AREA,8.6,0,rating_4,None,223500.0,212700.0,1.051,0.15,92000.0,345300.0,333100.0,333700.0,-3.5,43,38,0,Clean
EMP10880,VP_INFRA_SRE,Marcus Vance,Core Infrastructure & SRE,EMP10502,0,SW_ENG,IC1,US_AUSTIN_DENVER,3.3,0,rating_4,None,144300.0,137800.0,1.047,0.15,42800.0,226000.0,227700.0,216400.0,0.8,11,12,0,Clean
EMP10881,VP_INFRA_SRE,Marcus Vance,Core Infrastructure & SRE,EMP10506,0,SW_ENG,IC1,US_AUSTIN_DENVER,2.5,0,rating_1,None,119700.0,137800.0,0.869,0.15,42800.0,195800.0,185800.0,175800.0,-5.1,56,49,0,Clean
EMP10882,VP_INFRA_SRE,Marcus Vance,Core Infrastructure & SRE,EMP10506,0,SW_ENG,IC2,APAC_SINGAPORE_TOKYO,2.3,0,rating_1,None,117800.0,148000.0,0.796,0.15,64000.0,207500.0,203700.0,197900.0,-1.8,38,36,0,Clean
EMP10883,VP_INFRA_SRE,Marcus Vance,Core Infrastructure & SRE,EMP10525,0,SW_ENG,IC3,US_BAY_AREA,7.9,0,rating_4,None,228300.0,264500.0,0.863,0.2,161000.0,415900.0,393800.0,391400.0,-5.3,66,59,0,Clean
EMP10884,VP_INFRA_SRE,Marcus Vance,Core Infrastructure & SRE,EMP10535,0,TECH_PROG_MGMT,IC1,APAC_SINGAPORE_TOKYO,7.5,0,rating_3,None,104900.0,116000.0,0.904,0.15,36000.0,176100.0,168700.0,163200.0,-4.2,20,15,0,Clean
EMP10885,VP_INFRA_SRE,Marcus Vance,Core Infrastructure & SRE,EMP10526,0,SW_ENG,IC3,US_SEATTLE_NYC,3.1,0,rating_3,None,224900.0,253000.0,0.889,0.2,154000.0,415800.0,388100.0,369500.0,-6.7,52,43,0,Clean
EMP10886,VP_INFRA_SRE,Marcus Vance,Core Infrastructure & SRE,EMP10531,0,TECH_PROG_MGMT,IC1,US_SEATTLE_NYC,7.8,0,rating_4,None,153900.0,159500.0,0.965,0.15,49500.0,217100.0,216900.0,205600.0,-0.1,83,83,0,Clean
EMP10887,VP_INFRA_SRE,Marcus Vance,Core Infrastructure & SRE,EMP10501,0,SW_ENG,IC1,EU_ZURICH_MUNICH,4.1,0,rating_1,None,107300.0,133400.0,0.804,0.15,41400.0,176700.0,170500.0,161000.0,-3.5,50,45,0,Clean
EMP10888,VP_INFRA_SRE,Marcus Vance,Core Infrastructure & SRE,EMP10508,0,TECH_PROG_MGMT,IC2,EU_ZURICH_MUNICH,5.0,0,rating_3,None,145500.0,170200.0,0.855,0.15,73600.0,249900.0,252900.0,257600.0,1.2,71,73,0,Clean
EMP10889,VP_INFRA_SRE,Marcus Vance,Core Infrastructure & SRE,EMP10506,0,SYS_NET_ENG,IC1,APAC_SINGAPORE_TOKYO,1.5,0,rating_4,None,101000.0,116000.0,0.871,0.15,36000.0,164700.0,150900.0,145200.0,-8.4,43,32,0,Clean
EMP10890,VP_INFRA_SRE,Marcus Vance,Core Infrastructure & SRE,EMP10524,0,SYS_NET_ENG,IC1,US_AUSTIN_DENVER,4.3,1,rating_4,None,112400.0,137800.0,0.816,0.15,42800.0,173600.0,164600.0,160200.0,-5.2,68,61,0,Stale pre-promotion band mapping suspected
EMP10891,VP_INFRA_SRE,Marcus Vance,Core Infrastructure & SRE,EMP10503,0,SYS_NET_ENG,IC2,APAC_SINGAPORE_TOKYO,4.2,0,rating_3,None,151300.0,148000.0,1.022,0.15,64000.0,245800.0,246900.0,244600.0,0.4,61,62,0,Clean
EMP10892,VP_INFRA_SRE,Marcus Vance,Core Infrastructure & SRE,EMP10530,0,SW_ENG,IC2,APAC_SINGAPORE_TOKYO,7.4,0,rating_2,None,140500.0,148000.0,0.949,0.15,64000.0,231100.0,228600.0,228100.0,-1.1,24,23,0,Clean
EMP10893,VP_INFRA_SRE,Marcus Vance,Core Infrastructure & SRE,EMP10533,0,SRE_ENG,IC4,US_AUSTIN_DENVER,8.0,1,rating_3,None,274900.0,270800.0,1.015,0.25,237500.0,674900.0,636700.0,631800.0,-5.7,34,27,0,Clean
EMP10894,VP_INFRA_SRE,Marcus Vance,Core Infrastructure & SRE,EMP10528,0,SW_ENG,IC4,EU_ZURICH_MUNICH,4.5,0,rating_3,None,237600.0,262200.0,0.906,0.25,230000.0,540000.0,547500.0,531000.0,1.4,72,74,0,Clean
EMP10895,VP_INFRA_SRE,Marcus Vance,Core Infrastructure & SRE,EMP10528,0,SW_ENG,IC1,US_AUSTIN_DENVER,7.1,0,rating_3,None,122500.0,137800.0,0.889,0.15,42800.0,185600.0,169000.0,161700.0,-8.9,52,40,0,Clean
EMP10896,VP_INFRA_SRE,Marcus Vance,Core Infrastructure & SRE,EMP10518,0,SYS_NET_ENG,IC1,US_BAY_AREA,5.5,0,rating_3,None,152100.0,166800.0,0.912,0.15,51700.0,219600.0,220200.0,221600.0,0.3,57,57,0,Clean
EMP10897,VP_INFRA_SRE,Marcus Vance,Core Infrastructure & SRE,EMP10522,0,TECH_PROG_MGMT,IC2,EU_ZURICH_MUNICH,6.4,0,rating_3,None,165800.0,170200.0,0.974,0.15,73600.0,277200.0,279000.0,267000.0,0.6,54,55,0,Clean
EMP10898,VP_INFRA_SRE,Marcus Vance,Core Infrastructure & SRE,EMP10517,0,SRE_ENG,IC2,APAC_SINGAPORE_TOKYO,4.3,0,rating_2,None,112500.0,148000.0,0.76,0.15,64000.0,218600.0,207600.0,207600.0,-5.0,58,52,0,Clean
EMP10899,VP_INFRA_SRE,Marcus Vance,Core Infrastructure & SRE,EMP10510,0,SW_ENG,IC2,EU_ZURICH_MUNICH,2.5,1,rating_5,None,147400.0,170200.0,0.866,0.15,73600.0,276400.0,271500.0,265900.0,-1.8,72,70,0,Clean
EMP10900,VP_INFRA_SRE,Marcus Vance,Core Infrastructure & SRE,EMP10509,0,SRE_ENG,IC2,US_BAY_AREA,8.8,0,rating_2,None,185500.0,212700.0,0.872,0.15,92000.0,315900.0,319000.0,325000.0,1.0,62,63,0,Clean
EMP10901,VP_INFRA_SRE,Marcus Vance,Core Infrastructure & SRE,EMP10523,0,TECH_PROG_MGMT,IC3,EU_ZURICH_MUNICH,4.8,0,rating_3,None,187900.0,211600.0,0.888,0.2,128800.0,392600.0,389600.0,386100.0,-0.8,93,92,0,Clean
EMP10902,VP_INFRA_SRE,Marcus Vance,Core Infrastructure & SRE,EMP10515,0,TECH_PROG_MGMT,IC3,UK_LONDON,7.0,0,rating_2,None,170900.0,195500.0,0.874,0.2,119000.0,352100.0,320600.0,322600.0,-8.9,99,87,0,Clean
EMP10903,VP_INFRA_SRE,Marcus Vance,Core Infrastructure & SRE,EMP10507,0,TECH_PROG_MGMT,IC2,UK_LONDON,6.7,0,rating_3,None,129800.0,157200.0,0.826,0.15,68000.0,242100.0,251700.0,248700.0,4.0,70,75,0,Clean
EMP10904,VP_INFRA_SRE,Marcus Vance,Core Infrastructure & SRE,EMP10521,0,SW_ENG,IC2,EU_ZURICH_MUNICH,4.8,1,rating_5,None,142100.0,170200.0,0.835,0.15,73600.0,255500.0,258700.0,251200.0,1.3,26,28,0,Clean
EMP10905,VP_INFRA_SRE,Marcus Vance,Core Infrastructure & SRE,EMP10511,0,SW_ENG,IC2,US_SEATTLE_NYC,4.4,0,rating_2,None,163000.0,203500.0,0.801,0.15,88000.0,258000.0,235800.0,232500.0,-8.6,59,48,0,Clean
EMP10906,VP_INFRA_SRE,Marcus Vance,Core Infrastructure & SRE,EMP10529,0,SW_ENG,IC4,UK_LONDON,8.7,0,rating_3,None,212200.0,242200.0,0.876,0.25,212500.0,592700.0,551600.0,538900.0,-6.9,52,43,1,Clean
EMP10907,VP_INFRA_SRE,Marcus Vance,Core Infrastructure & SRE,EMP10503,0,TECH_PROG_MGMT,IC2,EU_ZURICH_MUNICH,7.1,0,rating_2,None,178500.0,170200.0,1.049,0.15,73600.0,283700.0,284600.0,270300.0,0.3,51,51,0,Clean
EMP10908,VP_INFRA_SRE,Marcus Vance,Core Infrastructure & SRE,EMP10535,0,TECH_PROG_MGMT,IC2,UK_LONDON,8.4,0,rating_4,None,144900.0,157200.0,0.922,0.15,68000.0,263600.0,241200.0,234400.0,-8.5,45,34,0,Clean
EMP10909,VP_INFRA_SRE,Marcus Vance,Core Infrastructure & SRE,EMP10529,0,SRE_ENG,IC2,US_BAY_AREA,3.4,0,rating_4,None,200600.0,212700.0,0.943,0.15,92000.0,303200.0,282600.0,275000.0,-6.8,67,58,0,Clean
EMP10910,VP_INFRA_SRE,Marcus Vance,Core Infrastructure & SRE,EMP10531,0,SRE_ENG,IC1,US_AUSTIN_DENVER,4.3,0,rating_4,None,123100.0,137800.0,0.893,0.15,42800.0,185400.0,175000.0,168600.0,-5.6,45,38,0,Clean
EMP10911,VP_INFRA_SRE,Marcus Vance,Core Infrastructure & SRE,EMP10517,0,SRE_ENG,IC2,US_SEATTLE_NYC,1.8,0,rating_3,None,192300.0,203500.0,0.945,0.15,88000.0,303600.0,287800.0,292300.0,-5.2,68,61,0,Clean
EMP10912,VP_INFRA_SRE,Marcus Vance,Core Infrastructure & SRE,EMP10531,0,SYS_NET_ENG,IC2,US_SEATTLE_NYC,2.3,0,rating_2,None,184400.0,203500.0,0.906,0.15,88000.0,295500.0,293400.0,276500.0,-0.7,15,14,0,Clean
EMP10913,VP_INFRA_SRE,Marcus Vance,Core Infrastructure & SRE,EMP10538,0,SYS_NET_ENG,IC1,APAC_SINGAPORE_TOKYO,5.5,0,rating_3,None,89200.0,116000.0,0.769,0.15,36000.0,161100.0,167000.0,165600.0,3.7,49,54,0,Clean
EMP10914,VP_INFRA_SRE,Marcus Vance,Core Infrastructure & SRE,EMP10534,0,TECH_PROG_MGMT,IC2,APAC_SINGAPORE_TOKYO,3.1,0,rating_2,None,140900.0,148000.0,0.952,0.15,64000.0,230600.0,238200.0,230400.0,3.3,78,82,0,Clean
EMP10915,VP_INFRA_SRE,Marcus Vance,Core Infrastructure & SRE,EMP10518,0,SRE_ENG,IC2,APAC_SINGAPORE_TOKYO,7.2,0,rating_3,None,138700.0,148000.0,0.937,0.15,64000.0,228000.0,229600.0,230900.0,0.7,79,80,0,Clean
EMP10916,VP_INFRA_SRE,Marcus Vance,Core Infrastructure & SRE,EMP10513,0,SRE_ENG,IC2,UK_LONDON,1.2,0,rating_3,None,124000.0,157200.0,0.789,0.15,68000.0,249100.0,254100.0,249800.0,2.0,10,13,0,Clean
EMP10917,VP_INFRA_SRE,Marcus Vance,Core Infrastructure & SRE,EMP10529,0,SW_ENG,IC2,US_SEATTLE_NYC,0.8,0,rating_3,None,184400.0,203500.0,0.906,0.15,88000.0,289900.0,289800.0,283000.0,-0.0,91,91,0,Clean
EMP10918,VP_INFRA_SRE,Marcus Vance,Core Infrastructure & SRE,EMP10536,0,SW_ENG,IC1,APAC_SINGAPORE_TOKYO,5.4,0,rating_4,None,107000.0,116000.0,0.922,0.15,36000.0,162600.0,152800.0,150800.0,-6.0,44,36,0,Clean
EMP10919,VP_INFRA_SRE,Marcus Vance,Core Infrastructure & SRE,EMP10535,0,SRE_ENG,IC3,US_AUSTIN_DENVER,5.6,0,rating_3,None,200400.0,218500.0,0.917,0.2,133000.0,392800.0,362500.0,357800.0,-7.7,43,33,0,Clean
EMP10920,VP_INFRA_SRE,Marcus Vance,Core Infrastructure & SRE,EMP10501,0,SRE_ENG,IC2,APAC_SINGAPORE_TOKYO,6.9,0,rating_2,None,148300.0,148000.0,1.002,0.15,64000.0,263100.0,255000.0,239700.0,-3.1,25,21,0,Clean
EMP10921,VP_INFRA_SRE,Marcus Vance,Core Infrastructure & SRE,EMP10532,0,SYS_NET_ENG,IC2,EU_ZURICH_MUNICH,4.8,0,rating_3,None,145200.0,170200.0,0.853,0.15,73600.0,256300.0,244600.0,243200.0,-4.6,54,48,0,Clean
EMP10922,VP_INFRA_SRE,Marcus Vance,Core Infrastructure & SRE,EMP10508,0,SW_ENG,IC4,UK_LONDON,1.3,0,rating_3,None,256200.0,242200.0,1.058,0.25,212500.0,555000.0,559900.0,556400.0,0.9,54,55,0,Clean
EMP10923,VP_INFRA_SRE,Marcus Vance,Core Infrastructure & SRE,EMP10522,0,SW_ENG,IC2,US_SEATTLE_NYC,3.1,0,rating_3,None,189500.0,203500.0,0.931,0.15,88000.0,298700.0,292400.0,277300.0,-2.1,12,9,0,Clean
EMP10924,VP_INFRA_SRE,Marcus Vance,Core Infrastructure & SRE,EMP10537,0,SYS_NET_ENG,IC2,US_SEATTLE_NYC,4.5,0,rating_2,None,190300.0,203500.0,0.935,0.15,88000.0,313300.0,298400.0,292800.0,-4.8,75,69,0,Clean
EMP10925,VP_INFRA_SRE,Marcus Vance,Core Infrastructure & SRE,EMP10527,0,SYS_NET_ENG,IC3,US_SEATTLE_NYC,6.8,0,rating_4,None,248400.0,253000.0,0.982,0.2,154000.0,427200.0,407300.0,394400.0,-4.7,41,35,0,Clean
EMP10926,VP_INFRA_SRE,Marcus Vance,Core Infrastructure & SRE,EMP10528,0,TECH_PROG_MGMT,IC2,US_BAY_AREA,0.7,0,rating_5,None,194600.0,212700.0,0.915,0.15,92000.0,324000.0,335900.0,336400.0,3.7,28,33,0,Clean
EMP10927,VP_INFRA_SRE,Marcus Vance,Core Infrastructure & SRE,EMP10514,0,SYS_NET_ENG,IC2,US_AUSTIN_DENVER,5.7,0,rating_3,None,161400.0,175800.0,0.918,0.15,76000.0,275900.0,277600.0,278700.0,0.6,47,48,0,Clean
EMP10928,VP_INFRA_SRE,Marcus Vance,Core Infrastructure & SRE,EMP10518,0,SW_ENG,IC1,US_SEATTLE_NYC,6.3,0,rating_3,None,139200.0,159500.0,0.873,0.15,49500.0,220200.0,201700.0,200200.0,-8.4,76,65,0,Clean
EMP10929,VP_INFRA_SRE,Marcus Vance,Core Infrastructure & SRE,EMP10532,0,TECH_PROG_MGMT,IC1,US_BAY_AREA,6.9,0,rating_3,None,165100.0,166800.0,0.99,0.15,51700.0,248900.0,230100.0,218800.0,-7.6,72,62,0,Clean
EMP10930,VP_INFRA_SRE,Marcus Vance,Core Infrastructure & SRE,EMP10527,0,SW_ENG,IC3,EU_ZURICH_MUNICH,5.0,0,rating_2,None,189600.0,211600.0,0.896,0.2,128800.0,386600.0,390100.0,374800.0,0.9,67,68,0,Clean
EMP10931,VP_INFRA_SRE,Marcus Vance,Core Infrastructure & SRE,EMP10502,0,SRE_ENG,IC1,APAC_SINGAPORE_TOKYO,4.5,0,rating_4,None,103800.0,116000.0,0.895,0.15,36000.0,167700.0,171900.0,164100.0,2.5,32,35,0,Clean
EMP10932,VP_INFRA_SRE,Marcus Vance,Core Infrastructure & SRE,EMP10522,0,SYS_NET_ENG,IC1,US_AUSTIN_DENVER,7.6,0,rating_2,None,107600.0,137800.0,0.781,0.15,42800.0,171600.0,174100.0,174800.0,1.5,18,20,1,Clean
EMP10933,VP_INFRA_SRE,Marcus Vance,Core Infrastructure & SRE,EMP10533,0,TECH_PROG_MGMT,IC2,US_BAY_AREA,1.1,0,rating_3,None,222900.0,212700.0,1.048,0.15,92000.0,335600.0,320000.0,302500.0,-4.6,40,34,0,Clean
EMP10934,VP_INFRA_SRE,Marcus Vance,Core Infrastructure & SRE,EMP10536,0,SW_ENG,IC3,EU_ZURICH_MUNICH,4.2,0,rating_4,None,196200.0,211600.0,0.927,0.2,128800.0,423900.0,427200.0,427800.0,0.8,44,45,0,Clean
EMP10935,VP_INFRA_SRE,Marcus Vance,Core Infrastructure & SRE,EMP10529,0,SW_ENG,IC3,APAC_SINGAPORE_TOKYO,8.1,0,rating_3,None,163600.0,184000.0,0.889,0.2,112000.0,370000.0,372300.0,378200.0,0.6,65,66,0,Clean
EMP10936,VP_INFRA_SRE,Marcus Vance,Core Infrastructure & SRE,EMP10519,0,TECH_PROG_MGMT,IC1,US_BAY_AREA,6.1,0,rating_2,None,162100.0,166800.0,0.972,0.15,51700.0,237800.0,240100.0,235900.0,1.0,53,54,0,Clean
EMP10937,VP_INFRA_SRE,Marcus Vance,Core Infrastructure & SRE,EMP10537,0,SW_ENG,IC3,US_SEATTLE_NYC,5.1,1,rating_2,None,232000.0,253000.0,0.917,0.2,154000.0,439500.0,448200.0,449300.0,2.0,36,39,0,Clean
EMP10938,VP_INFRA_SRE,Marcus Vance,Core Infrastructure & SRE,EMP10521,0,SW_ENG,IC3,APAC_SINGAPORE_TOKYO,1.7,0,rating_3,None,170200.0,184000.0,0.925,0.2,112000.0,388700.0,364700.0,353200.0,-6.2,72,64,0,Clean
EMP10939,VP_INFRA_SRE,Marcus Vance,Core Infrastructure & SRE,EMP10529,0,TECH_PROG_MGMT,IC1,US_BAY_AREA,3.7,0,rating_3,None,133800.0,166800.0,0.802,0.15,51700.0,202200.0,194500.0,186000.0,-3.8,66,61,0,Clean
EMP10940,VP_INFRA_SRE,Marcus Vance,Core Infrastructure & SRE,EMP10506,0,SRE_ENG,IC4,US_SEATTLE_NYC,8.9,0,rating_3,None,285600.0,313500.0,0.911,0.25,275000.0,663200.0,630800.0,602600.0,-4.9,40,34,0,Clean
EMP10941,VP_INFRA_SRE,Marcus Vance,Core Infrastructure & SRE,EMP10524,0,SRE_ENG,IC2,UK_LONDON,1.1,0,rating_3,None,153700.0,157200.0,0.978,0.15,68000.0,248800.0,238100.0,229700.0,-4.3,54,48,0,Clean
EMP10942,VP_INFRA_SRE,Marcus Vance,Core Infrastructure & SRE,EMP10520,0,SRE_ENG,IC1,APAC_SINGAPORE_TOKYO,1.7,0,rating_3,None,100600.0,116000.0,0.867,0.15,36000.0,160100.0,159200.0,153800.0,-0.6,33,32,0,Clean
EMP10943,VP_INFRA_SRE,Marcus Vance,Core Infrastructure & SRE,EMP10537,0,SW_ENG,IC1,US_SEATTLE_NYC,4.0,0,rating_2,None,138800.0,159500.0,0.87,0.15,49500.0,217300.0,216400.0,209900.0,-0.4,14,13,0,Clean
EMP10944,VP_INFRA_SRE,Marcus Vance,Core Infrastructure & SRE,EMP10512,0,SW_ENG,IC1,APAC_SINGAPORE_TOKYO,3.9,0,rating_3,None,110000.0,116000.0,0.948,0.15,36000.0,182400.0,166700.0,159400.0,-8.6,19,8,0,Clean
EMP10945,VP_INFRA_SRE,Marcus Vance,Core Infrastructure & SRE,EMP10517,0,SRE_ENG,IC2,US_BAY_AREA,5.6,0,rating_1,None,178200.0,212700.0,0.838,0.15,92000.0,309400.0,283400.0,274900.0,-8.4,96,85,0,Clean
EMP10946,VP_INFRA_SRE,Marcus Vance,Core Infrastructure & SRE,EMP10511,0,SYS_NET_ENG,IC1,US_SEATTLE_NYC,1.6,0,rating_2,None,173100.0,159500.0,1.085,0.15,49500.0,259500.0,265000.0,260500.0,2.1,91,94,0,Clean
EMP10947,VP_INFRA_SRE,Marcus Vance,Core Infrastructure & SRE,EMP10501,0,TECH_PROG_MGMT,IC1,US_AUSTIN_DENVER,7.7,0,rating_3,None,135200.0,137800.0,0.981,0.15,42800.0,209900.0,204000.0,204000.0,-2.8,77,73,0,Clean
EMP10948,VP_INFRA_SRE,Marcus Vance,Core Infrastructure & SRE,EMP10515,0,SW_ENG,IC2,US_SEATTLE_NYC,6.7,0,rating_3,None,172600.0,203500.0,0.848,0.15,88000.0,291100.0,274400.0,263400.0,-5.7,19,12,0,Clean
EMP10949,VP_INFRA_SRE,Marcus Vance,Core Infrastructure & SRE,EMP10530,0,SYS_NET_ENG,IC2,US_SEATTLE_NYC,5.9,0,rating_2,None,178700.0,203500.0,0.878,0.15,88000.0,307500.0,309700.0,310900.0,0.7,73,74,0,Clean
EMP10950,VP_INFRA_SRE,Marcus Vance,Core Infrastructure & SRE,EMP10512,0,SRE_ENG,IC1,US_SEATTLE_NYC,5.4,0,rating_3,None,150200.0,159500.0,0.942,0.15,49500.0,218700.0,216900.0,218100.0,-0.8,70,69,0,Clean
EMP10951,VP_INFRA_SRE,Marcus Vance,Core Infrastructure & SRE,EMP10514,0,SYS_NET_ENG,IC2,EU_ZURICH_MUNICH,3.4,0,rating_3,None,136500.0,170200.0,0.802,0.15,73600.0,238500.0,247900.0,236700.0,3.9,67,72,0,Clean
EMP10952,VP_INFRA_SRE,Marcus Vance,Core Infrastructure & SRE,EMP10536,0,SRE_ENG,IC2,APAC_SINGAPORE_TOKYO,1.3,0,rating_3,None,145600.0,148000.0,0.984,0.15,64000.0,252500.0,230600.0,226800.0,-8.7,20,9,0,Clean
EMP10953,VP_INFRA_SRE,Marcus Vance,Core Infrastructure & SRE,EMP10508,0,SYS_NET_ENG,IC1,US_SEATTLE_NYC,3.9,0,rating_3,None,151800.0,159500.0,0.952,0.15,49500.0,214700.0,219600.0,215300.0,2.3,37,40,0,Clean
EMP10954,VP_INFRA_SRE,Marcus Vance,Core Infrastructure & SRE,EMP10533,0,SW_ENG,IC1,US_BAY_AREA,5.0,0,rating_3,None,158000.0,166800.0,0.947,0.15,51700.0,232600.0,227700.0,214900.0,-2.1,90,87,0,Clean
EMP10955,VP_INFRA_SRE,Marcus Vance,Core Infrastructure & SRE,EMP10534,0,SW_ENG,IC1,US_BAY_AREA,8.6,0,rating_4,None,144800.0,166800.0,0.868,0.15,51700.0,225700.0,226400.0,222600.0,0.3,21,21,0,Clean
EMP10956,VP_INFRA_SRE,Marcus Vance,Core Infrastructure & SRE,EMP10513,0,TECH_PROG_MGMT,IC1,US_AUSTIN_DENVER,1.1,0,rating_3,None,116400.0,137800.0,0.845,0.15,42800.0,179400.0,180100.0,173600.0,0.4,71,72,0,Clean
EMP10957,VP_INFRA_SRE,Marcus Vance,Core Infrastructure & SRE,EMP10520,0,SRE_ENG,IC1,US_BAY_AREA,3.8,0,rating_3,None,152000.0,166800.0,0.911,0.15,51700.0,234900.0,243600.0,248100.0,3.7,39,44,0,Clean
EMP10958,VP_INFRA_SRE,Marcus Vance,Core Infrastructure & SRE,EMP10527,0,SW_ENG,IC2,US_SEATTLE_NYC,8.5,0,rating_5,None,188000.0,203500.0,0.924,0.15,88000.0,319900.0,296200.0,296000.0,-7.4,44,34,0,Clean
EMP10959,VP_INFRA_SRE,Marcus Vance,Core Infrastructure & SRE,EMP10529,0,SYS_NET_ENG,IC1,US_AUSTIN_DENVER,3.0,0,rating_3,None,130200.0,137800.0,0.945,0.15,42800.0,202100.0,196300.0,194900.0,-2.9,53,49,0,Clean
EMP10960,VP_INFRA_SRE,Marcus Vance,Core Infrastructure & SRE,EMP10540,0,SRE_ENG,IC2,APAC_SINGAPORE_TOKYO,5.5,0,rating_5,None,130200.0,148000.0,0.88,0.15,64000.0,253300.0,234200.0,228900.0,-7.5,68,58,0,Clean
EMP10961,VP_INFRA_SRE,Marcus Vance,Core Infrastructure & SRE,EMP10532,0,SW_ENG,IC3,EU_ZURICH_MUNICH,7.6,0,rating_3,None,232800.0,211600.0,1.1,0.2,128800.0,423800.0,433600.0,430600.0,2.3,99,99,0,Clean
EMP10962,VP_INFRA_SRE,Marcus Vance,Core Infrastructure & SRE,EMP10527,0,SRE_ENG,IC1,US_AUSTIN_DENVER,3.5,0,rating_4,None,133900.0,137800.0,0.972,0.15,42800.0,199600.0,198900.0,191000.0,-0.4,19,18,1,Clean
EMP10963,VP_INFRA_SRE,Marcus Vance,Core Infrastructure & SRE,EMP10532,0,TECH_PROG_MGMT,IC1,US_SEATTLE_NYC,3.7,0,rating_2,None,131300.0,159500.0,0.823,0.15,49500.0,205200.0,201700.0,203100.0,-1.7,33,31,0,Clean
EMP10964,VP_INFRA_SRE,Marcus Vance,Core Infrastructure & SRE,EMP10525,0,SRE_ENG,IC1,EU_ZURICH_MUNICH,6.5,0,rating_2,None,128500.0,133400.0,0.963,0.15,41400.0,207800.0,195500.0,192800.0,-5.9,23,15,0,Clean
EMP10965,VP_INFRA_SRE,Marcus Vance,Core Infrastructure & SRE,EMP10526,0,SRE_ENG,IC2,US_AUSTIN_DENVER,6.8,0,rating_3,None,152100.0,175800.0,0.865,0.15,76000.0,244400.0,235100.0,236100.0,-3.8,31,26,0,Clean
EMP10966,VP_INFRA_SRE,Marcus Vance,Core Infrastructure & SRE,EMP10502,0,SW_ENG,IC1,US_BAY_AREA,3.5,0,rating_3,None,144600.0,166800.0,0.867,0.15,51700.0,205200.0,198900.0,201100.0,-3.1,36,32,0,Clean
EMP10967,VP_INFRA_SRE,Marcus Vance,Core Infrastructure & SRE,EMP10523,0,SW_ENG,IC4,US_AUSTIN_DENVER,7.1,0,rating_3,None,240700.0,270800.0,0.889,0.25,237500.0,546300.0,553500.0,529600.0,1.3,54,56,0,Clean
EMP10968,VP_INFRA_SRE,Marcus Vance,Core Infrastructure & SRE,EMP10521,0,SYS_NET_ENG,IC3,US_SEATTLE_NYC,7.5,0,rating_3,None,249700.0,253000.0,0.987,0.2,154000.0,470400.0,479200.0,459200.0,1.9,13,15,0,Clean
EMP10969,VP_INFRA_SRE,Marcus Vance,Core Infrastructure & SRE,EMP10506,0,SYS_NET_ENG,IC2,EU_ZURICH_MUNICH,8.1,0,rating_3,None,147200.0,170200.0,0.865,0.15,73600.0,265600.0,253800.0,254900.0,-4.4,52,46,0,Clean
EMP10970,VP_INFRA_SRE,Marcus Vance,Core Infrastructure & SRE,EMP10511,0,SRE_ENG,IC1,US_SEATTLE_NYC,6.4,0,rating_3,None,123900.0,159500.0,0.777,0.15,49500.0,197800.0,193800.0,188300.0,-2.0,26,23,0,Clean
EMP10971,VP_INFRA_SRE,Marcus Vance,Core Infrastructure & SRE,EMP10506,0,TECH_PROG_MGMT,IC2,US_AUSTIN_DENVER,7.9,0,rating_3,None,166800.0,175800.0,0.949,0.15,76000.0,275200.0,280700.0,280400.0,2.0,69,72,0,Clean
EMP10972,VP_INFRA_SRE,Marcus Vance,Core Infrastructure & SRE,EMP10540,0,SRE_ENG,IC2,US_AUSTIN_DENVER,7.6,0,rating_2,None,173300.0,175800.0,0.986,0.15,76000.0,294000.0,278000.0,272300.0,-5.4,52,45,0,Clean
EMP10973,VP_INFRA_SRE,Marcus Vance,Core Infrastructure & SRE,EMP10516,0,TECH_PROG_MGMT,IC3,APAC_SINGAPORE_TOKYO,5.2,0,rating_3,None,170200.0,184000.0,0.925,0.2,112000.0,383200.0,372800.0,363500.0,-2.7,40,36,0,Clean
EMP10974,VP_INFRA_SRE,Marcus Vance,Core Infrastructure & SRE,EMP10513,0,TECH_PROG_MGMT,IC2,APAC_SINGAPORE_TOKYO,4.2,0,rating_3,None,114800.0,148000.0,0.776,0.15,64000.0,231900.0,222000.0,222900.0,-4.3,28,22,0,Clean
EMP10975,VP_INFRA_SRE,Marcus Vance,Core Infrastructure & SRE,EMP10516,0,SYS_NET_ENG,IC1,US_BAY_AREA,8.8,0,rating_4,None,157800.0,166800.0,0.946,0.15,51700.0,225300.0,220800.0,209800.0,-2.0,49,46,0,Clean
EMP10976,VP_INFRA_SRE,Marcus Vance,Core Infrastructure & SRE,EMP10533,0,SYS_NET_ENG,IC2,US_BAY_AREA,4.5,0,rating_3,None,200800.0,212700.0,0.944,0.15,92000.0,324700.0,318900.0,324900.0,-1.8,21,19,0,Clean
EMP10977,VP_INFRA_SRE,Marcus Vance,Core Infrastructure & SRE,EMP10504,0,TECH_PROG_MGMT,IC2,UK_LONDON,4.6,1,rating_5,None,139600.0,157200.0,0.888,0.15,68000.0,246400.0,245100.0,248000.0,-0.5,47,46,0,Clean
EMP10978,VP_INFRA_SRE,Marcus Vance,Core Infrastructure & SRE,EMP10505,0,SRE_ENG,IC2,APAC_SINGAPORE_TOKYO,1.6,1,rating_4,None,133300.0,148000.0,0.901,0.15,64000.0,245200.0,236900.0,237200.0,-3.4,70,66,0,Clean
EMP10979,VP_INFRA_SRE,Marcus Vance,Core Infrastructure & SRE,EMP10529,0,SYS_NET_ENG,IC1,US_AUSTIN_DENVER,7.8,0,rating_3,None,127300.0,137800.0,0.924,0.15,42800.0,201900.0,209500.0,206800.0,3.8,95,99,0,Clean
EMP10980,VP_INFRA_SRE,Marcus Vance,Core Infrastructure & SRE,EMP10504,0,SYS_NET_ENG,IC2,EU_ZURICH_MUNICH,5.6,0,rating_3,None,178900.0,170200.0,1.051,0.15,73600.0,302900.0,304500.0,292300.0,0.5,97,98,0,Clean
EMP10981,VP_INFRA_SRE,Marcus Vance,Core Infrastructure & SRE,EMP10512,0,SRE_ENG,IC3,APAC_SINGAPORE_TOKYO,7.3,0,rating_3,None,186200.0,184000.0,1.012,0.2,112000.0,370600.0,371000.0,369100.0,0.1,35,35,0,Clean
EMP10982,VP_INFRA_SRE,Marcus Vance,Core Infrastructure & SRE,EMP10531,0,SYS_NET_ENG,IC1,US_SEATTLE_NYC,2.4,0,rating_3,None,153800.0,159500.0,0.964,0.15,49500.0,226400.0,211500.0,205600.0,-6.6,65,56,0,Clean
EMP10983,VP_INFRA_SRE,Marcus Vance,Core Infrastructure & SRE,EMP10506,0,SRE_ENG,IC1,EU_ZURICH_MUNICH,8.9,0,rating_2,None,120500.0,133400.0,0.903,0.15,41400.0,192200.0,177300.0,166700.0,-7.8,99,89,1,Clean
EMP10984,VP_INFRA_SRE,Marcus Vance,Core Infrastructure & SRE,EMP10521,0,SRE_ENG,IC2,EU_ZURICH_MUNICH,3.4,0,rating_5,None,133100.0,170200.0,0.782,0.15,73600.0,245900.0,229600.0,219800.0,-6.6,34,25,0,Clean
EMP10985,VP_INFRA_SRE,Marcus Vance,Core Infrastructure & SRE,EMP10510,0,SW_ENG,IC2,UK_LONDON,5.1,0,rating_2,None,136900.0,157200.0,0.871,0.15,68000.0,258200.0,236000.0,222600.0,-8.6,4,1,0,Clean
EMP10986,VP_INFRA_SRE,Marcus Vance,Core Infrastructure & SRE,EMP10508,0,SYS_NET_ENG,IC3,US_AUSTIN_DENVER,5.7,0,rating_3,None,217000.0,218500.0,0.993,0.2,133000.0,386400.0,361300.0,344100.0,-6.5,75,67,0,Clean
EMP10987,VP_INFRA_SRE,Marcus Vance,Core Infrastructure & SRE,EMP10530,0,TECH_PROG_MGMT,IC3,UK_LONDON,7.2,0,rating_2,None,197100.0,195500.0,1.008,0.2,119000.0,365400.0,378100.0,370300.0,3.5,40,45,1,Clean
EMP10988,VP_INFRA_SRE,Marcus Vance,Core Infrastructure & SRE,EMP10504,0,TECH_PROG_MGMT,IC3,APAC_SINGAPORE_TOKYO,5.4,0,rating_2,None,161000.0,184000.0,0.875,0.2,112000.0,358600.0,514100.0,504900.0,43.4,8,64,0,2027 Manager Inversion vs EMP10504
EMP10989,VP_INFRA_SRE,Marcus Vance,Core Infrastructure & SRE,EMP10526,0,SW_ENG,IC3,US_AUSTIN_DENVER,0.7,0,rating_2,None,191600.0,218500.0,0.877,0.2,133000.0,378700.0,366000.0,346500.0,-3.4,76,72,0,Clean
EMP10990,VP_INFRA_SRE,Marcus Vance,Core Infrastructure & SRE,EMP10536,0,TECH_PROG_MGMT,IC2,US_AUSTIN_DENVER,1.3,0,rating_3,None,138400.0,175800.0,0.787,0.15,76000.0,229400.0,233500.0,223000.0,1.8,53,55,0,Clean
EMP10991,VP_INFRA_SRE,Marcus Vance,Core Infrastructure & SRE,EMP10537,0,SYS_NET_ENG,IC2,APAC_SINGAPORE_TOKYO,6.3,0,rating_5,None,137000.0,148000.0,0.926,0.15,64000.0,239700.0,234900.0,236300.0,-2.0,54,51,0,Clean
EMP10992,VP_INFRA_SRE,Marcus Vance,Core Infrastructure & SRE,EMP10533,0,SW_ENG,IC2,EU_ZURICH_MUNICH,1.1,0,rating_4,None,142100.0,170200.0,0.835,0.15,73600.0,269400.0,276400.0,275600.0,2.6,79,82,0,Clean
EMP10993,VP_INFRA_SRE,Marcus Vance,Core Infrastructure & SRE,EMP10514,0,SRE_ENG,IC2,US_BAY_AREA,7.6,0,rating_3,None,202500.0,212700.0,0.952,0.15,92000.0,301100.0,283400.0,284800.0,-5.9,44,36,0,Clean
EMP10994,VP_INFRA_SRE,Marcus Vance,Core Infrastructure & SRE,EMP10525,0,SYS_NET_ENG,IC3,UK_LONDON,7.8,0,rating_3,None,185100.0,195500.0,0.947,0.2,119000.0,402800.0,388700.0,383100.0,-3.5,56,51,0,Clean
EMP10995,VP_INFRA_SRE,Marcus Vance,Core Infrastructure & SRE,EMP10514,0,SYS_NET_ENG,IC3,UK_LONDON,5.6,0,rating_3,None,172600.0,195500.0,0.883,0.2,119000.0,389200.0,395500.0,387200.0,1.6,29,31,0,Clean
EMP10996,VP_INFRA_SRE,Marcus Vance,Core Infrastructure & SRE,EMP10526,0,TECH_PROG_MGMT,IC1,US_SEATTLE_NYC,3.3,0,rating_3,None,141000.0,159500.0,0.884,0.15,49500.0,220700.0,214900.0,205200.0,-2.6,37,34,0,Clean
EMP10997,VP_INFRA_SRE,Marcus Vance,Core Infrastructure & SRE,EMP10517,0,TECH_PROG_MGMT,IC4,US_AUSTIN_DENVER,8.6,0,rating_3,None,231300.0,270800.0,0.854,0.25,237500.0,516500.0,525300.0,530900.0,1.7,48,50,0,Clean
EMP10998,VP_INFRA_SRE,Marcus Vance,Core Infrastructure & SRE,EMP10532,0,SRE_ENG,IC1,UK_LONDON,4.2,0,rating_1,None,107900.0,123200.0,0.876,0.15,38200.0,164200.0,164200.0,155200.0,0.0,54,54,0,Clean
EMP10999,VP_INFRA_SRE,Marcus Vance,Core Infrastructure & SRE,EMP10510,0,SRE_ENG,IC2,APAC_SINGAPORE_TOKYO,3.4,0,rating_2,None,150800.0,148000.0,1.019,0.15,64000.0,254100.0,250000.0,254000.0,-1.6,35,33,0,Clean
EMP11000,VP_INFRA_SRE,Marcus Vance,Core Infrastructure & SRE,EMP10512,0,SW_ENG,IC2,APAC_SINGAPORE_TOKYO,6.6,0,rating_4,None,144200.0,148000.0,0.974,0.15,64000.0,242800.0,240700.0,232700.0,-0.9,60,59,1,Clean
EMP11001,VP_ENT_APPS,Priya Nair,Enterprise Productivity Apps,VP_ENT_APPS,1,UX_DESIGN,IC3,EU_ZURICH_MUNICH,6.0,0,rating_2,None,183000.0,211600.0,0.865,0.2,128800.0,413100.0,390900.0,392800.0,-5.4,53,47,0,Clean
EMP11002,VP_ENT_APPS,Priya Nair,Enterprise Productivity Apps,VP_ENT_APPS,1,UX_DESIGN,IC3,APAC_SINGAPORE_TOKYO,7.3,0,rating_2,None,182700.0,184000.0,0.993,0.2,112000.0,352500.0,340400.0,333800.0,-3.4,49,45,0,Clean
EMP11003,VP_ENT_APPS,Priya Nair,Enterprise Productivity Apps,VP_ENT_APPS,1,SW_ENG,IC4,US_SEATTLE_NYC,7.4,0,rating_3,None,295000.0,313500.0,0.941,0.25,275000.0,596300.0,614600.0,607300.0,3.1,52,56,0,Clean
EMP11004,VP_ENT_APPS,Priya Nair,Enterprise Productivity Apps,VP_ENT_APPS,1,DATA_SCI,IC3,UK_LONDON,6.6,0,rating_3,None,191000.0,195500.0,0.977,0.2,119000.0,372700.0,390500.0,390900.0,4.8,49,55,0,Clean
EMP11005,VP_ENT_APPS,Priya Nair,Enterprise Productivity Apps,VP_ENT_APPS,1,DATA_SCI,IC4,EU_ZURICH_MUNICH,4.7,0,rating_3,None,254600.0,262200.0,0.971,0.25,230000.0,634600.0,663700.0,651100.0,4.6,47,53,0,Clean
EMP11006,VP_ENT_APPS,Priya Nair,Enterprise Productivity Apps,VP_ENT_APPS,1,SW_ENG,IC3,UK_LONDON,5.9,0,rating_3,None,185900.0,195500.0,0.951,0.2,119000.0,398800.0,398600.0,385900.0,-0.1,46,46,0,Clean
EMP11007,VP_ENT_APPS,Priya Nair,Enterprise Productivity Apps,VP_ENT_APPS,1,PROD_MGMT,IC4,US_SEATTLE_NYC,5.6,0,rating_3,None,313200.0,313500.0,0.999,0.25,275000.0,708200.0,700300.0,687000.0,-1.1,50,49,0,Clean
EMP11008,VP_ENT_APPS,Priya Nair,Enterprise Productivity Apps,VP_ENT_APPS,1,DATA_SCI,IC3,US_SEATTLE_NYC,8.1,0,rating_3,None,236000.0,253000.0,0.933,0.2,154000.0,422600.0,406300.0,414400.0,-3.9,43,38,0,Clean
EMP11009,VP_ENT_APPS,Priya Nair,Enterprise Productivity Apps,VP_ENT_APPS,1,DATA_SCI,IC4,EU_ZURICH_MUNICH,7.1,0,rating_3,None,264600.0,262200.0,1.009,0.25,230000.0,594200.0,584200.0,577000.0,-1.7,28,26,0,Clean
EMP11010,VP_ENT_APPS,Priya Nair,Enterprise Productivity Apps,VP_ENT_APPS,1,DATA_SCI,IC3,US_BAY_AREA,10.5,0,rating_4,None,253100.0,264500.0,0.957,0.2,161000.0,475900.0,496400.0,488700.0,4.3,77,82,0,Clean
EMP11011,VP_ENT_APPS,Priya Nair,Enterprise Productivity Apps,VP_ENT_APPS,1,UX_DESIGN,IC3,UK_LONDON,7.4,0,rating_5,None,177100.0,195500.0,0.906,0.2,119000.0,386100.0,395600.0,396100.0,2.5,52,55,0,Clean
EMP11012,VP_ENT_APPS,Priya Nair,Enterprise Productivity Apps,VP_ENT_APPS,1,UX_DESIGN,IC4,UK_LONDON,9.0,0,rating_3,None,223300.0,242200.0,0.922,0.25,212500.0,599400.0,595500.0,594800.0,-0.7,73,72,0,Clean
EMP11013,VP_ENT_APPS,Priya Nair,Enterprise Productivity Apps,VP_ENT_APPS,1,SW_ENG,IC3,APAC_SINGAPORE_TOKYO,3.3,0,rating_1,None,176300.0,184000.0,0.958,0.2,112000.0,402000.0,416300.0,406500.0,3.6,63,67,0,Clean
EMP11014,VP_ENT_APPS,Priya Nair,Enterprise Productivity Apps,VP_ENT_APPS,1,PROD_MGMT,IC5,US_SEATTLE_NYC,10.2,0,rating_3,None,359600.0,385000.0,0.934,0.3,495000.0,887400.0,895000.0,872800.0,0.9,5,6,0,Clean
EMP11015,VP_ENT_APPS,Priya Nair,Enterprise Productivity Apps,VP_ENT_APPS,1,PROD_MGMT,IC3,APAC_SINGAPORE_TOKYO,3.5,0,rating_4,None,177200.0,184000.0,0.963,0.2,112000.0,349800.0,362700.0,349300.0,3.7,75,79,0,Clean
EMP11016,VP_ENT_APPS,Priya Nair,Enterprise Productivity Apps,VP_ENT_APPS,1,DATA_SCI,IC5,US_SEATTLE_NYC,3.5,0,rating_3,None,331900.0,385000.0,0.862,0.3,495000.0,899800.0,929700.0,901800.0,3.3,46,50,0,Clean
EMP11017,VP_ENT_APPS,Priya Nair,Enterprise Productivity Apps,VP_ENT_APPS,1,DATA_SCI,IC5,US_BAY_AREA,8.3,0,rating_3,None,378800.0,402500.0,0.941,0.3,517500.0,982800.0,942300.0,896700.0,-4.1,46,41,0,Clean
EMP11018,VP_ENT_APPS,Priya Nair,Enterprise Productivity Apps,VP_ENT_APPS,1,DATA_SCI,IC4,EU_ZURICH_MUNICH,5.4,0,rating_1,None,231000.0,262200.0,0.881,0.25,230000.0,575300.0,583300.0,570200.0,1.4,48,50,0,Clean
EMP11019,VP_ENT_APPS,Priya Nair,Enterprise Productivity Apps,VP_ENT_APPS,1,PROD_MGMT,IC3,US_BAY_AREA,10.7,0,rating_3,None,258400.0,264500.0,0.977,0.2,161000.0,500300.0,476400.0,488200.0,-4.8,86,80,0,Clean
EMP11020,VP_ENT_APPS,Priya Nair,Enterprise Productivity Apps,VP_ENT_APPS,1,PROD_MGMT,IC3,US_AUSTIN_DENVER,10.1,0,rating_2,None,197700.0,218500.0,0.905,0.2,133000.0,405400.0,416700.0,396400.0,2.8,6,9,0,Clean
EMP11021,VP_ENT_APPS,Priya Nair,Enterprise Productivity Apps,VP_ENT_APPS,1,UX_DESIGN,IC3,US_AUSTIN_DENVER,10.2,0,rating_3,None,210400.0,218500.0,0.963,0.2,133000.0,414900.0,431800.0,427100.0,4.1,46,51,0,Clean
EMP11022,VP_ENT_APPS,Priya Nair,Enterprise Productivity Apps,VP_ENT_APPS,1,UX_DESIGN,IC3,APAC_SINGAPORE_TOKYO,6.4,0,rating_3,None,168700.0,184000.0,0.917,0.2,112000.0,331200.0,338700.0,342400.0,2.3,81,84,0,Clean
EMP11023,VP_ENT_APPS,Priya Nair,Enterprise Productivity Apps,VP_ENT_APPS,1,SW_ENG,IC3,US_SEATTLE_NYC,6.5,0,rating_1,None,261900.0,253000.0,1.035,0.2,154000.0,480500.0,467700.0,451800.0,-2.7,22,19,0,Clean
EMP11024,VP_ENT_APPS,Priya Nair,Enterprise Productivity Apps,VP_ENT_APPS,1,PROD_MGMT,IC3,APAC_SINGAPORE_TOKYO,3.6,0,rating_3,None,165400.0,184000.0,0.899,0.2,112000.0,394100.0,388900.0,391500.0,-1.3,73,71,0,Clean
EMP11025,VP_ENT_APPS,Priya Nair,Enterprise Productivity Apps,VP_ENT_APPS,1,PROD_MGMT,IC3,EU_ZURICH_MUNICH,10.3,0,rating_2,None,202500.0,211600.0,0.957,0.2,128800.0,400500.0,406100.0,412000.0,1.4,75,77,0,Clean
EMP11026,VP_ENT_APPS,Priya Nair,Enterprise Productivity Apps,VP_ENT_APPS,1,SW_ENG,IC4,US_BAY_AREA,9.3,0,rating_2,None,321200.0,327800.0,0.98,0.25,287500.0,635800.0,623800.0,600300.0,-1.9,21,19,0,Clean
EMP11027,VP_ENT_APPS,Priya Nair,Enterprise Productivity Apps,VP_ENT_APPS,1,SW_ENG,IC4,US_BAY_AREA,10.7,0,rating_3,None,302900.0,327800.0,0.924,0.25,287500.0,717200.0,679700.0,677400.0,-5.2,23,17,0,Clean
EMP11028,VP_ENT_APPS,Priya Nair,Enterprise Productivity Apps,VP_ENT_APPS,1,PROD_MGMT,IC5,APAC_SINGAPORE_TOKYO,3.3,0,rating_3,None,269900.0,280000.0,0.964,0.3,360000.0,800800.0,818500.0,782900.0,2.2,65,68,0,Clean
EMP11029,VP_ENT_APPS,Priya Nair,Enterprise Productivity Apps,VP_ENT_APPS,1,SW_ENG,IC5,UK_LONDON,6.5,0,rating_2,None,282900.0,297500.0,0.951,0.3,382500.0,790700.0,771100.0,765200.0,-2.5,43,40,0,Clean
EMP11030,VP_ENT_APPS,Priya Nair,Enterprise Productivity Apps,VP_ENT_APPS,1,DATA_SCI,IC3,EU_ZURICH_MUNICH,6.8,0,rating_3,None,195100.0,211600.0,0.922,0.2,128800.0,401500.0,415400.0,409300.0,3.5,34,38,0,Clean
EMP11031,VP_ENT_APPS,Priya Nair,Enterprise Productivity Apps,VP_ENT_APPS,1,UX_DESIGN,IC3,US_AUSTIN_DENVER,4.1,0,rating_5,None,215400.0,218500.0,0.986,0.2,133000.0,433500.0,441000.0,421600.0,1.7,80,82,0,Clean
EMP11032,VP_ENT_APPS,Priya Nair,Enterprise Productivity Apps,VP_ENT_APPS,1,UX_DESIGN,IC3,US_SEATTLE_NYC,4.6,0,rating_3,None,215000.0,253000.0,0.85,0.2,154000.0,412900.0,417200.0,403600.0,1.0,84,85,0,Clean
EMP11033,VP_ENT_APPS,Priya Nair,Enterprise Productivity Apps,VP_ENT_APPS,1,UX_DESIGN,IC3,EU_ZURICH_MUNICH,6.7,0,rating_3,None,225600.0,211600.0,1.066,0.2,128800.0,416400.0,398800.0,380800.0,-4.2,60,55,0,Clean
EMP11034,VP_ENT_APPS,Priya Nair,Enterprise Productivity Apps,VP_ENT_APPS,1,SW_ENG,IC5,EU_ZURICH_MUNICH,8.2,0,rating_3,None,303300.0,322000.0,0.942,0.3,414000.0,1001500.0,990500.0,1018400.0,-1.1,35,34,0,Clean
EMP11035,VP_ENT_APPS,Priya Nair,Enterprise Productivity Apps,VP_ENT_APPS,1,PROD_MGMT,IC3,APAC_SINGAPORE_TOKYO,8.8,0,rating_2,None,166000.0,184000.0,0.902,0.2,112000.0,343600.0,354700.0,349800.0,3.2,28,32,0,Clean
EMP11036,VP_ENT_APPS,Priya Nair,Enterprise Productivity Apps,VP_ENT_APPS,1,DATA_SCI,IC3,US_AUSTIN_DENVER,5.5,0,rating_5,None,206300.0,218500.0,0.944,0.2,133000.0,386900.0,388700.0,370600.0,0.5,39,40,0,Clean
EMP11037,VP_ENT_APPS,Priya Nair,Enterprise Productivity Apps,VP_ENT_APPS,1,DATA_SCI,IC3,US_AUSTIN_DENVER,3.7,0,rating_5,None,227900.0,218500.0,1.043,0.2,133000.0,432000.0,448800.0,442600.0,3.9,38,43,0,Clean
EMP11038,VP_ENT_APPS,Priya Nair,Enterprise Productivity Apps,VP_ENT_APPS,1,DATA_SCI,IC4,US_BAY_AREA,6.2,0,rating_3,None,332400.0,327800.0,1.014,0.25,287500.0,749300.0,716700.0,701800.0,-4.4,30,25,0,Clean
EMP11039,VP_ENT_APPS,Priya Nair,Enterprise Productivity Apps,VP_ENT_APPS,1,UX_DESIGN,IC4,US_SEATTLE_NYC,2.7,0,rating_2,None,284700.0,313500.0,0.908,0.25,275000.0,629800.0,602400.0,588500.0,-4.4,50,45,0,Clean
EMP11040,VP_ENT_APPS,Priya Nair,Enterprise Productivity Apps,VP_ENT_APPS,1,PROD_MGMT,IC3,EU_ZURICH_MUNICH,6.6,0,rating_3,None,197400.0,211600.0,0.933,0.2,128800.0,397800.0,393000.0,400100.0,-1.2,72,71,0,Clean
EMP11041,VP_ENT_APPS,Priya Nair,Enterprise Productivity Apps,EMP11004,0,SW_ENG,IC2,US_BAY_AREA,4.7,0,rating_3,None,215900.0,212700.0,1.015,0.15,92000.0,337100.0,328400.0,314400.0,-2.6,41,38,0,Clean
EMP11042,VP_ENT_APPS,Priya Nair,Enterprise Productivity Apps,EMP11011,0,PROD_MGMT,IC1,APAC_SINGAPORE_TOKYO,1.6,0,rating_3,None,97300.0,116000.0,0.839,0.15,36000.0,157800.0,151300.0,150600.0,-4.1,30,25,0,Clean
EMP11043,VP_ENT_APPS,Priya Nair,Enterprise Productivity Apps,EMP11031,0,DATA_SCI,IC1,US_AUSTIN_DENVER,8.8,0,rating_3,None,119600.0,137800.0,0.868,0.15,42800.0,195400.0,185800.0,188300.0,-4.9,60,54,0,Clean
EMP11044,VP_ENT_APPS,Priya Nair,Enterprise Productivity Apps,EMP11036,0,PROD_MGMT,IC1,APAC_SINGAPORE_TOKYO,2.5,0,rating_3,None,107000.0,116000.0,0.922,0.15,36000.0,183100.0,172100.0,169900.0,-6.0,64,56,0,Clean
EMP11045,VP_ENT_APPS,Priya Nair,Enterprise Productivity Apps,EMP11032,0,SW_ENG,IC2,US_AUSTIN_DENVER,8.1,0,rating_4,None,154500.0,175800.0,0.879,0.15,76000.0,249000.0,242500.0,239600.0,-2.6,51,48,0,Clean
EMP11046,VP_ENT_APPS,Priya Nair,Enterprise Productivity Apps,EMP11018,0,DATA_SCI,IC1,US_SEATTLE_NYC,3.3,0,rating_2,None,147400.0,159500.0,0.924,0.15,49500.0,209100.0,197000.0,195200.0,-5.8,33,25,0,Clean
EMP11047,VP_ENT_APPS,Priya Nair,Enterprise Productivity Apps,EMP11031,0,PROD_MGMT,IC2,US_AUSTIN_DENVER,5.6,0,rating_4,None,149300.0,175800.0,0.849,0.15,76000.0,272100.0,254300.0,257800.0,-6.5,54,46,0,Clean
EMP11048,VP_ENT_APPS,Priya Nair,Enterprise Productivity Apps,EMP11004,0,UX_DESIGN,IC3,EU_ZURICH_MUNICH,1.7,0,rating_4,None,196200.0,211600.0,0.927,0.2,128800.0,411700.0,375200.0,360500.0,-8.9,33,21,1,Clean
EMP11049,VP_ENT_APPS,Priya Nair,Enterprise Productivity Apps,EMP11027,0,DATA_SCI,IC1,US_SEATTLE_NYC,2.2,0,rating_2,None,134800.0,159500.0,0.845,0.15,49500.0,200300.0,206700.0,201800.0,3.2,60,64,0,Clean
EMP11050,VP_ENT_APPS,Priya Nair,Enterprise Productivity Apps,EMP11019,0,UX_DESIGN,IC1,US_AUSTIN_DENVER,5.2,0,rating_4,None,130200.0,137800.0,0.945,0.15,42800.0,196200.0,186600.0,186200.0,-4.9,49,43,0,Clean
EMP11051,VP_ENT_APPS,Priya Nair,Enterprise Productivity Apps,EMP11021,0,PROD_MGMT,IC2,EU_ZURICH_MUNICH,6.6,0,rating_3,None,156600.0,170200.0,0.92,0.15,73600.0,270800.0,277500.0,262100.0,2.5,47,50,0,Clean
EMP11052,VP_ENT_APPS,Priya Nair,Enterprise Productivity Apps,EMP11005,0,UX_DESIGN,IC3,US_SEATTLE_NYC,3.4,0,rating_3,None,238600.0,253000.0,0.943,0.2,154000.0,430500.0,411700.0,389700.0,-4.4,61,55,1,Clean
EMP11053,VP_ENT_APPS,Priya Nair,Enterprise Productivity Apps,EMP11026,0,DATA_SCI,IC2,APAC_SINGAPORE_TOKYO,7.9,0,rating_3,None,138700.0,148000.0,0.937,0.15,64000.0,235800.0,219500.0,219700.0,-6.9,16,7,0,Clean
EMP11054,VP_ENT_APPS,Priya Nair,Enterprise Productivity Apps,EMP11004,0,SW_ENG,IC2,US_BAY_AREA,1.7,1,rating_3,None,179300.0,212700.0,0.843,0.15,92000.0,304500.0,314700.0,319800.0,3.3,23,27,0,Clean
EMP11055,VP_ENT_APPS,Priya Nair,Enterprise Productivity Apps,EMP11025,0,DATA_SCI,IC3,US_BAY_AREA,0.8,0,rating_1,None,225400.0,264500.0,0.852,0.2,161000.0,418500.0,384500.0,367600.0,-8.1,51,40,0,Clean
EMP11056,VP_ENT_APPS,Priya Nair,Enterprise Productivity Apps,EMP11032,0,SW_ENG,IC1,EU_ZURICH_MUNICH,5.8,0,rating_4,None,129500.0,133400.0,0.971,0.15,41400.0,190600.0,173600.0,171900.0,-8.9,33,21,0,Clean
EMP11057,VP_ENT_APPS,Priya Nair,Enterprise Productivity Apps,EMP11024,0,UX_DESIGN,IC2,US_SEATTLE_NYC,4.3,0,rating_2,None,185400.0,203500.0,0.911,0.15,88000.0,296900.0,295300.0,288300.0,-0.5,34,33,0,Clean
EMP11058,VP_ENT_APPS,Priya Nair,Enterprise Productivity Apps,EMP11033,0,UX_DESIGN,IC3,US_SEATTLE_NYC,3.0,0,rating_2,None,243600.0,253000.0,0.963,0.2,154000.0,425700.0,429400.0,428900.0,0.9,67,68,0,Clean
EMP11059,VP_ENT_APPS,Priya Nair,Enterprise Productivity Apps,EMP11014,0,PROD_MGMT,IC3,US_AUSTIN_DENVER,0.6,0,rating_3,None,177200.0,218500.0,0.811,0.2,133000.0,390600.0,366500.0,345200.0,-6.2,60,52,0,Clean
EMP11060,VP_ENT_APPS,Priya Nair,Enterprise Productivity Apps,EMP11022,0,DATA_SCI,IC1,APAC_SINGAPORE_TOKYO,8.9,0,rating_3,None,94700.0,116000.0,0.816,0.15,36000.0,158200.0,155500.0,149700.0,-1.7,99,97,0,Clean
EMP11061,VP_ENT_APPS,Priya Nair,Enterprise Productivity Apps,EMP11016,0,SW_ENG,IC1,US_BAY_AREA,5.3,0,rating_4,None,161500.0,166800.0,0.968,0.15,51700.0,244900.0,232500.0,225600.0,-5.1,25,18,0,Clean
EMP11062,VP_ENT_APPS,Priya Nair,Enterprise Productivity Apps,EMP11004,0,UX_DESIGN,IC2,UK_LONDON,1.7,0,rating_3,None,142600.0,157200.0,0.907,0.15,68000.0,243900.0,223100.0,211900.0,-8.5,29,18,0,Clean
EMP11063,VP_ENT_APPS,Priya Nair,Enterprise Productivity Apps,EMP11014,0,SW_ENG,IC1,UK_LONDON,0.7,0,rating_3,None,114100.0,123200.0,0.926,0.15,38200.0,189400.0,189500.0,182300.0,0.1,62,62,0,Clean
EMP11064,VP_ENT_APPS,Priya Nair,Enterprise Productivity Apps,EMP11005,0,UX_DESIGN,IC3,US_SEATTLE_NYC,5.4,0,rating_1,None,254800.0,253000.0,1.007,0.2,154000.0,482900.0,465300.0,473600.0,-3.6,66,61,1,Clean
EMP11065,VP_ENT_APPS,Priya Nair,Enterprise Productivity Apps,EMP11005,0,PROD_MGMT,IC4,APAC_SINGAPORE_TOKYO,4.3,1,rating_4,None,203800.0,228000.0,0.894,0.25,200000.0,501300.0,513000.0,491900.0,2.3,79,82,1,Clean
EMP11066,VP_ENT_APPS,Priya Nair,Enterprise Productivity Apps,EMP11003,0,DATA_SCI,IC3,EU_ZURICH_MUNICH,4.4,0,rating_3,None,208800.0,211600.0,0.987,0.2,128800.0,372900.0,357000.0,352700.0,-4.3,44,38,0,Clean
EMP11067,VP_ENT_APPS,Priya Nair,Enterprise Productivity Apps,EMP11011,0,PROD_MGMT,IC2,APAC_SINGAPORE_TOKYO,3.5,0,rating_3,None,129200.0,148000.0,0.873,0.15,64000.0,223600.0,215200.0,210300.0,-3.8,48,43,0,Clean
EMP11068,VP_ENT_APPS,Priya Nair,Enterprise Productivity Apps,EMP11032,0,DATA_SCI,IC2,US_AUSTIN_DENVER,5.1,0,rating_3,None,165100.0,175800.0,0.939,0.15,76000.0,294900.0,293100.0,286100.0,-0.6,50,49,0,Clean
EMP11069,VP_ENT_APPS,Priya Nair,Enterprise Productivity Apps,EMP11003,0,UX_DESIGN,IC1,EU_ZURICH_MUNICH,7.5,0,rating_3,None,114200.0,133400.0,0.856,0.15,41400.0,182500.0,189300.0,189900.0,3.7,80,85,0,Clean
EMP11070,VP_ENT_APPS,Priya Nair,Enterprise Productivity Apps,EMP11027,0,SW_ENG,IC3,EU_ZURICH_MUNICH,3.3,0,rating_4,None,193600.0,211600.0,0.915,0.2,128800.0,362800.0,340800.0,339700.0,-6.1,53,45,0,Clean
EMP11071,VP_ENT_APPS,Priya Nair,Enterprise Productivity Apps,EMP11024,0,DATA_SCI,IC2,EU_ZURICH_MUNICH,6.0,0,rating_3,None,148200.0,170200.0,0.871,0.15,73600.0,265900.0,276100.0,264500.0,3.8,32,37,0,Clean
EMP11072,VP_ENT_APPS,Priya Nair,Enterprise Productivity Apps,EMP11013,0,SW_ENG,IC2,UK_LONDON,1.3,0,rating_5,None,145700.0,157200.0,0.927,0.15,68000.0,251800.0,256200.0,251900.0,1.7,59,61,0,Clean
EMP11073,VP_ENT_APPS,Priya Nair,Enterprise Productivity Apps,EMP11002,0,PROD_MGMT,IC1,US_BAY_AREA,6.1,0,rating_3,None,157600.0,166800.0,0.945,0.15,51700.0,229600.0,212500.0,215800.0,-7.4,95,85,1,Clean
EMP11074,VP_ENT_APPS,Priya Nair,Enterprise Productivity Apps,EMP11039,0,DATA_SCI,IC1,US_AUSTIN_DENVER,0.8,0,rating_3,None,128000.0,137800.0,0.929,0.15,42800.0,199300.0,182400.0,178600.0,-8.5,77,66,0,Clean
EMP11075,VP_ENT_APPS,Priya Nair,Enterprise Productivity Apps,EMP11002,0,DATA_SCI,IC1,UK_LONDON,9.0,0,rating_3,None,112400.0,123200.0,0.912,0.15,38200.0,187400.0,193700.0,192700.0,3.4,11,15,0,Clean
EMP11076,VP_ENT_APPS,Priya Nair,Enterprise Productivity Apps,EMP11032,0,SW_ENG,IC3,UK_LONDON,3.4,0,rating_3,None,177900.0,195500.0,0.91,0.2,119000.0,376700.0,347400.0,337100.0,-7.8,63,53,0,Clean
EMP11077,VP_ENT_APPS,Priya Nair,Enterprise Productivity Apps,EMP11031,0,PROD_MGMT,IC1,EU_ZURICH_MUNICH,7.1,0,rating_3,None,124500.0,133400.0,0.933,0.15,41400.0,181700.0,168400.0,169900.0,-7.3,6,1,0,Clean
EMP11078,VP_ENT_APPS,Priya Nair,Enterprise Productivity Apps,EMP11029,0,UX_DESIGN,IC1,UK_LONDON,4.9,0,rating_4,None,110400.0,123200.0,0.896,0.15,38200.0,181500.0,171100.0,162400.0,-5.7,83,76,0,Clean
EMP11079,VP_ENT_APPS,Priya Nair,Enterprise Productivity Apps,EMP11029,0,UX_DESIGN,IC1,US_BAY_AREA,0.5,0,rating_2,None,149100.0,166800.0,0.894,0.15,51700.0,228600.0,213900.0,209400.0,-6.4,73,65,0,Clean
EMP11080,VP_ENT_APPS,Priya Nair,Enterprise Productivity Apps,EMP11012,0,SW_ENG,IC3,US_AUSTIN_DENVER,8.2,0,rating_3,None,204500.0,218500.0,0.936,0.2,133000.0,380400.0,368200.0,366800.0,-3.2,72,68,0,Clean
EMP11081,VP_ENT_APPS,Priya Nair,Enterprise Productivity Apps,EMP11009,0,SW_ENG,IC1,UK_LONDON,4.1,0,rating_3,None,96800.0,123200.0,0.786,0.15,38200.0,169700.0,162600.0,159900.0,-4.2,53,48,1,Clean
EMP11082,VP_ENT_APPS,Priya Nair,Enterprise Productivity Apps,EMP11028,0,DATA_SCI,IC2,US_BAY_AREA,7.9,0,rating_4,None,204200.0,212700.0,0.96,0.15,92000.0,318900.0,328300.0,332400.0,2.9,59,63,0,Clean
EMP11083,VP_ENT_APPS,Priya Nair,Enterprise Productivity Apps,EMP11011,0,UX_DESIGN,IC1,APAC_SINGAPORE_TOKYO,5.4,0,rating_3,None,109500.0,116000.0,0.944,0.15,36000.0,174900.0,181200.0,179800.0,3.6,85,90,0,Clean
EMP11084,VP_ENT_APPS,Priya Nair,Enterprise Productivity Apps,EMP11003,0,UX_DESIGN,IC1,US_AUSTIN_DENVER,5.5,1,rating_1,None,135500.0,137800.0,0.983,0.15,42800.0,211800.0,195800.0,194500.0,-7.6,80,70,1,Clean
EMP11085,VP_ENT_APPS,Priya Nair,Enterprise Productivity Apps,EMP11009,0,UX_DESIGN,IC1,UK_LONDON,5.1,0,rating_3,None,113800.0,123200.0,0.924,0.15,38200.0,171400.0,164600.0,163100.0,-4.0,37,32,0,Clean
EMP11086,VP_ENT_APPS,Priya Nair,Enterprise Productivity Apps,EMP11010,0,UX_DESIGN,IC2,US_BAY_AREA,8.5,0,rating_2,None,161700.0,212700.0,0.76,0.15,92000.0,279100.0,269000.0,266300.0,-3.6,62,57,0,Clean
EMP11087,VP_ENT_APPS,Priya Nair,Enterprise Productivity Apps,EMP11027,0,DATA_SCI,IC1,US_BAY_AREA,7.9,0,rating_1,None,165800.0,166800.0,0.994,0.15,51700.0,249900.0,240100.0,237300.0,-3.9,22,17,0,Clean
EMP11088,VP_ENT_APPS,Priya Nair,Enterprise Productivity Apps,EMP11009,0,DATA_SCI,IC2,APAC_SINGAPORE_TOKYO,4.0,0,rating_3,None,144900.0,148000.0,0.979,0.15,64000.0,254500.0,234100.0,231300.0,-8.0,27,17,0,Clean
EMP11089,VP_ENT_APPS,Priya Nair,Enterprise Productivity Apps,EMP11010,0,SW_ENG,IC3,US_AUSTIN_DENVER,8.3,0,rating_3,None,196600.0,218500.0,0.9,0.2,133000.0,378800.0,385900.0,381400.0,1.9,71,73,0,Clean
EMP11090,VP_ENT_APPS,Priya Nair,Enterprise Productivity Apps,EMP11031,0,DATA_SCI,IC2,APAC_SINGAPORE_TOKYO,6.4,0,rating_3,None,123400.0,148000.0,0.834,0.15,64000.0,241300.0,223900.0,216500.0,-7.2,36,27,0,Clean
EMP11091,VP_ENT_APPS,Priya Nair,Enterprise Productivity Apps,EMP11035,0,SW_ENG,IC2,US_AUSTIN_DENVER,2.5,0,rating_4,None,140300.0,175800.0,0.798,0.15,76000.0,238400.0,245700.0,237300.0,3.1,11,15,0,Clean
EMP11092,VP_ENT_APPS,Priya Nair,Enterprise Productivity Apps,EMP11020,0,PROD_MGMT,IC1,EU_ZURICH_MUNICH,7.3,0,rating_3,None,118100.0,133400.0,0.885,0.15,41400.0,178300.0,176500.0,177000.0,-1.0,35,34,0,Clean
EMP11093,VP_ENT_APPS,Priya Nair,Enterprise Productivity Apps,EMP11013,0,PROD_MGMT,IC2,APAC_SINGAPORE_TOKYO,5.9,0,rating_4,None,125900.0,148000.0,0.851,0.15,64000.0,219700.0,220600.0,222800.0,0.4,46,47,0,Clean
EMP11094,VP_ENT_APPS,Priya Nair,Enterprise Productivity Apps,EMP11022,0,DATA_SCI,IC1,US_AUSTIN_DENVER,2.6,0,rating_3,None,125700.0,137800.0,0.912,0.15,42800.0,194900.0,181100.0,179000.0,-7.1,80,71,0,Clean
EMP11095,VP_ENT_APPS,Priya Nair,Enterprise Productivity Apps,EMP11036,0,SW_ENG,IC4,US_BAY_AREA,5.3,0,rating_4,None,318300.0,327800.0,0.971,0.25,287500.0,734300.0,723900.0,696500.0,-1.4,99,97,0,Clean
EMP11096,VP_ENT_APPS,Priya Nair,Enterprise Productivity Apps,EMP11004,0,DATA_SCI,IC4,EU_ZURICH_MUNICH,0.8,0,rating_3,None,253800.0,262200.0,0.968,0.25,230000.0,545100.0,549900.0,560600.0,0.9,68,69,1,Clean
EMP11097,VP_ENT_APPS,Priya Nair,Enterprise Productivity Apps,EMP11007,0,PROD_MGMT,IC2,US_SEATTLE_NYC,3.4,0,rating_3,None,192100.0,203500.0,0.944,0.15,88000.0,324600.0,319300.0,300400.0,-1.6,1,1,0,Clean
EMP11098,VP_ENT_APPS,Priya Nair,Enterprise Productivity Apps,EMP11018,0,UX_DESIGN,IC1,US_SEATTLE_NYC,5.5,0,rating_4,None,148000.0,159500.0,0.928,0.15,49500.0,216400.0,203600.0,191800.0,-5.9,84,76,0,Clean
EMP11099,VP_ENT_APPS,Priya Nair,Enterprise Productivity Apps,EMP11011,0,DATA_SCI,IC3,US_SEATTLE_NYC,1.6,0,rating_2,None,226900.0,253000.0,0.897,0.2,154000.0,434300.0,450200.0,452300.0,3.7,51,56,0,Clean
EMP11100,VP_ENT_APPS,Priya Nair,Enterprise Productivity Apps,EMP11027,0,DATA_SCI,IC1,EU_ZURICH_MUNICH,5.6,0,rating_3,None,124300.0,133400.0,0.932,0.15,41400.0,186500.0,177200.0,174800.0,-5.0,65,58,0,Clean
EMP11101,VP_ENT_APPS,Priya Nair,Enterprise Productivity Apps,EMP11014,0,SW_ENG,IC1,UK_LONDON,2.8,0,rating_3,None,109900.0,123200.0,0.892,0.15,38200.0,178500.0,171300.0,168400.0,-4.0,27,22,0,Clean
EMP11102,VP_ENT_APPS,Priya Nair,Enterprise Productivity Apps,EMP11032,0,PROD_MGMT,IC2,US_AUSTIN_DENVER,7.6,0,rating_3,None,174600.0,175800.0,0.993,0.15,76000.0,277000.0,257300.0,243500.0,-7.1,56,47,0,Clean
EMP11103,VP_ENT_APPS,Priya Nair,Enterprise Productivity Apps,EMP11011,0,UX_DESIGN,IC3,US_SEATTLE_NYC,0.7,0,rating_3,None,223100.0,253000.0,0.882,0.2,154000.0,402900.0,398100.0,389200.0,-1.2,74,72,0,Clean
EMP11104,VP_ENT_APPS,Priya Nair,Enterprise Productivity Apps,EMP11016,0,SW_ENG,IC2,UK_LONDON,4.1,0,rating_3,None,142600.0,157200.0,0.907,0.15,68000.0,232800.0,225100.0,219600.0,-3.3,47,43,0,Clean
EMP11105,VP_ENT_APPS,Priya Nair,Enterprise Productivity Apps,EMP11023,0,PROD_MGMT,IC1,US_AUSTIN_DENVER,8.8,0,rating_4,None,119600.0,137800.0,0.868,0.15,42800.0,189200.0,192100.0,193600.0,1.5,54,56,0,Clean
EMP11106,VP_ENT_APPS,Priya Nair,Enterprise Productivity Apps,EMP11015,0,UX_DESIGN,IC1,US_BAY_AREA,4.2,0,rating_3,None,140800.0,166800.0,0.844,0.15,51700.0,205900.0,191400.0,182100.0,-7.0,32,23,0,Clean
EMP11107,VP_ENT_APPS,Priya Nair,Enterprise Productivity Apps,EMP11012,0,PROD_MGMT,IC1,US_SEATTLE_NYC,8.5,1,rating_2,None,137200.0,159500.0,0.86,0.15,49500.0,210800.0,213300.0,216800.0,1.2,50,52,0,Clean
EMP11108,VP_ENT_APPS,Priya Nair,Enterprise Productivity Apps,EMP11036,0,DATA_SCI,IC2,US_SEATTLE_NYC,2.0,0,rating_2,None,187400.0,203500.0,0.921,0.15,88000.0,286200.0,264200.0,265600.0,-7.7,95,85,0,Clean
EMP11109,VP_ENT_APPS,Priya Nair,Enterprise Productivity Apps,EMP11030,0,PROD_MGMT,IC2,APAC_SINGAPORE_TOKYO,7.4,0,rating_2,None,140200.0,148000.0,0.947,0.15,64000.0,242200.0,225800.0,217200.0,-6.8,79,70,0,Clean
EMP11110,VP_ENT_APPS,Priya Nair,Enterprise Productivity Apps,EMP11004,0,UX_DESIGN,IC2,US_BAY_AREA,4.4,0,rating_3,None,165300.0,212700.0,0.777,0.15,92000.0,272800.0,276000.0,269600.0,1.2,61,63,0,Clean
EMP11111,VP_ENT_APPS,Priya Nair,Enterprise Productivity Apps,EMP11016,0,SW_ENG,IC1,US_BAY_AREA,6.7,0,rating_3,None,158100.0,166800.0,0.948,0.15,51700.0,231100.0,233000.0,229300.0,0.8,51,52,0,Clean
EMP11112,VP_ENT_APPS,Priya Nair,Enterprise Productivity Apps,EMP11030,0,PROD_MGMT,IC4,EU_ZURICH_MUNICH,1.6,0,rating_3,None,207700.0,262200.0,0.792,0.25,230000.0,589200.0,549000.0,553700.0,-6.8,31,22,1,Clean
EMP11113,VP_ENT_APPS,Priya Nair,Enterprise Productivity Apps,EMP11005,0,PROD_MGMT,IC2,US_AUSTIN_DENVER,2.3,0,rating_3,None,179800.0,175800.0,1.023,0.15,76000.0,275800.0,268400.0,268400.0,-2.7,87,83,0,Clean
EMP11114,VP_ENT_APPS,Priya Nair,Enterprise Productivity Apps,EMP11010,0,UX_DESIGN,IC2,APAC_SINGAPORE_TOKYO,6.6,0,rating_2,None,137500.0,148000.0,0.929,0.15,64000.0,262200.0,247200.0,240300.0,-5.7,29,22,0,Clean
EMP11115,VP_ENT_APPS,Priya Nair,Enterprise Productivity Apps,EMP11014,0,DATA_SCI,IC2,US_BAY_AREA,8.0,0,rating_3,None,193800.0,212700.0,0.911,0.15,92000.0,305900.0,292300.0,296000.0,-4.4,65,59,0,Clean
EMP11116,VP_ENT_APPS,Priya Nair,Enterprise Productivity Apps,EMP11005,0,PROD_MGMT,IC2,EU_ZURICH_MUNICH,4.8,0,rating_5,None,151600.0,170200.0,0.891,0.15,73600.0,245000.0,233500.0,225300.0,-4.7,50,44,1,Clean
EMP11117,VP_ENT_APPS,Priya Nair,Enterprise Productivity Apps,EMP11007,0,PROD_MGMT,IC1,US_BAY_AREA,5.8,1,rating_3,None,160000.0,166800.0,0.959,0.15,51700.0,231300.0,234500.0,229100.0,1.4,55,57,0,Clean
EMP11118,VP_ENT_APPS,Priya Nair,Enterprise Productivity Apps,EMP11004,0,SW_ENG,IC3,UK_LONDON,9.0,0,rating_3,None,178700.0,195500.0,0.914,0.2,119000.0,371800.0,374500.0,367200.0,0.7,26,27,0,Clean
EMP11119,VP_ENT_APPS,Priya Nair,Enterprise Productivity Apps,EMP11025,0,DATA_SCI,IC1,APAC_SINGAPORE_TOKYO,0.9,0,rating_2,None,104500.0,116000.0,0.901,0.15,36000.0,160500.0,154100.0,149700.0,-4.0,33,28,0,Clean
EMP11120,VP_ENT_APPS,Priya Nair,Enterprise Productivity Apps,EMP11009,0,UX_DESIGN,IC1,UK_LONDON,1.9,0,rating_3,None,117500.0,123200.0,0.954,0.15,38200.0,195600.0,183400.0,186900.0,-6.2,5,1,1,Clean
EMP11121,VP_ENT_APPS,Priya Nair,Enterprise Productivity Apps,EMP11031,0,UX_DESIGN,IC3,UK_LONDON,6.7,0,rating_3,None,184900.0,195500.0,0.946,0.2,119000.0,387800.0,393800.0,381000.0,1.5,45,47,0,Clean
EMP11122,VP_ENT_APPS,Priya Nair,Enterprise Productivity Apps,EMP11031,0,PROD_MGMT,IC4,EU_ZURICH_MUNICH,7.6,0,rating_4,None,202700.0,262200.0,0.773,0.25,230000.0,549000.0,537200.0,533700.0,-2.1,34,31,0,Clean
EMP11123,VP_ENT_APPS,Priya Nair,Enterprise Productivity Apps,EMP11018,0,UX_DESIGN,IC3,US_SEATTLE_NYC,0.9,0,rating_3,None,237800.0,253000.0,0.94,0.2,154000.0,425400.0,440900.0,449400.0,3.6,29,34,0,Clean
EMP11124,VP_ENT_APPS,Priya Nair,Enterprise Productivity Apps,EMP11017,0,UX_DESIGN,IC1,EU_ZURICH_MUNICH,4.8,0,rating_4,None,124100.0,133400.0,0.93,0.15,41400.0,201300.0,207400.0,206500.0,3.0,93,97,0,Clean
EMP11125,VP_ENT_APPS,Priya Nair,Enterprise Productivity Apps,EMP11026,0,PROD_MGMT,IC2,US_AUSTIN_DENVER,4.2,0,rating_3,None,166300.0,175800.0,0.946,0.15,76000.0,261900.0,249000.0,251800.0,-4.9,59,53,0,Clean
EMP11126,VP_ENT_APPS,Priya Nair,Enterprise Productivity Apps,EMP11010,0,SW_ENG,IC2,US_AUSTIN_DENVER,3.9,0,rating_3,None,165600.0,175800.0,0.942,0.15,76000.0,278100.0,287700.0,284000.0,3.5,47,52,0,Clean
EMP11127,VP_ENT_APPS,Priya Nair,Enterprise Productivity Apps,EMP11019,0,UX_DESIGN,IC1,US_AUSTIN_DENVER,5.1,0,rating_3,None,130100.0,137800.0,0.944,0.15,42800.0,189700.0,192300.0,180900.0,1.4,70,72,0,Clean
EMP11128,VP_ENT_APPS,Priya Nair,Enterprise Productivity Apps,EMP11006,0,UX_DESIGN,IC3,US_BAY_AREA,3.5,0,rating_2,None,252300.0,264500.0,0.954,0.2,161000.0,447500.0,447100.0,449800.0,-0.1,52,52,0,Clean
EMP11129,VP_ENT_APPS,Priya Nair,Enterprise Productivity Apps,EMP11003,0,PROD_MGMT,IC1,US_AUSTIN_DENVER,8.1,1,rating_2,None,151600.0,137800.0,1.1,0.15,42800.0,212600.0,219000.0,219700.0,3.0,99,99,0,Clean
EMP11130,VP_ENT_APPS,Priya Nair,Enterprise Productivity Apps,EMP11032,0,PROD_MGMT,IC1,EU_ZURICH_MUNICH,7.1,0,rating_3,None,123300.0,133400.0,0.924,0.15,41400.0,190500.0,194500.0,185300.0,2.1,44,47,0,Clean
EMP11131,VP_ENT_APPS,Priya Nair,Enterprise Productivity Apps,EMP11032,0,PROD_MGMT,IC2,US_BAY_AREA,6.1,0,rating_2,None,182900.0,212700.0,0.86,0.15,92000.0,296400.0,306400.0,295500.0,3.4,66,70,0,Clean
EMP11132,VP_ENT_APPS,Priya Nair,Enterprise Productivity Apps,EMP11027,0,UX_DESIGN,IC3,US_AUSTIN_DENVER,1.8,0,rating_3,None,193600.0,218500.0,0.886,0.2,133000.0,353900.0,324800.0,328100.0,-8.2,38,27,0,Clean
EMP11133,VP_ENT_APPS,Priya Nair,Enterprise Productivity Apps,EMP11009,0,SW_ENG,IC1,US_AUSTIN_DENVER,8.5,0,rating_3,None,127300.0,137800.0,0.924,0.15,42800.0,194400.0,180000.0,178500.0,-7.4,16,6,0,Clean
EMP11134,VP_ENT_APPS,Priya Nair,Enterprise Productivity Apps,EMP11038,0,UX_DESIGN,IC1,UK_LONDON,3.8,0,rating_3,None,107600.0,123200.0,0.873,0.15,38200.0,163100.0,166300.0,167000.0,2.0,33,36,0,Clean
EMP11135,VP_ENT_APPS,Priya Nair,Enterprise Productivity Apps,EMP11030,0,DATA_SCI,IC2,APAC_SINGAPORE_TOKYO,6.9,0,rating_4,None,142100.0,148000.0,0.96,0.15,64000.0,259700.0,258600.0,262900.0,-0.4,32,31,0,Clean
EMP11136,VP_ENT_APPS,Priya Nair,Enterprise Productivity Apps,EMP11012,0,UX_DESIGN,IC1,US_AUSTIN_DENVER,8.6,0,rating_5,None,115800.0,137800.0,0.84,0.15,42800.0,191300.0,180100.0,178000.0,-5.9,66,58,0,Clean
EMP11137,VP_ENT_APPS,Priya Nair,Enterprise Productivity Apps,EMP11012,0,SW_ENG,IC2,APAC_SINGAPORE_TOKYO,2.2,0,rating_3,None,128600.0,148000.0,0.869,0.15,64000.0,220100.0,222400.0,226300.0,1.0,69,70,0,Clean
EMP11138,VP_ENT_APPS,Priya Nair,Enterprise Productivity Apps,EMP11033,0,DATA_SCI,IC1,EU_ZURICH_MUNICH,6.6,0,rating_3,None,134200.0,133400.0,1.006,0.15,41400.0,213900.0,216900.0,211800.0,1.4,51,53,0,Clean
EMP11139,VP_ENT_APPS,Priya Nair,Enterprise Productivity Apps,EMP11035,0,DATA_SCI,IC4,US_BAY_AREA,4.4,0,rating_3,None,297300.0,327800.0,0.907,0.25,287500.0,591900.0,602500.0,586500.0,1.8,56,58,0,Clean
EMP11140,VP_ENT_APPS,Priya Nair,Enterprise Productivity Apps,EMP11037,0,PROD_MGMT,IC1,EU_ZURICH_MUNICH,3.9,0,rating_4,None,122600.0,133400.0,0.919,0.15,41400.0,197600.0,197000.0,194300.0,-0.3,71,71,1,Clean
EMP11141,VP_ENT_APPS,Priya Nair,Enterprise Productivity Apps,EMP11015,0,DATA_SCI,IC1,US_SEATTLE_NYC,4.0,0,rating_5,None,135700.0,159500.0,0.851,0.15,49500.0,200500.0,203700.0,200400.0,1.6,67,69,0,Clean
EMP11142,VP_ENT_APPS,Priya Nair,Enterprise Productivity Apps,EMP11020,0,SW_ENG,IC3,UK_LONDON,5.3,0,rating_3,None,187300.0,195500.0,0.958,0.2,119000.0,351900.0,331000.0,337300.0,-5.9,51,43,0,Clean
EMP11143,VP_ENT_APPS,Priya Nair,Enterprise Productivity Apps,EMP11035,0,SW_ENG,IC2,APAC_SINGAPORE_TOKYO,1.9,0,rating_3,None,126400.0,148000.0,0.854,0.15,64000.0,217400.0,224100.0,223800.0,3.1,61,65,0,Clean
EMP11144,VP_ENT_APPS,Priya Nair,Enterprise Productivity Apps,EMP11017,0,DATA_SCI,IC2,US_SEATTLE_NYC,1.1,0,rating_4,None,183400.0,203500.0,0.901,0.15,88000.0,318800.0,318800.0,316000.0,0.0,29,29,0,Clean
EMP11145,VP_ENT_APPS,Priya Nair,Enterprise Productivity Apps,EMP11008,0,SW_ENG,IC3,US_SEATTLE_NYC,4.8,0,rating_4,None,258100.0,253000.0,1.02,0.2,154000.0,441200.0,445400.0,430700.0,1.0,69,70,0,Clean
EMP11146,VP_ENT_APPS,Priya Nair,Enterprise Productivity Apps,EMP11035,0,SW_ENG,IC2,UK_LONDON,8.5,0,rating_2,None,138700.0,157200.0,0.882,0.15,68000.0,241600.0,232000.0,221600.0,-4.0,35,30,0,Clean
EMP11147,VP_ENT_APPS,Priya Nair,Enterprise Productivity Apps,EMP11040,0,SW_ENG,IC3,US_BAY_AREA,3.5,0,rating_3,None,249700.0,264500.0,0.944,0.2,161000.0,432200.0,449000.0,449300.0,3.9,71,76,0,Clean
EMP11148,VP_ENT_APPS,Priya Nair,Enterprise Productivity Apps,EMP11025,0,DATA_SCI,IC3,US_BAY_AREA,6.4,0,rating_3,None,252100.0,264500.0,0.953,0.2,161000.0,465000.0,452400.0,446500.0,-2.7,13,9,0,Clean
EMP11149,VP_ENT_APPS,Priya Nair,Enterprise Productivity Apps,EMP11015,0,DATA_SCI,IC3,EU_ZURICH_MUNICH,3.5,0,rating_3,None,194500.0,211600.0,0.919,0.2,128800.0,355300.0,344200.0,323700.0,-3.1,28,24,0,Clean
EMP11150,VP_ENT_APPS,Priya Nair,Enterprise Productivity Apps,EMP11024,0,DATA_SCI,IC2,APAC_SINGAPORE_TOKYO,1.5,0,rating_4,None,149000.0,148000.0,1.007,0.15,64000.0,273100.0,269600.0,265500.0,-1.3,1,1,0,Clean
EMP11151,VP_ENT_APPS,Priya Nair,Enterprise Productivity Apps,EMP11032,0,PROD_MGMT,IC2,US_BAY_AREA,7.8,0,rating_4,None,190800.0,212700.0,0.897,0.15,92000.0,299900.0,305000.0,293900.0,1.7,48,50,1,Clean
EMP11152,VP_ENT_APPS,Priya Nair,Enterprise Productivity Apps,EMP11020,0,UX_DESIGN,IC2,APAC_SINGAPORE_TOKYO,1.1,0,rating_2,None,134100.0,148000.0,0.906,0.15,64000.0,238700.0,219500.0,215700.0,-8.0,75,65,0,Clean
EMP11153,VP_ENT_APPS,Priya Nair,Enterprise Productivity Apps,EMP11020,0,SW_ENG,IC2,US_AUSTIN_DENVER,1.3,0,rating_4,None,150800.0,175800.0,0.858,0.15,76000.0,265500.0,271000.0,262600.0,2.1,85,88,0,Clean
EMP11154,VP_ENT_APPS,Priya Nair,Enterprise Productivity Apps,EMP11022,0,SW_ENG,IC1,US_SEATTLE_NYC,8.3,1,rating_2,None,132100.0,159500.0,0.828,0.15,49500.0,197200.0,199000.0,199100.0,0.9,37,38,1,Stale pre-promotion band mapping suspected
EMP11155,VP_ENT_APPS,Priya Nair,Enterprise Productivity Apps,EMP11036,0,PROD_MGMT,IC3,EU_ZURICH_MUNICH,3.3,0,rating_3,None,188700.0,211600.0,0.892,0.2,128800.0,367200.0,376100.0,356300.0,2.4,43,46,0,Clean
EMP11156,VP_ENT_APPS,Priya Nair,Enterprise Productivity Apps,EMP11009,0,SW_ENG,IC1,US_BAY_AREA,8.1,0,rating_4,None,154500.0,166800.0,0.926,0.15,51700.0,218400.0,203300.0,206400.0,-6.9,48,39,0,Clean
EMP11157,VP_ENT_APPS,Priya Nair,Enterprise Productivity Apps,EMP11022,0,SW_ENG,IC1,APAC_SINGAPORE_TOKYO,2.5,0,rating_3,None,109000.0,116000.0,0.94,0.15,36000.0,180300.0,183300.0,182300.0,1.7,27,29,0,Clean
EMP11158,VP_ENT_APPS,Priya Nair,Enterprise Productivity Apps,EMP11034,0,UX_DESIGN,IC3,UK_LONDON,3.9,0,rating_3,None,173400.0,195500.0,0.887,0.2,119000.0,340600.0,333300.0,322500.0,-2.1,50,47,0,Clean
EMP11159,VP_ENT_APPS,Priya Nair,Enterprise Productivity Apps,EMP11038,0,UX_DESIGN,IC1,EU_ZURICH_MUNICH,2.1,0,rating_3,None,124300.0,133400.0,0.932,0.15,41400.0,192300.0,199400.0,193900.0,3.7,42,47,0,Clean
EMP11160,VP_ENT_APPS,Priya Nair,Enterprise Productivity Apps,EMP11009,0,SW_ENG,IC2,APAC_SINGAPORE_TOKYO,8.7,0,rating_3,None,134800.0,148000.0,0.911,0.15,64000.0,224900.0,206800.0,200900.0,-8.0,90,80,0,Clean
EMP11161,VP_ENT_APPS,Priya Nair,Enterprise Productivity Apps,EMP11008,0,UX_DESIGN,IC2,APAC_SINGAPORE_TOKYO,1.5,0,rating_3,None,147000.0,148000.0,0.993,0.15,64000.0,254900.0,236800.0,234900.0,-7.1,76,67,0,Clean
EMP11162,VP_ENT_APPS,Priya Nair,Enterprise Productivity Apps,EMP11027,0,PROD_MGMT,IC2,UK_LONDON,2.6,0,rating_2,None,131700.0,157200.0,0.838,0.15,68000.0,227000.0,226200.0,229800.0,-0.4,11,10,0,Clean
EMP11163,VP_ENT_APPS,Priya Nair,Enterprise Productivity Apps,EMP11018,0,PROD_MGMT,IC2,US_BAY_AREA,1.4,0,rating_4,None,185500.0,212700.0,0.872,0.15,92000.0,311200.0,304400.0,291100.0,-2.2,58,55,0,Clean
EMP11164,VP_ENT_APPS,Priya Nair,Enterprise Productivity Apps,EMP11019,0,DATA_SCI,IC1,US_BAY_AREA,7.8,0,rating_2,None,132300.0,166800.0,0.793,0.15,51700.0,197200.0,185200.0,177100.0,-6.1,59,51,0,Clean
EMP11165,VP_ENT_APPS,Priya Nair,Enterprise Productivity Apps,EMP11025,0,DATA_SCI,IC1,US_SEATTLE_NYC,6.0,0,rating_4,None,139600.0,159500.0,0.875,0.15,49500.0,207400.0,215300.0,211900.0,3.8,57,62,0,Clean
EMP11166,VP_ENT_APPS,Priya Nair,Enterprise Productivity Apps,EMP11018,0,PROD_MGMT,IC2,APAC_SINGAPORE_TOKYO,1.4,0,rating_3,None,151400.0,148000.0,1.023,0.15,64000.0,258200.0,237100.0,241000.0,-8.2,80,69,0,Clean
EMP11167,VP_ENT_APPS,Priya Nair,Enterprise Productivity Apps,EMP11017,0,UX_DESIGN,IC3,APAC_SINGAPORE_TOKYO,3.4,1,rating_2,None,151600.0,184000.0,0.824,0.2,112000.0,354700.0,358300.0,348800.0,1.0,53,54,0,Stale pre-promotion band mapping suspected
EMP11168,VP_ENT_APPS,Priya Nair,Enterprise Productivity Apps,EMP11012,0,PROD_MGMT,IC1,APAC_SINGAPORE_TOKYO,5.3,0,rating_4,None,106100.0,116000.0,0.915,0.15,36000.0,174400.0,173900.0,176800.0,-0.3,34,34,0,Clean
EMP11169,VP_ENT_APPS,Priya Nair,Enterprise Productivity Apps,EMP11025,0,UX_DESIGN,IC2,US_SEATTLE_NYC,5.3,0,rating_3,None,172400.0,203500.0,0.847,0.15,88000.0,287600.0,280200.0,273000.0,-2.6,94,91,0,Clean
EMP11170,VP_ENT_APPS,Priya Nair,Enterprise Productivity Apps,EMP11007,0,UX_DESIGN,IC2,US_SEATTLE_NYC,5.2,0,rating_3,None,181500.0,203500.0,0.892,0.15,88000.0,306200.0,282700.0,288100.0,-7.7,56,46,0,Clean
EMP11171,VP_ENT_APPS,Priya Nair,Enterprise Productivity Apps,EMP11015,0,UX_DESIGN,IC3,US_AUSTIN_DENVER,8.1,0,rating_4,None,208400.0,218500.0,0.954,0.2,133000.0,438500.0,435700.0,440600.0,-0.6,63,62,0,Clean
EMP11172,VP_ENT_APPS,Priya Nair,Enterprise Productivity Apps,EMP11016,0,SW_ENG,IC2,US_AUSTIN_DENVER,6.1,0,rating_3,None,163800.0,175800.0,0.932,0.15,76000.0,258200.0,258100.0,253800.0,-0.0,23,23,0,Clean
EMP11173,VP_ENT_APPS,Priya Nair,Enterprise Productivity Apps,EMP11001,0,DATA_SCI,IC3,US_SEATTLE_NYC,6.4,0,rating_2,None,240600.0,253000.0,0.951,0.2,154000.0,423800.0,417400.0,392400.0,-1.5,4,2,0,Clean
EMP11174,VP_ENT_APPS,Priya Nair,Enterprise Productivity Apps,EMP11029,0,UX_DESIGN,IC2,US_BAY_AREA,0.9,0,rating_3,None,190600.0,212700.0,0.896,0.15,92000.0,294900.0,299900.0,287500.0,1.7,1,3,0,Clean
EMP11175,VP_ENT_APPS,Priya Nair,Enterprise Productivity Apps,EMP11014,0,PROD_MGMT,IC1,UK_LONDON,6.9,1,rating_3,None,120900.0,123200.0,0.981,0.15,38200.0,193600.0,194400.0,188400.0,0.4,62,63,0,Clean
EMP11176,VP_ENT_APPS,Priya Nair,Enterprise Productivity Apps,EMP11028,0,SW_ENG,IC1,US_SEATTLE_NYC,7.0,0,rating_3,None,143700.0,159500.0,0.901,0.15,49500.0,218900.0,224600.0,213100.0,2.6,52,55,0,Clean
EMP11177,VP_ENT_APPS,Priya Nair,Enterprise Productivity Apps,EMP11010,0,DATA_SCI,IC2,US_SEATTLE_NYC,5.5,0,rating_3,None,182500.0,203500.0,0.897,0.15,88000.0,313300.0,306700.0,310400.0,-2.1,38,35,0,Clean
EMP11178,VP_ENT_APPS,Priya Nair,Enterprise Productivity Apps,EMP11038,0,DATA_SCI,IC4,US_SEATTLE_NYC,4.3,0,rating_3,None,299400.0,313500.0,0.955,0.25,275000.0,642800.0,599300.0,603500.0,-6.8,24,15,0,Clean
EMP11179,VP_ENT_APPS,Priya Nair,Enterprise Productivity Apps,EMP11039,0,SW_ENG,IC1,US_SEATTLE_NYC,8.2,0,rating_3,None,136200.0,159500.0,0.854,0.15,49500.0,214500.0,198400.0,197500.0,-7.5,65,55,0,Clean
EMP11180,VP_ENT_APPS,Priya Nair,Enterprise Productivity Apps,EMP11035,0,SW_ENG,IC3,EU_ZURICH_MUNICH,2.5,0,rating_3,None,160800.0,211600.0,0.76,0.2,128800.0,321500.0,314200.0,308900.0,-2.3,59,56,0,Clean
EMP11181,VP_ENT_APPS,Priya Nair,Enterprise Productivity Apps,EMP11004,0,SW_ENG,IC2,US_SEATTLE_NYC,0.9,0,rating_3,None,179500.0,203500.0,0.882,0.15,88000.0,284800.0,279500.0,281200.0,-1.9,50,48,0,Clean
EMP11182,VP_ENT_APPS,Priya Nair,Enterprise Productivity Apps,EMP11014,0,UX_DESIGN,IC1,APAC_SINGAPORE_TOKYO,3.2,0,rating_3,None,99200.0,116000.0,0.855,0.15,36000.0,168600.0,165400.0,165200.0,-1.9,30,28,0,Clean
EMP11183,VP_ENT_APPS,Priya Nair,Enterprise Productivity Apps,EMP11018,0,PROD_MGMT,IC4,US_BAY_AREA,3.2,0,rating_1,None,301600.0,327800.0,0.92,0.25,287500.0,592500.0,601500.0,566900.0,1.5,53,55,0,Clean
EMP11184,VP_ENT_APPS,Priya Nair,Enterprise Productivity Apps,EMP11038,0,UX_DESIGN,IC1,UK_LONDON,5.6,0,rating_4,None,115800.0,123200.0,0.94,0.15,38200.0,179800.0,182000.0,182000.0,1.2,49,51,0,Clean
EMP11185,VP_ENT_APPS,Priya Nair,Enterprise Productivity Apps,EMP11023,0,SW_ENG,IC1,EU_ZURICH_MUNICH,4.6,0,rating_3,None,111900.0,133400.0,0.839,0.15,41400.0,185200.0,183000.0,180500.0,-1.2,20,18,0,Clean
EMP11186,VP_ENT_APPS,Priya Nair,Enterprise Productivity Apps,EMP11005,0,PROD_MGMT,IC1,EU_ZURICH_MUNICH,0.5,1,rating_3,None,119400.0,133400.0,0.895,0.15,41400.0,185300.0,169300.0,167300.0,-8.6,47,36,0,Clean
EMP11187,VP_ENT_APPS,Priya Nair,Enterprise Productivity Apps,EMP11016,0,PROD_MGMT,IC2,US_BAY_AREA,2.8,0,rating_3,None,182100.0,212700.0,0.856,0.15,92000.0,299900.0,282100.0,268500.0,-5.9,74,66,0,Clean
EMP11188,VP_ENT_APPS,Priya Nair,Enterprise Productivity Apps,EMP11021,0,SW_ENG,IC2,US_AUSTIN_DENVER,4.0,0,rating_3,None,157200.0,175800.0,0.894,0.15,76000.0,270900.0,247900.0,242300.0,-8.5,66,55,0,Clean
EMP11189,VP_ENT_APPS,Priya Nair,Enterprise Productivity Apps,EMP11039,0,DATA_SCI,IC3,EU_ZURICH_MUNICH,1.6,0,rating_4,None,160800.0,211600.0,0.76,0.2,128800.0,378700.0,386800.0,379900.0,2.1,99,99,1,Clean
EMP11190,VP_ENT_APPS,Priya Nair,Enterprise Productivity Apps,EMP11004,0,DATA_SCI,IC3,US_AUSTIN_DENVER,7.8,0,rating_3,None,202800.0,218500.0,0.928,0.2,133000.0,362700.0,359600.0,345500.0,-0.9,41,40,0,Clean
EMP11191,VP_ENT_APPS,Priya Nair,Enterprise Productivity Apps,EMP11031,0,UX_DESIGN,IC2,EU_ZURICH_MUNICH,1.7,0,rating_2,None,161300.0,170200.0,0.948,0.15,73600.0,269500.0,253700.0,252100.0,-5.9,88,80,0,Clean
EMP11192,VP_ENT_APPS,Priya Nair,Enterprise Productivity Apps,EMP11019,0,PROD_MGMT,IC2,UK_LONDON,4.2,0,rating_4,None,142400.0,157200.0,0.906,0.15,68000.0,237000.0,237900.0,239700.0,0.4,57,58,0,Clean
EMP11193,VP_ENT_APPS,Priya Nair,Enterprise Productivity Apps,EMP11017,0,SW_ENG,IC1,UK_LONDON,0.9,0,rating_3,None,105800.0,123200.0,0.859,0.15,38200.0,176800.0,178300.0,180000.0,0.8,99,99,0,Clean
EMP11194,VP_ENT_APPS,Priya Nair,Enterprise Productivity Apps,EMP11015,0,PROD_MGMT,IC2,US_AUSTIN_DENVER,3.1,0,rating_2,None,152400.0,175800.0,0.867,0.15,76000.0,272500.0,271700.0,265600.0,-0.3,48,48,0,Clean
EMP11195,VP_ENT_APPS,Priya Nair,Enterprise Productivity Apps,EMP11019,0,SW_ENG,IC2,US_SEATTLE_NYC,8.8,0,rating_3,None,183600.0,203500.0,0.902,0.15,88000.0,286200.0,297000.0,287100.0,3.8,29,34,0,Clean
EMP11196,VP_ENT_APPS,Priya Nair,Enterprise Productivity Apps,EMP11004,0,PROD_MGMT,IC2,US_BAY_AREA,7.5,0,rating_5,None,188200.0,212700.0,0.885,0.15,92000.0,292600.0,274500.0,279300.0,-6.2,85,77,0,Clean
EMP11197,VP_ENT_APPS,Priya Nair,Enterprise Productivity Apps,EMP11034,0,PROD_MGMT,IC1,APAC_SINGAPORE_TOKYO,4.5,0,rating_4,None,115000.0,116000.0,0.991,0.15,36000.0,172500.0,172900.0,168800.0,0.2,79,79,0,Clean
EMP11198,VP_ENT_APPS,Priya Nair,Enterprise Productivity Apps,EMP11008,0,UX_DESIGN,IC2,US_SEATTLE_NYC,8.0,0,rating_2,None,168500.0,203500.0,0.828,0.15,88000.0,278000.0,264700.0,253600.0,-4.8,33,27,0,Clean
EMP11199,VP_ENT_APPS,Priya Nair,Enterprise Productivity Apps,EMP11005,0,DATA_SCI,IC4,US_AUSTIN_DENVER,0.6,0,rating_5,None,254800.0,270800.0,0.941,0.25,237500.0,628400.0,630700.0,619300.0,0.4,51,52,0,Clean
EMP11200,VP_ENT_APPS,Priya Nair,Enterprise Productivity Apps,EMP11014,0,SW_ENG,IC3,EU_ZURICH_MUNICH,3.7,0,rating_2,None,212700.0,211600.0,1.005,0.2,128800.0,416000.0,428500.0,411200.0,3.0,78,82,0,Clean
EMP11201,VP_ENT_APPS,Priya Nair,Enterprise Productivity Apps,EMP11032,0,PROD_MGMT,IC1,EU_ZURICH_MUNICH,7.2,1,rating_3,None,132300.0,133400.0,0.992,0.15,41400.0,204300.0,191600.0,185700.0,-6.2,78,70,0,Clean
EMP11202,VP_ENT_APPS,Priya Nair,Enterprise Productivity Apps,EMP11004,0,SW_ENG,IC1,US_BAY_AREA,3.4,0,rating_3,None,163300.0,166800.0,0.979,0.15,51700.0,232600.0,218700.0,214800.0,-6.0,27,19,1,Clean
EMP11203,VP_ENT_APPS,Priya Nair,Enterprise Productivity Apps,EMP11009,0,DATA_SCI,IC3,US_SEATTLE_NYC,3.3,0,rating_4,None,243900.0,253000.0,0.964,0.2,154000.0,447100.0,411100.0,401300.0,-8.1,86,75,0,Clean
EMP11204,VP_ENT_APPS,Priya Nair,Enterprise Productivity Apps,EMP11006,0,SW_ENG,IC1,APAC_SINGAPORE_TOKYO,0.7,0,rating_2,None,105200.0,116000.0,0.907,0.15,36000.0,180400.0,165200.0,160100.0,-8.4,13,2,0,Clean
EMP11205,VP_ENT_APPS,Priya Nair,Enterprise Productivity Apps,EMP11016,0,DATA_SCI,IC2,UK_LONDON,0.7,0,rating_2,None,125100.0,157200.0,0.796,0.15,68000.0,216600.0,200700.0,201200.0,-7.3,69,60,1,Clean
EMP11206,VP_ENT_APPS,Priya Nair,Enterprise Productivity Apps,EMP11013,0,SW_ENG,IC3,EU_ZURICH_MUNICH,6.3,0,rating_3,None,203100.0,211600.0,0.96,0.2,128800.0,420000.0,423800.0,411500.0,0.9,37,38,1,Clean
EMP11207,VP_ENT_APPS,Priya Nair,Enterprise Productivity Apps,EMP11014,0,UX_DESIGN,IC1,US_SEATTLE_NYC,5.8,0,rating_2,None,144800.0,159500.0,0.908,0.15,49500.0,217100.0,209900.0,199100.0,-3.3,74,70,0,Clean
EMP11208,VP_ENT_APPS,Priya Nair,Enterprise Productivity Apps,EMP11036,0,UX_DESIGN,IC2,EU_ZURICH_MUNICH,0.5,0,rating_3,None,158500.0,170200.0,0.931,0.15,73600.0,251900.0,237200.0,240000.0,-5.8,80,72,0,Clean
EMP11209,VP_ENT_APPS,Priya Nair,Enterprise Productivity Apps,EMP11029,0,PROD_MGMT,IC3,US_AUSTIN_DENVER,6.0,0,rating_4,None,201200.0,218500.0,0.921,0.2,133000.0,397400.0,382700.0,366200.0,-3.7,99,94,0,Clean
EMP11210,VP_ENT_APPS,Priya Nair,Enterprise Productivity Apps,EMP11008,0,PROD_MGMT,IC1,UK_LONDON,3.0,0,rating_4,None,111500.0,123200.0,0.905,0.15,38200.0,188800.0,186100.0,175900.0,-1.4,48,46,0,Clean
EMP11211,VP_ENT_APPS,Priya Nair,Enterprise Productivity Apps,EMP11002,0,DATA_SCI,IC2,US_AUSTIN_DENVER,5.4,0,rating_4,None,153500.0,175800.0,0.873,0.15,76000.0,269500.0,267200.0,267600.0,-0.9,45,44,0,Clean
EMP11212,VP_ENT_APPS,Priya Nair,Enterprise Productivity Apps,EMP11019,0,DATA_SCI,IC3,US_BAY_AREA,3.3,0,rating_3,None,252600.0,264500.0,0.955,0.2,161000.0,449000.0,464200.0,445600.0,3.4,39,43,0,Clean
EMP11213,VP_ENT_APPS,Priya Nair,Enterprise Productivity Apps,EMP11002,0,PROD_MGMT,IC3,EU_ZURICH_MUNICH,7.5,0,rating_2,None,163100.0,211600.0,0.771,0.2,128800.0,328000.0,306400.0,307100.0,-6.6,8,1,0,Clean
EMP11214,VP_ENT_APPS,Priya Nair,Enterprise Productivity Apps,EMP11010,0,DATA_SCI,IC3,UK_LONDON,5.9,0,rating_2,None,148600.0,195500.0,0.76,0.2,119000.0,298900.0,293700.0,279700.0,-1.7,28,26,0,Clean
EMP11215,VP_ENT_APPS,Priya Nair,Enterprise Productivity Apps,EMP11027,0,SW_ENG,IC4,APAC_SINGAPORE_TOKYO,6.2,0,rating_3,None,182600.0,228000.0,0.801,0.25,200000.0,531300.0,519400.0,497400.0,-2.2,66,63,0,Clean
EMP11216,VP_ENT_APPS,Priya Nair,Enterprise Productivity Apps,EMP11024,0,UX_DESIGN,IC2,APAC_SINGAPORE_TOKYO,8.0,0,rating_4,None,148600.0,148000.0,1.004,0.15,64000.0,272000.0,279200.0,283900.0,2.6,28,31,0,Clean
EMP11217,VP_ENT_APPS,Priya Nair,Enterprise Productivity Apps,EMP11010,0,DATA_SCI,IC3,US_AUSTIN_DENVER,6.1,0,rating_4,None,225900.0,218500.0,1.034,0.2,133000.0,443500.0,435000.0,414000.0,-1.9,60,58,0,Clean
EMP11218,VP_ENT_APPS,Priya Nair,Enterprise Productivity Apps,EMP11036,0,DATA_SCI,IC2,US_AUSTIN_DENVER,6.3,1,rating_4,None,155900.0,175800.0,0.887,0.15,76000.0,266600.0,257400.0,255800.0,-3.5,57,52,0,Clean
EMP11219,VP_ENT_APPS,Priya Nair,Enterprise Productivity Apps,EMP11013,0,PROD_MGMT,IC3,EU_ZURICH_MUNICH,5.5,0,rating_2,None,175200.0,211600.0,0.828,0.2,128800.0,383600.0,369000.0,351300.0,-3.8,99,94,0,Clean
EMP11220,VP_ENT_APPS,Priya Nair,Enterprise Productivity Apps,EMP11033,0,SW_ENG,IC1,US_BAY_AREA,8.2,1,rating_4,None,155300.0,166800.0,0.931,0.15,51700.0,231900.0,226500.0,223800.0,-2.3,40,37,0,Clean
EMP11221,VP_ENT_APPS,Priya Nair,Enterprise Productivity Apps,EMP11004,0,DATA_SCI,IC1,EU_ZURICH_MUNICH,8.5,0,rating_2,None,122600.0,133400.0,0.919,0.15,41400.0,197800.0,201200.0,189500.0,1.7,61,63,0,Clean
EMP11222,VP_ENT_APPS,Priya Nair,Enterprise Productivity Apps,EMP11004,0,PROD_MGMT,IC2,US_BAY_AREA,4.9,0,rating_4,None,188000.0,212700.0,0.884,0.15,92000.0,302300.0,305500.0,308300.0,1.1,84,85,0,Clean
EMP11223,VP_ENT_APPS,Priya Nair,Enterprise Productivity Apps,EMP11029,0,UX_DESIGN,IC2,US_BAY_AREA,1.9,1,rating_3,None,192300.0,212700.0,0.904,0.15,92000.0,308900.0,298900.0,287700.0,-3.2,35,31,0,Clean
EMP11224,VP_ENT_APPS,Priya Nair,Enterprise Productivity Apps,EMP11029,0,DATA_SCI,IC3,UK_LONDON,7.5,0,rating_3,None,169100.0,195500.0,0.865,0.2,119000.0,328300.0,336000.0,335300.0,2.3,24,27,0,Clean
EMP11225,VP_ENT_APPS,Priya Nair,Enterprise Productivity Apps,EMP11004,0,SW_ENG,IC4,US_AUSTIN_DENVER,1.3,0,rating_3,None,290600.0,270800.0,1.073,0.25,237500.0,697000.0,652300.0,636800.0,-6.4,60,52,0,Clean
EMP11226,VP_ENT_APPS,Priya Nair,Enterprise Productivity Apps,EMP11021,0,UX_DESIGN,IC2,US_SEATTLE_NYC,8.1,0,rating_2,None,164800.0,203500.0,0.81,0.15,88000.0,260700.0,237600.0,239500.0,-8.9,99,87,0,Clean
EMP11227,VP_ENT_APPS,Priya Nair,Enterprise Productivity Apps,EMP11007,0,UX_DESIGN,IC1,US_BAY_AREA,5.1,0,rating_3,None,145800.0,166800.0,0.874,0.15,51700.0,228000.0,216900.0,212000.0,-4.9,64,58,0,Clean
EMP11228,VP_ENT_APPS,Priya Nair,Enterprise Productivity Apps,EMP11025,0,UX_DESIGN,IC1,UK_LONDON,3.2,0,rating_3,None,123600.0,123200.0,1.003,0.15,38200.0,181500.0,187800.0,189500.0,3.5,68,73,0,Clean
EMP11229,VP_ENT_APPS,Priya Nair,Enterprise Productivity Apps,EMP11026,0,SW_ENG,IC1,US_BAY_AREA,5.0,0,rating_2,None,143100.0,166800.0,0.858,0.15,51700.0,218200.0,222200.0,215900.0,1.8,60,62,0,Clean
EMP11230,VP_ENT_APPS,Priya Nair,Enterprise Productivity Apps,EMP11030,0,DATA_SCI,IC3,APAC_SINGAPORE_TOKYO,5.5,0,rating_2,None,139800.0,184000.0,0.76,0.2,112000.0,331500.0,339500.0,343400.0,2.4,48,51,0,Clean
EMP11231,VP_ENT_APPS,Priya Nair,Enterprise Productivity Apps,EMP11007,0,PROD_MGMT,IC2,EU_ZURICH_MUNICH,4.2,0,rating_3,None,166100.0,170200.0,0.976,0.15,73600.0,292200.0,295700.0,294200.0,1.2,41,43,0,Clean
EMP11232,VP_ENT_APPS,Priya Nair,Enterprise Productivity Apps,EMP11015,0,UX_DESIGN,IC3,US_BAY_AREA,8.7,0,rating_3,None,247300.0,264500.0,0.935,0.2,161000.0,417800.0,392600.0,392600.0,-6.0,40,32,1,Clean
EMP11233,VP_ENT_APPS,Priya Nair,Enterprise Productivity Apps,EMP11038,0,DATA_SCI,IC2,UK_LONDON,3.9,0,rating_3,None,128100.0,157200.0,0.815,0.15,68000.0,231400.0,238800.0,229000.0,3.2,1,5,0,Clean
EMP11234,VP_ENT_APPS,Priya Nair,Enterprise Productivity Apps,EMP11010,0,SW_ENG,IC3,US_AUSTIN_DENVER,6.2,0,rating_2,None,200100.0,218500.0,0.916,0.2,133000.0,371100.0,348500.0,337300.0,-6.1,29,21,0,Clean
EMP11235,VP_ENT_APPS,Priya Nair,Enterprise Productivity Apps,EMP11026,0,PROD_MGMT,IC2,US_BAY_AREA,4.9,0,rating_3,None,196700.0,212700.0,0.925,0.15,92000.0,304800.0,299900.0,299500.0,-1.6,23,21,0,Clean
EMP11236,VP_ENT_APPS,Priya Nair,Enterprise Productivity Apps,EMP11012,0,UX_DESIGN,IC1,US_AUSTIN_DENVER,2.5,0,rating_4,None,104700.0,137800.0,0.76,0.15,42800.0,171200.0,167700.0,166800.0,-2.0,26,23,0,Clean
EMP11237,VP_ENT_APPS,Priya Nair,Enterprise Productivity Apps,EMP11035,0,SW_ENG,IC1,US_SEATTLE_NYC,7.7,0,rating_4,None,162700.0,159500.0,1.02,0.15,49500.0,246800.0,246800.0,236500.0,0.0,90,90,0,Clean
EMP11238,VP_ENT_APPS,Priya Nair,Enterprise Productivity Apps,EMP11039,0,PROD_MGMT,IC2,EU_ZURICH_MUNICH,1.1,0,rating_3,None,171700.0,170200.0,1.009,0.15,73600.0,299300.0,296100.0,291400.0,-1.1,45,44,0,Clean
EMP11239,VP_ENT_APPS,Priya Nair,Enterprise Productivity Apps,EMP11023,0,DATA_SCI,IC2,US_BAY_AREA,2.2,0,rating_3,None,188200.0,212700.0,0.885,0.15,92000.0,320200.0,308100.0,299200.0,-3.8,28,23,0,Clean
EMP11240,VP_ENT_APPS,Priya Nair,Enterprise Productivity Apps,EMP11012,0,DATA_SCI,IC1,US_AUSTIN_DENVER,4.7,0,rating_3,None,122500.0,137800.0,0.889,0.15,42800.0,194100.0,188300.0,186200.0,-3.0,59,55,0,Clean
EMP11241,VP_ENT_APPS,Priya Nair,Enterprise Productivity Apps,EMP11040,0,DATA_SCI,IC2,EU_ZURICH_MUNICH,0.8,0,rating_4,None,131900.0,170200.0,0.775,0.15,73600.0,240300.0,224800.0,229200.0,-6.5,53,45,0,Clean
EMP11242,VP_ENT_APPS,Priya Nair,Enterprise Productivity Apps,EMP11021,0,SW_ENG,IC2,UK_LONDON,7.9,0,rating_4,None,132700.0,157200.0,0.844,0.15,68000.0,248400.0,254600.0,252800.0,2.5,23,26,0,Clean
EMP11243,VP_ENT_APPS,Priya Nair,Enterprise Productivity Apps,EMP11025,0,PROD_MGMT,IC2,APAC_SINGAPORE_TOKYO,7.7,0,rating_3,None,131900.0,148000.0,0.891,0.15,64000.0,255700.0,238500.0,238400.0,-6.7,54,45,0,Clean
EMP11244,VP_ENT_APPS,Priya Nair,Enterprise Productivity Apps,EMP11012,0,DATA_SCI,IC3,UK_LONDON,1.6,0,rating_3,None,170500.0,195500.0,0.872,0.2,119000.0,344200.0,341800.0,338600.0,-0.7,43,42,0,Clean
EMP11245,VP_ENT_APPS,Priya Nair,Enterprise Productivity Apps,EMP11037,0,DATA_SCI,IC3,US_SEATTLE_NYC,1.2,0,rating_5,None,238100.0,253000.0,0.941,0.2,154000.0,470100.0,448600.0,427600.0,-4.6,40,34,0,Clean
EMP11246,VP_ENT_APPS,Priya Nair,Enterprise Productivity Apps,EMP11021,0,PROD_MGMT,IC1,APAC_SINGAPORE_TOKYO,5.5,0,rating_4,None,114800.0,116000.0,0.99,0.15,36000.0,174000.0,171400.0,166700.0,-1.5,50,48,0,Clean
EMP11247,VP_ENT_APPS,Priya Nair,Enterprise Productivity Apps,EMP11015,0,PROD_MGMT,IC1,US_BAY_AREA,4.7,0,rating_3,None,157800.0,166800.0,0.946,0.15,51700.0,228600.0,218900.0,222400.0,-4.2,99,94,0,Clean
EMP11248,VP_ENT_APPS,Priya Nair,Enterprise Productivity Apps,EMP11025,0,PROD_MGMT,IC3,US_BAY_AREA,5.8,0,rating_4,None,216600.0,264500.0,0.819,0.2,161000.0,397200.0,361800.0,349000.0,-8.9,26,14,0,Clean
EMP11249,VP_ENT_APPS,Priya Nair,Enterprise Productivity Apps,EMP11033,0,SW_ENG,IC3,US_BAY_AREA,7.2,0,rating_2,None,262100.0,264500.0,0.991,0.2,161000.0,491800.0,468900.0,449600.0,-4.7,35,29,0,Clean
EMP11250,VP_ENT_APPS,Priya Nair,Enterprise Productivity Apps,EMP11024,0,PROD_MGMT,IC1,US_BAY_AREA,8.0,0,rating_3,None,146000.0,166800.0,0.875,0.15,51700.0,208600.0,209600.0,203200.0,0.5,75,76,0,Clean
EMP11251,VP_ENT_APPS,Priya Nair,Enterprise Productivity Apps,EMP11031,0,SW_ENG,IC2,US_SEATTLE_NYC,7.8,1,rating_3,None,189900.0,203500.0,0.933,0.15,88000.0,311200.0,321700.0,306300.0,3.4,27,31,0,Clean
EMP11252,VP_ENT_APPS,Priya Nair,Enterprise Productivity Apps,EMP11019,0,SW_ENG,IC4,US_BAY_AREA,5.3,0,rating_3,None,300600.0,327800.0,0.917,0.25,287500.0,713000.0,713300.0,700400.0,0.0,37,37,0,Clean
EMP11253,VP_ENT_APPS,Priya Nair,Enterprise Productivity Apps,EMP11009,0,SW_ENG,IC3,US_AUSTIN_DENVER,8.4,0,rating_3,None,191600.0,218500.0,0.877,0.2,133000.0,402600.0,387400.0,391700.0,-3.8,65,60,0,Clean
EMP11254,VP_ENT_APPS,Priya Nair,Enterprise Productivity Apps,EMP11028,0,PROD_MGMT,IC2,EU_ZURICH_MUNICH,3.4,0,rating_3,None,133800.0,170200.0,0.786,0.15,73600.0,233800.0,217900.0,213400.0,-6.8,50,41,0,Clean
EMP11255,VP_ENT_APPS,Priya Nair,Enterprise Productivity Apps,EMP11018,0,PROD_MGMT,IC2,APAC_SINGAPORE_TOKYO,1.6,0,rating_4,None,112500.0,148000.0,0.76,0.15,64000.0,225900.0,223600.0,213400.0,-1.0,19,18,0,Clean
EMP11256,VP_ENT_APPS,Priya Nair,Enterprise Productivity Apps,EMP11008,0,DATA_SCI,IC4,US_AUSTIN_DENVER,5.5,1,rating_1,None,290000.0,270800.0,1.071,0.25,237500.0,594500.0,564700.0,559700.0,-5.0,61,54,0,Clean
EMP11257,VP_ENT_APPS,Priya Nair,Enterprise Productivity Apps,EMP11005,0,UX_DESIGN,IC4,APAC_SINGAPORE_TOKYO,3.4,0,rating_4,None,231200.0,228000.0,1.014,0.25,200000.0,610100.0,560700.0,527300.0,-8.1,17,6,1,Clean
EMP11258,VP_ENT_APPS,Priya Nair,Enterprise Productivity Apps,EMP11014,0,DATA_SCI,IC2,EU_ZURICH_MUNICH,5.8,0,rating_3,None,153500.0,170200.0,0.902,0.15,73600.0,265300.0,262700.0,255000.0,-1.0,16,15,0,Clean
EMP11259,VP_ENT_APPS,Priya Nair,Enterprise Productivity Apps,EMP11010,0,UX_DESIGN,IC2,UK_LONDON,3.6,0,rating_3,None,128100.0,157200.0,0.815,0.15,68000.0,241000.0,224000.0,210700.0,-7.1,63,54,0,Clean
EMP11260,VP_ENT_APPS,Priya Nair,Enterprise Productivity Apps,EMP11011,0,PROD_MGMT,IC3,US_SEATTLE_NYC,1.6,0,rating_3,None,236600.0,253000.0,0.935,0.2,154000.0,452400.0,459200.0,435500.0,1.5,49,51,0,Clean
EMP11261,VP_ENT_APPS,Priya Nair,Enterprise Productivity Apps,EMP11009,0,UX_DESIGN,IC1,APAC_SINGAPORE_TOKYO,2.7,0,rating_2,None,112500.0,116000.0,0.97,0.15,36000.0,167800.0,154700.0,148400.0,-7.8,53,43,0,Clean
EMP11262,VP_ENT_APPS,Priya Nair,Enterprise Productivity Apps,EMP11036,0,SW_ENG,IC2,EU_ZURICH_MUNICH,4.6,0,rating_3,None,161700.0,170200.0,0.95,0.15,73600.0,272200.0,275500.0,278800.0,1.2,75,77,0,Clean
EMP11263,VP_ENT_APPS,Priya Nair,Enterprise Productivity Apps,EMP11024,0,PROD_MGMT,IC2,UK_LONDON,7.8,1,rating_3,None,147300.0,157200.0,0.937,0.15,68000.0,243100.0,224100.0,225300.0,-7.8,62,52,0,Clean
EMP11264,VP_ENT_APPS,Priya Nair,Enterprise Productivity Apps,EMP11025,0,UX_DESIGN,IC3,APAC_SINGAPORE_TOKYO,4.4,0,rating_4,None,170900.0,184000.0,0.929,0.2,112000.0,391300.0,388900.0,371000.0,-0.6,57,56,0,Clean
EMP11265,VP_ENT_APPS,Priya Nair,Enterprise Productivity Apps,EMP11029,0,UX_DESIGN,IC3,EU_ZURICH_MUNICH,5.3,0,rating_5,None,171000.0,211600.0,0.808,0.2,128800.0,347000.0,323600.0,319100.0,-6.7,1,1,0,Clean
EMP11266,VP_ENT_APPS,Priya Nair,Enterprise Productivity Apps,EMP11027,0,SW_ENG,IC3,APAC_SINGAPORE_TOKYO,8.1,0,rating_4,None,157100.0,184000.0,0.854,0.2,112000.0,328700.0,322800.0,307100.0,-1.8,61,59,0,Clean
EMP11267,VP_ENT_APPS,Priya Nair,Enterprise Productivity Apps,EMP11024,0,UX_DESIGN,IC2,EU_ZURICH_MUNICH,4.4,0,rating_3,None,164100.0,170200.0,0.964,0.15,73600.0,267400.0,247600.0,247100.0,-7.4,28,18,0,Clean
EMP11268,VP_ENT_APPS,Priya Nair,Enterprise Productivity Apps,EMP11032,0,DATA_SCI,IC1,US_AUSTIN_DENVER,6.6,0,rating_3,None,125400.0,137800.0,0.91,0.15,42800.0,195400.0,202000.0,197900.0,3.4,57,61,0,Clean
EMP11269,VP_ENT_APPS,Priya Nair,Enterprise Productivity Apps,EMP11029,0,DATA_SCI,IC2,US_BAY_AREA,5.0,1,rating_2,None,197200.0,212700.0,0.927,0.15,92000.0,304700.0,313000.0,306000.0,2.7,66,70,0,Clean
EMP11270,VP_ENT_APPS,Priya Nair,Enterprise Productivity Apps,EMP11008,0,PROD_MGMT,IC1,US_SEATTLE_NYC,1.3,0,rating_4,None,132500.0,159500.0,0.831,0.15,49500.0,194000.0,197000.0,197000.0,1.5,37,39,0,Clean
EMP11271,VP_ENT_APPS,Priya Nair,Enterprise Productivity Apps,EMP11026,0,SW_ENG,IC2,EU_ZURICH_MUNICH,4.5,0,rating_2,None,156100.0,170200.0,0.917,0.15,73600.0,267100.0,271200.0,269800.0,1.5,58,60,0,Clean
EMP11272,VP_ENT_APPS,Priya Nair,Enterprise Productivity Apps,EMP11037,0,UX_DESIGN,IC2,APAC_SINGAPORE_TOKYO,1.0,0,rating_3,None,133600.0,148000.0,0.903,0.15,64000.0,229000.0,227400.0,220900.0,-0.7,15,14,0,Clean
EMP11273,VP_ENT_APPS,Priya Nair,Enterprise Productivity Apps,EMP11003,0,PROD_MGMT,IC1,US_AUSTIN_DENVER,3.4,0,rating_2,None,126200.0,137800.0,0.916,0.15,42800.0,201200.0,191500.0,187100.0,-4.8,76,70,0,Clean
EMP11274,VP_ENT_APPS,Priya Nair,Enterprise Productivity Apps,EMP11014,0,SW_ENG,IC3,US_BAY_AREA,1.3,0,rating_2,None,245500.0,264500.0,0.928,0.2,161000.0,479500.0,483100.0,479800.0,0.8,18,19,0,Clean
EMP11275,VP_ENT_APPS,Priya Nair,Enterprise Productivity Apps,EMP11018,0,UX_DESIGN,IC2,US_BAY_AREA,1.3,0,rating_1,None,186100.0,212700.0,0.875,0.15,92000.0,300800.0,282000.0,278500.0,-6.2,42,34,0,Clean
EMP11276,VP_ENT_APPS,Priya Nair,Enterprise Productivity Apps,EMP11010,0,UX_DESIGN,IC2,APAC_SINGAPORE_TOKYO,6.1,0,rating_2,None,138800.0,148000.0,0.938,0.15,64000.0,255600.0,247900.0,242300.0,-3.0,65,61,1,Clean
EMP11277,VP_ENT_APPS,Priya Nair,Enterprise Productivity Apps,EMP11039,0,SW_ENG,IC3,US_BAY_AREA,6.6,0,rating_2,None,255000.0,264500.0,0.964,0.2,161000.0,433500.0,435200.0,424600.0,0.4,68,69,0,Clean
EMP11278,VP_ENT_APPS,Priya Nair,Enterprise Productivity Apps,EMP11034,0,UX_DESIGN,IC3,US_SEATTLE_NYC,0.6,0,rating_3,None,256500.0,253000.0,1.014,0.2,154000.0,440300.0,422400.0,404100.0,-4.1,34,29,0,Clean
EMP11279,VP_ENT_APPS,Priya Nair,Enterprise Productivity Apps,EMP11020,0,SW_ENG,IC3,US_SEATTLE_NYC,1.7,0,rating_2,None,231500.0,253000.0,0.915,0.2,154000.0,452100.0,451600.0,447100.0,-0.1,33,33,0,Clean
EMP11280,VP_ENT_APPS,Priya Nair,Enterprise Productivity Apps,EMP11001,0,PROD_MGMT,IC2,US_SEATTLE_NYC,8.7,0,rating_2,None,192100.0,203500.0,0.944,0.15,88000.0,312600.0,312900.0,303300.0,0.1,68,68,0,Clean
EMP11281,VP_ENT_APPS,Priya Nair,Enterprise Productivity Apps,EMP11005,0,SW_ENG,IC3,US_SEATTLE_NYC,2.4,0,rating_3,None,225400.0,253000.0,0.891,0.2,154000.0,430300.0,437600.0,438500.0,1.7,22,24,0,Clean
EMP11282,VP_ENT_APPS,Priya Nair,Enterprise Productivity Apps,EMP11010,0,DATA_SCI,IC1,US_AUSTIN_DENVER,1.1,0,rating_3,None,114000.0,137800.0,0.827,0.15,42800.0,172300.0,175800.0,168900.0,2.0,43,46,0,Clean
EMP11283,VP_ENT_APPS,Priya Nair,Enterprise Productivity Apps,EMP11010,0,DATA_SCI,IC1,US_BAY_AREA,1.0,0,rating_2,None,141900.0,166800.0,0.851,0.15,51700.0,212600.0,195100.0,192700.0,-8.2,63,52,0,Clean
EMP11284,VP_ENT_APPS,Priya Nair,Enterprise Productivity Apps,EMP11006,0,SW_ENG,IC2,UK_LONDON,7.8,0,rating_3,None,143800.0,157200.0,0.915,0.15,68000.0,269400.0,257100.0,247000.0,-4.6,64,58,0,Clean
EMP11285,VP_ENT_APPS,Priya Nair,Enterprise Productivity Apps,EMP11001,0,PROD_MGMT,IC1,US_BAY_AREA,5.9,0,rating_3,None,151800.0,166800.0,0.91,0.15,51700.0,222000.0,216300.0,219100.0,-2.6,64,61,0,Clean
EMP11286,VP_ENT_APPS,Priya Nair,Enterprise Productivity Apps,EMP11020,0,PROD_MGMT,IC2,UK_LONDON,7.7,0,rating_3,None,126900.0,157200.0,0.807,0.15,68000.0,247600.0,255800.0,245600.0,3.3,30,34,0,Clean
EMP11287,VP_ENT_APPS,Priya Nair,Enterprise Productivity Apps,EMP11017,0,SW_ENG,IC2,US_BAY_AREA,6.8,0,rating_2,None,198700.0,212700.0,0.934,0.15,92000.0,301400.0,282400.0,283700.0,-6.3,54,46,0,Clean
EMP11288,VP_ENT_APPS,Priya Nair,Enterprise Productivity Apps,EMP11015,0,DATA_SCI,IC1,US_AUSTIN_DENVER,6.2,0,rating_2,None,125800.0,137800.0,0.913,0.15,42800.0,195200.0,190700.0,191700.0,-2.3,42,39,0,Clean
EMP11289,VP_ENT_APPS,Priya Nair,Enterprise Productivity Apps,EMP11010,0,SW_ENG,IC2,US_AUSTIN_DENVER,2.4,1,rating_2,None,156100.0,175800.0,0.888,0.15,76000.0,265600.0,250200.0,244400.0,-5.8,26,18,1,Clean
EMP11290,VP_ENT_APPS,Priya Nair,Enterprise Productivity Apps,EMP11004,0,PROD_MGMT,IC3,US_AUSTIN_DENVER,0.6,0,rating_3,None,236200.0,218500.0,1.081,0.2,133000.0,430400.0,398100.0,380500.0,-7.5,41,31,0,Clean
EMP11291,VP_ENT_APPS,Priya Nair,Enterprise Productivity Apps,EMP11023,0,PROD_MGMT,IC2,UK_LONDON,6.2,1,rating_3,None,132700.0,157200.0,0.844,0.15,68000.0,225400.0,205300.0,196200.0,-8.9,63,51,0,Clean
EMP11292,VP_ENT_APPS,Priya Nair,Enterprise Productivity Apps,EMP11013,0,UX_DESIGN,IC2,UK_LONDON,2.5,0,rating_4,None,161600.0,157200.0,1.028,0.15,68000.0,259800.0,248300.0,234700.0,-4.4,30,24,0,Clean
EMP11293,VP_ENT_APPS,Priya Nair,Enterprise Productivity Apps,EMP11031,0,SW_ENG,IC1,US_AUSTIN_DENVER,0.9,0,rating_3,None,117100.0,137800.0,0.85,0.15,42800.0,186200.0,187700.0,188400.0,0.8,66,67,0,Clean
EMP11294,VP_ENT_APPS,Priya Nair,Enterprise Productivity Apps,EMP11030,0,PROD_MGMT,IC1,US_BAY_AREA,6.9,0,rating_3,None,168600.0,166800.0,1.011,0.15,51700.0,253300.0,232700.0,232000.0,-8.1,56,45,0,Clean
EMP11295,VP_ENT_APPS,Priya Nair,Enterprise Productivity Apps,EMP11018,0,PROD_MGMT,IC2,US_SEATTLE_NYC,5.5,0,rating_3,None,174200.0,203500.0,0.856,0.15,88000.0,278500.0,275500.0,259800.0,-1.1,19,18,0,Clean
EMP11296,VP_ENT_APPS,Priya Nair,Enterprise Productivity Apps,EMP11039,0,DATA_SCI,IC3,EU_ZURICH_MUNICH,4.0,0,rating_3,None,175600.0,211600.0,0.83,0.2,128800.0,362100.0,350200.0,332600.0,-3.3,47,43,0,Clean
EMP11297,VP_ENT_APPS,Priya Nair,Enterprise Productivity Apps,EMP11019,0,DATA_SCI,IC1,US_BAY_AREA,7.0,0,rating_5,None,159800.0,166800.0,0.958,0.15,51700.0,234900.0,221300.0,222700.0,-5.8,74,66,0,Clean
EMP11298,VP_ENT_APPS,Priya Nair,Enterprise Productivity Apps,EMP11014,0,PROD_MGMT,IC3,EU_ZURICH_MUNICH,8.0,0,rating_3,None,186000.0,211600.0,0.879,0.2,128800.0,346900.0,352800.0,339100.0,1.7,47,49,0,Clean
EMP11299,VP_ENT_APPS,Priya Nair,Enterprise Productivity Apps,EMP11009,0,DATA_SCI,IC1,US_BAY_AREA,6.2,0,rating_3,None,130300.0,166800.0,0.781,0.15,51700.0,190100.0,174300.0,166100.0,-8.3,48,37,1,Clean
EMP11300,VP_ENT_APPS,Priya Nair,Enterprise Productivity Apps,EMP11017,0,SW_ENG,IC1,US_SEATTLE_NYC,8.2,0,rating_3,None,133300.0,159500.0,0.836,0.15,49500.0,202900.0,210800.0,208000.0,3.9,79,84,0,Clean
EMP11301,VP_ENT_APPS,Priya Nair,Enterprise Productivity Apps,EMP11006,0,SW_ENG,IC4,APAC_SINGAPORE_TOKYO,1.1,0,rating_3,None,217300.0,228000.0,0.953,0.25,200000.0,566800.0,518000.0,520900.0,-8.6,28,17,0,Clean
EMP11302,VP_ENT_APPS,Priya Nair,Enterprise Productivity Apps,EMP11026,0,PROD_MGMT,IC3,EU_ZURICH_MUNICH,5.4,0,rating_3,None,208600.0,211600.0,0.986,0.2,128800.0,394200.0,385000.0,390500.0,-2.3,83,80,0,Clean
EMP11303,VP_ENT_APPS,Priya Nair,Enterprise Productivity Apps,EMP11033,0,SW_ENG,IC2,EU_ZURICH_MUNICH,7.7,1,rating_3,None,165100.0,170200.0,0.97,0.15,73600.0,276900.0,269000.0,254900.0,-2.9,91,87,0,Clean
EMP11304,VP_ENT_APPS,Priya Nair,Enterprise Productivity Apps,EMP11025,0,PROD_MGMT,IC2,EU_ZURICH_MUNICH,2.8,0,rating_3,None,138200.0,170200.0,0.812,0.15,73600.0,247300.0,241100.0,242400.0,-2.5,75,72,0,Clean
EMP11305,VP_ENT_APPS,Priya Nair,Enterprise Productivity Apps,EMP11028,0,UX_DESIGN,IC2,UK_LONDON,0.9,0,rating_4,None,141500.0,157200.0,0.9,0.15,68000.0,264600.0,263600.0,248800.0,-0.4,28,27,0,Clean
EMP11306,VP_ENT_APPS,Priya Nair,Enterprise Productivity Apps,EMP11008,0,SW_ENG,IC1,EU_ZURICH_MUNICH,8.1,0,rating_2,None,113700.0,133400.0,0.852,0.15,41400.0,183500.0,171200.0,164800.0,-6.7,62,53,0,Clean
EMP11307,VP_ENT_APPS,Priya Nair,Enterprise Productivity Apps,EMP11036,0,DATA_SCI,IC1,US_AUSTIN_DENVER,5.9,0,rating_3,None,142900.0,137800.0,1.037,0.15,42800.0,217400.0,216000.0,206200.0,-0.6,87,86,0,Clean
EMP11308,VP_ENT_APPS,Priya Nair,Enterprise Productivity Apps,EMP11027,0,PROD_MGMT,IC2,EU_ZURICH_MUNICH,1.8,0,rating_3,None,144200.0,170200.0,0.847,0.15,73600.0,251000.0,237100.0,232600.0,-5.5,73,66,0,Clean
EMP11309,VP_ENT_APPS,Priya Nair,Enterprise Productivity Apps,EMP11010,0,SW_ENG,IC2,UK_LONDON,1.6,0,rating_3,None,162500.0,157200.0,1.034,0.15,68000.0,287900.0,277200.0,272600.0,-3.7,99,94,0,Clean
EMP11310,VP_ENT_APPS,Priya Nair,Enterprise Productivity Apps,EMP11037,0,UX_DESIGN,IC4,US_AUSTIN_DENVER,4.6,0,rating_3,None,223700.0,270800.0,0.826,0.25,237500.0,602100.0,558700.0,536700.0,-7.2,46,37,0,Clean
EMP11311,VP_ENT_APPS,Priya Nair,Enterprise Productivity Apps,EMP11034,0,SW_ENG,IC2,UK_LONDON,9.0,0,rating_2,None,163600.0,157200.0,1.041,0.15,68000.0,296000.0,273700.0,276900.0,-7.5,58,48,0,Clean
EMP11312,VP_ENT_APPS,Priya Nair,Enterprise Productivity Apps,EMP11039,0,UX_DESIGN,IC2,US_SEATTLE_NYC,0.9,0,rating_3,None,183800.0,203500.0,0.903,0.15,88000.0,315200.0,300800.0,306400.0,-4.6,41,35,0,Clean
EMP11313,VP_ENT_APPS,Priya Nair,Enterprise Productivity Apps,EMP11036,0,DATA_SCI,IC2,US_AUSTIN_DENVER,2.7,0,rating_4,None,163500.0,175800.0,0.93,0.15,76000.0,294200.0,296400.0,290400.0,0.7,15,16,0,Clean
EMP11314,VP_ENT_APPS,Priya Nair,Enterprise Productivity Apps,EMP11028,0,SW_ENG,IC1,US_SEATTLE_NYC,8.1,0,rating_4,None,142300.0,159500.0,0.892,0.15,49500.0,220900.0,214500.0,214300.0,-2.9,34,30,0,Clean
EMP11315,VP_ENT_APPS,Priya Nair,Enterprise Productivity Apps,EMP11005,0,UX_DESIGN,IC3,APAC_SINGAPORE_TOKYO,7.9,0,rating_4,None,166500.0,184000.0,0.905,0.2,112000.0,357100.0,369400.0,368800.0,3.4,82,86,0,Clean
EMP11316,VP_ENT_APPS,Priya Nair,Enterprise Productivity Apps,EMP11036,0,PROD_MGMT,IC1,US_BAY_AREA,3.9,0,rating_4,None,140400.0,166800.0,0.842,0.15,51700.0,204800.0,195100.0,186300.0,-4.7,61,55,0,Clean
EMP11317,VP_ENT_APPS,Priya Nair,Enterprise Productivity Apps,EMP11017,0,UX_DESIGN,IC2,APAC_SINGAPORE_TOKYO,8.1,0,rating_3,None,144900.0,148000.0,0.979,0.15,64000.0,271800.0,260800.0,251700.0,-4.0,48,43,0,Clean
EMP11318,VP_ENT_APPS,Priya Nair,Enterprise Productivity Apps,EMP11022,0,PROD_MGMT,IC2,APAC_SINGAPORE_TOKYO,9.0,0,rating_2,None,139700.0,148000.0,0.944,0.15,64000.0,235900.0,240600.0,241200.0,2.0,56,59,0,Clean
EMP11319,VP_ENT_APPS,Priya Nair,Enterprise Productivity Apps,EMP11025,0,SW_ENG,IC3,US_AUSTIN_DENVER,5.2,0,rating_3,None,211900.0,218500.0,0.97,0.2,133000.0,389200.0,384300.0,384400.0,-1.3,70,68,0,Clean
EMP11320,VP_ENT_APPS,Priya Nair,Enterprise Productivity Apps,EMP11027,0,DATA_SCI,IC1,APAC_SINGAPORE_TOKYO,0.7,0,rating_3,None,103400.0,116000.0,0.891,0.15,36000.0,170600.0,163700.0,154000.0,-4.0,43,38,0,Clean
EMP11321,VP_ENT_APPS,Priya Nair,Enterprise Productivity Apps,EMP11037,0,UX_DESIGN,IC1,US_AUSTIN_DENVER,7.2,0,rating_2,None,112900.0,137800.0,0.819,0.15,42800.0,176500.0,169200.0,170800.0,-4.1,46,41,0,Clean
EMP11322,VP_ENT_APPS,Priya Nair,Enterprise Productivity Apps,EMP11036,0,DATA_SCI,IC2,UK_LONDON,7.9,0,rating_3,None,134700.0,157200.0,0.857,0.15,68000.0,255700.0,263600.0,254400.0,3.1,63,67,0,Clean
EMP11323,VP_ENT_APPS,Priya Nair,Enterprise Productivity Apps,EMP11029,0,SW_ENG,IC1,EU_ZURICH_MUNICH,4.1,0,rating_4,None,101400.0,133400.0,0.76,0.15,41400.0,159200.0,155400.0,153600.0,-2.4,70,67,0,Clean
EMP11324,VP_ENT_APPS,Priya Nair,Enterprise Productivity Apps,EMP11024,0,DATA_SCI,IC1,UK_LONDON,3.3,0,rating_2,None,115700.0,123200.0,0.939,0.15,38200.0,187100.0,171600.0,166700.0,-8.3,6,1,0,Clean
EMP11325,VP_ENT_APPS,Priya Nair,Enterprise Productivity Apps,EMP11015,0,SW_ENG,IC3,APAC_SINGAPORE_TOKYO,4.3,0,rating_4,None,179800.0,184000.0,0.977,0.2,112000.0,345500.0,322500.0,322800.0,-6.7,42,33,0,Clean
EMP11326,VP_ENT_APPS,Priya Nair,Enterprise Productivity Apps,EMP11031,0,DATA_SCI,IC2,US_AUSTIN_DENVER,1.3,0,rating_3,None,142900.0,175800.0,0.813,0.15,76000.0,236400.0,220600.0,219900.0,-6.7,76,67,0,Clean
EMP11327,VP_ENT_APPS,Priya Nair,Enterprise Productivity Apps,EMP11033,0,PROD_MGMT,IC3,EU_ZURICH_MUNICH,5.5,1,rating_5,None,198700.0,211600.0,0.939,0.2,128800.0,420700.0,412200.0,391000.0,-2.0,19,16,0,Clean
EMP11328,VP_ENT_APPS,Priya Nair,Enterprise Productivity Apps,EMP11031,0,UX_DESIGN,IC2,US_SEATTLE_NYC,7.3,0,rating_3,None,191300.0,203500.0,0.94,0.15,88000.0,305800.0,309500.0,291300.0,1.2,42,44,0,Clean
EMP11329,VP_ENT_APPS,Priya Nair,Enterprise Productivity Apps,EMP11027,0,UX_DESIGN,IC3,APAC_SINGAPORE_TOKYO,7.0,0,rating_3,None,169500.0,184000.0,0.921,0.2,112000.0,326100.0,319200.0,305900.0,-2.1,43,40,0,Clean
EMP11330,VP_ENT_APPS,Priya Nair,Enterprise Productivity Apps,EMP11015,0,DATA_SCI,IC2,EU_ZURICH_MUNICH,3.1,0,rating_5,None,169300.0,170200.0,0.995,0.15,73600.0,277400.0,262000.0,257100.0,-5.6,61,54,0,Clean
EMP11331,VP_ENT_APPS,Priya Nair,Enterprise Productivity Apps,EMP11036,0,UX_DESIGN,IC2,EU_ZURICH_MUNICH,2.7,0,rating_4,None,150800.0,170200.0,0.886,0.15,73600.0,252100.0,230400.0,234000.0,-8.6,68,57,0,Clean
EMP11332,VP_ENT_APPS,Priya Nair,Enterprise Productivity Apps,EMP11019,0,PROD_MGMT,IC2,APAC_SINGAPORE_TOKYO,4.3,0,rating_4,None,138800.0,148000.0,0.938,0.15,64000.0,265400.0,246800.0,246100.0,-7.0,65,56,0,Clean
EMP11333,VP_ENT_APPS,Priya Nair,Enterprise Productivity Apps,EMP11040,0,DATA_SCI,IC3,APAC_SINGAPORE_TOKYO,6.1,0,rating_5,None,186900.0,184000.0,1.016,0.2,112000.0,406400.0,390900.0,373900.0,-3.8,38,33,0,Clean
EMP11334,VP_ENT_APPS,Priya Nair,Enterprise Productivity Apps,EMP11011,0,SW_ENG,IC2,US_SEATTLE_NYC,6.1,0,rating_3,None,197400.0,203500.0,0.97,0.15,88000.0,297900.0,289500.0,288700.0,-2.8,29,25,1,Clean
EMP11335,VP_ENT_APPS,Priya Nair,Enterprise Productivity Apps,EMP11005,0,DATA_SCI,IC2,US_SEATTLE_NYC,3.3,0,rating_3,None,190300.0,203500.0,0.935,0.15,88000.0,302300.0,314200.0,320000.0,3.9,36,41,0,Clean
EMP11336,VP_ENT_APPS,Priya Nair,Enterprise Productivity Apps,EMP11010,0,UX_DESIGN,IC1,US_AUSTIN_DENVER,4.9,0,rating_1,None,136800.0,137800.0,0.993,0.15,42800.0,215000.0,217700.0,217500.0,1.3,12,14,0,Clean
EMP11337,VP_ENT_APPS,Priya Nair,Enterprise Productivity Apps,EMP11026,0,PROD_MGMT,IC2,EU_ZURICH_MUNICH,2.7,0,rating_3,None,173800.0,170200.0,1.021,0.15,73600.0,278100.0,286200.0,290900.0,2.9,26,30,0,Clean
EMP11338,VP_ENT_APPS,Priya Nair,Enterprise Productivity Apps,EMP11035,0,PROD_MGMT,IC1,APAC_SINGAPORE_TOKYO,6.9,0,rating_3,None,115700.0,116000.0,0.997,0.15,36000.0,183800.0,167600.0,166700.0,-8.8,65,54,0,Clean
EMP11339,VP_ENT_APPS,Priya Nair,Enterprise Productivity Apps,EMP11021,0,SW_ENG,IC1,US_SEATTLE_NYC,5.4,0,rating_3,None,121200.0,159500.0,0.76,0.15,49500.0,189800.0,182200.0,180300.0,-4.0,38,33,0,Clean
EMP11340,VP_ENT_APPS,Priya Nair,Enterprise Productivity Apps,EMP11034,0,UX_DESIGN,IC2,APAC_SINGAPORE_TOKYO,7.6,0,rating_5,None,127400.0,148000.0,0.861,0.15,64000.0,242600.0,247200.0,234400.0,1.9,40,42,0,Clean
EMP11341,VP_ENT_APPS,Priya Nair,Enterprise Productivity Apps,EMP11017,0,SW_ENG,IC2,US_BAY_AREA,2.2,0,rating_3,None,221800.0,212700.0,1.043,0.15,92000.0,351500.0,327900.0,311700.0,-6.7,1,1,0,Clean
EMP11342,VP_ENT_APPS,Priya Nair,Enterprise Productivity Apps,EMP11015,0,UX_DESIGN,IC2,EU_ZURICH_MUNICH,3.8,0,rating_2,None,156200.0,170200.0,0.918,0.15,73600.0,287000.0,285800.0,280100.0,-0.4,83,82,0,Clean
EMP11343,VP_ENT_APPS,Priya Nair,Enterprise Productivity Apps,EMP11037,0,UX_DESIGN,IC1,EU_ZURICH_MUNICH,1.5,0,rating_3,None,135700.0,133400.0,1.017,0.15,41400.0,199100.0,185000.0,174600.0,-7.1,12,3,0,Clean
EMP11344,VP_ENT_APPS,Priya Nair,Enterprise Productivity Apps,EMP11012,0,SW_ENG,IC3,US_BAY_AREA,6.2,0,rating_3,None,234100.0,264500.0,0.885,0.2,161000.0,463600.0,452500.0,448200.0,-2.4,30,27,0,Clean
EMP11345,VP_ENT_APPS,Priya Nair,Enterprise Productivity Apps,EMP11031,0,SW_ENG,IC2,US_BAY_AREA,8.1,0,rating_2,None,167400.0,212700.0,0.787,0.15,92000.0,264200.0,242500.0,242000.0,-8.2,39,28,0,Clean
EMP11346,VP_ENT_APPS,Priya Nair,Enterprise Productivity Apps,EMP11021,0,SW_ENG,IC2,EU_ZURICH_MUNICH,2.2,0,rating_3,None,151100.0,170200.0,0.888,0.15,73600.0,271800.0,277600.0,275200.0,2.1,52,55,0,Clean
EMP11347,VP_ENT_APPS,Priya Nair,Enterprise Productivity Apps,EMP11038,0,SW_ENG,IC1,US_BAY_AREA,7.4,0,rating_5,None,170800.0,166800.0,1.024,0.15,51700.0,251600.0,258900.0,243400.0,2.9,53,57,0,Clean
EMP11348,VP_ENT_APPS,Priya Nair,Enterprise Productivity Apps,EMP11022,0,DATA_SCI,IC4,UK_LONDON,2.8,1,rating_4,None,228200.0,242200.0,0.942,0.25,212500.0,551800.0,566500.0,550200.0,2.7,33,37,1,Clean
EMP11349,VP_ENT_APPS,Priya Nair,Enterprise Productivity Apps,EMP11026,0,PROD_MGMT,IC3,US_BAY_AREA,3.3,0,rating_4,None,233300.0,264500.0,0.882,0.2,161000.0,468100.0,426100.0,415800.0,-9.0,16,4,0,Clean
EMP11350,VP_ENT_APPS,Priya Nair,Enterprise Productivity Apps,EMP11038,0,DATA_SCI,IC1,US_BAY_AREA,1.7,0,rating_4,None,149800.0,166800.0,0.898,0.15,51700.0,220200.0,216100.0,208200.0,-1.9,51,49,0,Clean
EMP11351,VP_ENT_APPS,Priya Nair,Enterprise Productivity Apps,EMP11037,0,DATA_SCI,IC2,US_SEATTLE_NYC,5.3,0,rating_1,None,173200.0,203500.0,0.851,0.15,88000.0,284500.0,279400.0,282700.0,-1.8,69,67,0,Clean
EMP11352,VP_ENT_APPS,Priya Nair,Enterprise Productivity Apps,EMP11032,0,SW_ENG,IC3,US_AUSTIN_DENVER,0.7,0,rating_3,None,225900.0,218500.0,1.034,0.2,133000.0,449200.0,442000.0,447200.0,-1.6,60,58,0,Clean
EMP11353,VP_ENT_APPS,Priya Nair,Enterprise Productivity Apps,EMP11009,0,SW_ENG,IC1,US_SEATTLE_NYC,7.9,0,rating_5,None,129400.0,159500.0,0.811,0.15,49500.0,208700.0,204100.0,201000.0,-2.2,68,65,0,Clean
EMP11354,VP_ENT_APPS,Priya Nair,Enterprise Productivity Apps,EMP11020,0,SW_ENG,IC4,EU_ZURICH_MUNICH,4.4,0,rating_2,None,231800.0,262200.0,0.884,0.25,230000.0,544300.0,517600.0,526200.0,-4.9,62,56,0,Clean
EMP11355,VP_ENT_APPS,Priya Nair,Enterprise Productivity Apps,EMP11006,0,UX_DESIGN,IC2,UK_LONDON,2.9,0,rating_4,None,138700.0,157200.0,0.882,0.15,68000.0,254400.0,259100.0,255000.0,1.8,83,85,0,Clean
EMP11356,VP_ENT_APPS,Priya Nair,Enterprise Productivity Apps,EMP11038,0,UX_DESIGN,IC2,UK_LONDON,6.5,0,rating_3,None,142400.0,157200.0,0.906,0.15,68000.0,252300.0,232000.0,219100.0,-8.0,66,56,0,Clean
EMP11357,VP_ENT_APPS,Priya Nair,Enterprise Productivity Apps,EMP11017,0,PROD_MGMT,IC2,US_AUSTIN_DENVER,4.2,0,rating_3,None,165100.0,175800.0,0.939,0.15,76000.0,272800.0,277800.0,262100.0,1.8,46,48,0,Clean
EMP11358,VP_ENT_APPS,Priya Nair,Enterprise Productivity Apps,EMP11001,0,UX_DESIGN,IC3,US_SEATTLE_NYC,3.9,0,rating_4,None,239600.0,253000.0,0.947,0.2,154000.0,407800.0,410000.0,387500.0,0.5,33,34,0,Clean
EMP11359,VP_ENT_APPS,Priya Nair,Enterprise Productivity Apps,EMP11022,0,SW_ENG,IC2,UK_LONDON,5.7,0,rating_3,None,152800.0,157200.0,0.972,0.15,68000.0,283400.0,276400.0,280100.0,-2.5,92,89,0,Clean
EMP11360,VP_ENT_APPS,Priya Nair,Enterprise Productivity Apps,EMP11018,0,SW_ENG,IC1,UK_LONDON,1.7,0,rating_4,None,93600.0,123200.0,0.76,0.15,38200.0,161300.0,161800.0,155200.0,0.3,45,45,0,Clean
EMP11361,VP_ENT_APPS,Priya Nair,Enterprise Productivity Apps,EMP11025,0,PROD_MGMT,IC3,US_BAY_AREA,5.4,0,rating_3,None,234300.0,264500.0,0.886,0.2,161000.0,449100.0,464100.0,439600.0,3.3,53,57,0,Clean
EMP11362,VP_ENT_APPS,Priya Nair,Enterprise Productivity Apps,EMP11040,0,DATA_SCI,IC1,US_BAY_AREA,8.5,0,rating_3,None,168800.0,166800.0,1.012,0.15,51700.0,249200.0,228200.0,221100.0,-8.4,48,37,0,Clean
EMP11363,VP_ENT_APPS,Priya Nair,Enterprise Productivity Apps,EMP11029,0,UX_DESIGN,IC1,US_SEATTLE_NYC,8.2,0,rating_4,None,157100.0,159500.0,0.985,0.15,49500.0,234300.0,213400.0,208900.0,-8.9,59,47,0,Clean
EMP11364,VP_ENT_APPS,Priya Nair,Enterprise Productivity Apps,EMP11006,0,PROD_MGMT,IC3,EU_ZURICH_MUNICH,5.2,0,rating_3,None,187100.0,211600.0,0.884,0.2,128800.0,399300.0,390500.0,380000.0,-2.2,16,13,0,Clean
EMP11365,VP_ENT_APPS,Priya Nair,Enterprise Productivity Apps,EMP11027,0,PROD_MGMT,IC1,US_AUSTIN_DENVER,1.7,0,rating_3,None,141200.0,137800.0,1.025,0.15,42800.0,222200.0,225100.0,220900.0,1.3,41,43,0,Clean
EMP11366,VP_ENT_APPS,Priya Nair,Enterprise Productivity Apps,EMP11020,0,SW_ENG,IC3,US_SEATTLE_NYC,5.7,0,rating_2,None,253500.0,253000.0,1.002,0.2,154000.0,426400.0,407500.0,401400.0,-4.4,30,24,0,Clean
EMP11367,VP_ENT_APPS,Priya Nair,Enterprise Productivity Apps,EMP11012,0,PROD_MGMT,IC1,US_SEATTLE_NYC,7.9,0,rating_3,None,164300.0,159500.0,1.03,0.15,49500.0,238900.0,244800.0,234900.0,2.5,44,47,0,Clean
EMP11368,VP_ENT_APPS,Priya Nair,Enterprise Productivity Apps,EMP11034,0,PROD_MGMT,IC1,EU_ZURICH_MUNICH,3.0,0,rating_3,None,107300.0,133400.0,0.804,0.15,41400.0,166600.0,167200.0,160500.0,0.4,68,69,0,Clean
EMP11369,VP_ENT_APPS,Priya Nair,Enterprise Productivity Apps,EMP11013,0,UX_DESIGN,IC2,US_AUSTIN_DENVER,5.1,0,rating_5,None,163700.0,175800.0,0.931,0.15,76000.0,295100.0,280000.0,283700.0,-5.1,30,23,0,Clean
EMP11370,VP_ENT_APPS,Priya Nair,Enterprise Productivity Apps,EMP11004,0,DATA_SCI,IC2,US_AUSTIN_DENVER,5.3,0,rating_3,None,156500.0,175800.0,0.89,0.15,76000.0,251200.0,260000.0,247700.0,3.5,29,34,0,Clean
EMP11371,VP_ENT_APPS,Priya Nair,Enterprise Productivity Apps,EMP11001,0,PROD_MGMT,IC2,US_AUSTIN_DENVER,1.3,0,rating_3,None,171200.0,175800.0,0.974,0.15,76000.0,291500.0,288000.0,291200.0,-1.2,69,67,0,Clean
EMP11372,VP_ENT_APPS,Priya Nair,Enterprise Productivity Apps,EMP11007,0,DATA_SCI,IC2,US_BAY_AREA,6.3,0,rating_2,None,175300.0,212700.0,0.824,0.15,92000.0,297800.0,288200.0,279900.0,-3.2,30,26,0,Clean
EMP11373,VP_ENT_APPS,Priya Nair,Enterprise Productivity Apps,EMP11002,0,PROD_MGMT,IC2,US_SEATTLE_NYC,6.2,0,rating_3,None,172400.0,203500.0,0.847,0.15,88000.0,293600.0,305300.0,308800.0,4.0,99,99,0,Clean
EMP11374,VP_ENT_APPS,Priya Nair,Enterprise Productivity Apps,EMP11021,0,PROD_MGMT,IC3,US_BAY_AREA,7.8,0,rating_4,None,277200.0,264500.0,1.048,0.2,161000.0,455200.0,433100.0,418800.0,-4.9,55,49,0,Clean
EMP11375,VP_ENT_APPS,Priya Nair,Enterprise Productivity Apps,EMP11023,0,PROD_MGMT,IC4,UK_LONDON,6.5,0,rating_1,None,204700.0,242200.0,0.845,0.25,212500.0,587900.0,572600.0,573300.0,-2.6,27,24,0,Clean
EMP11376,VP_ENT_APPS,Priya Nair,Enterprise Productivity Apps,EMP11030,0,SW_ENG,IC2,US_AUSTIN_DENVER,0.6,1,rating_3,None,155800.0,175800.0,0.886,0.15,76000.0,256400.0,258400.0,244300.0,0.8,21,22,0,Clean
EMP11377,VP_ENT_APPS,Priya Nair,Enterprise Productivity Apps,EMP11040,0,PROD_MGMT,IC1,APAC_SINGAPORE_TOKYO,4.1,1,rating_3,None,118000.0,116000.0,1.017,0.15,36000.0,181800.0,187600.0,189500.0,3.2,55,59,0,Clean
EMP11378,VP_ENT_APPS,Priya Nair,Enterprise Productivity Apps,EMP11019,0,PROD_MGMT,IC1,APAC_SINGAPORE_TOKYO,5.1,0,rating_3,None,102800.0,116000.0,0.886,0.15,36000.0,176300.0,174600.0,166600.0,-1.0,45,44,0,Clean
EMP11379,VP_ENT_APPS,Priya Nair,Enterprise Productivity Apps,EMP11016,0,PROD_MGMT,IC3,US_SEATTLE_NYC,0.7,0,rating_1,None,247200.0,253000.0,0.977,0.2,154000.0,449700.0,464200.0,436800.0,3.2,59,63,0,Clean
EMP11380,VP_ENT_APPS,Priya Nair,Enterprise Productivity Apps,EMP11036,0,DATA_SCI,IC1,APAC_SINGAPORE_TOKYO,1.6,0,rating_4,None,99600.0,116000.0,0.859,0.15,36000.0,175200.0,170800.0,170000.0,-2.5,59,56,0,Clean
EMP11381,VP_ENT_APPS,Priya Nair,Enterprise Productivity Apps,EMP11014,0,PROD_MGMT,IC2,US_AUSTIN_DENVER,7.7,0,rating_3,None,133600.0,175800.0,0.76,0.15,76000.0,221700.0,215900.0,209500.0,-2.6,22,19,0,Clean
EMP11382,VP_ENT_APPS,Priya Nair,Enterprise Productivity Apps,EMP11021,0,UX_DESIGN,IC1,APAC_SINGAPORE_TOKYO,2.9,0,rating_3,None,104900.0,116000.0,0.904,0.15,36000.0,165900.0,153800.0,149400.0,-7.3,55,46,0,Clean
EMP11383,VP_ENT_APPS,Priya Nair,Enterprise Productivity Apps,EMP11017,0,SW_ENG,IC1,APAC_SINGAPORE_TOKYO,1.1,0,rating_3,None,113200.0,116000.0,0.976,0.15,36000.0,186200.0,176900.0,178400.0,-5.0,99,92,0,Clean
EMP11384,VP_ENT_APPS,Priya Nair,Enterprise Productivity Apps,EMP11003,0,DATA_SCI,IC2,APAC_SINGAPORE_TOKYO,0.6,0,rating_3,None,142100.0,148000.0,0.96,0.15,64000.0,253600.0,244400.0,234700.0,-3.6,57,52,0,Clean
EMP11385,VP_ENT_APPS,Priya Nair,Enterprise Productivity Apps,EMP11008,0,DATA_SCI,IC1,UK_LONDON,4.4,0,rating_4,None,113000.0,123200.0,0.917,0.15,38200.0,183500.0,189800.0,192400.0,3.4,65,69,0,Clean
EMP11386,VP_ENT_APPS,Priya Nair,Enterprise Productivity Apps,EMP11037,0,DATA_SCI,IC2,US_AUSTIN_DENVER,0.9,0,rating_2,None,175300.0,175800.0,0.997,0.15,76000.0,293300.0,283100.0,269900.0,-3.5,15,10,0,Clean
EMP11387,VP_ENT_APPS,Priya Nair,Enterprise Productivity Apps,EMP11016,0,UX_DESIGN,IC2,US_BAY_AREA,0.7,0,rating_3,None,199700.0,212700.0,0.939,0.15,92000.0,300800.0,291800.0,285100.0,-3.0,43,39,0,Clean
EMP11388,VP_ENT_APPS,Priya Nair,Enterprise Productivity Apps,EMP11001,0,SW_ENG,IC3,US_BAY_AREA,1.9,0,rating_3,None,251800.0,264500.0,0.952,0.2,161000.0,421600.0,394000.0,392400.0,-6.5,8,1,0,Clean
EMP11389,VP_ENT_APPS,Priya Nair,Enterprise Productivity Apps,EMP11039,0,UX_DESIGN,IC2,US_BAY_AREA,5.3,0,rating_4,None,174000.0,212700.0,0.818,0.15,92000.0,304500.0,305700.0,304100.0,0.4,94,95,0,Clean
EMP11390,VP_ENT_APPS,Priya Nair,Enterprise Productivity Apps,EMP11008,0,UX_DESIGN,IC2,EU_ZURICH_MUNICH,4.5,0,rating_2,None,144500.0,170200.0,0.849,0.15,73600.0,246700.0,248500.0,247300.0,0.7,74,75,0,Clean
EMP11391,VP_ENT_APPS,Priya Nair,Enterprise Productivity Apps,EMP11007,0,SW_ENG,IC2,APAC_SINGAPORE_TOKYO,2.3,0,rating_3,None,162800.0,148000.0,1.1,0.15,64000.0,276600.0,280800.0,277500.0,1.5,75,77,0,Clean
EMP11392,VP_ENT_APPS,Priya Nair,Enterprise Productivity Apps,EMP11025,0,UX_DESIGN,IC2,EU_ZURICH_MUNICH,6.1,0,rating_2,None,166300.0,170200.0,0.977,0.15,73600.0,272500.0,279200.0,281800.0,2.5,37,40,0,Clean
EMP11393,VP_ENT_APPS,Priya Nair,Enterprise Productivity Apps,EMP11009,0,DATA_SCI,IC1,US_SEATTLE_NYC,1.6,0,rating_3,None,152200.0,159500.0,0.954,0.15,49500.0,216100.0,222700.0,226800.0,3.1,52,56,0,Clean
EMP11394,VP_ENT_APPS,Priya Nair,Enterprise Productivity Apps,EMP11004,0,PROD_MGMT,IC1,US_AUSTIN_DENVER,4.1,0,rating_3,None,117700.0,137800.0,0.854,0.15,42800.0,190500.0,186400.0,176900.0,-2.2,54,51,0,Clean
EMP11395,VP_ENT_APPS,Priya Nair,Enterprise Productivity Apps,EMP11024,0,UX_DESIGN,IC2,APAC_SINGAPORE_TOKYO,8.5,1,rating_3,None,140000.0,148000.0,0.946,0.15,64000.0,230400.0,215900.0,203800.0,-6.3,53,45,0,Clean
EMP11396,VP_ENT_APPS,Priya Nair,Enterprise Productivity Apps,EMP11015,0,UX_DESIGN,IC3,APAC_SINGAPORE_TOKYO,8.1,0,rating_4,None,156200.0,184000.0,0.849,0.2,112000.0,313600.0,300600.0,287200.0,-4.1,60,55,0,Clean
EMP11397,VP_ENT_APPS,Priya Nair,Enterprise Productivity Apps,EMP11033,0,PROD_MGMT,IC1,US_BAY_AREA,8.4,0,rating_1,None,141900.0,166800.0,0.851,0.15,51700.0,202700.0,203300.0,200800.0,0.3,65,65,0,Clean
EMP11398,VP_ENT_APPS,Priya Nair,Enterprise Productivity Apps,EMP11030,0,SW_ENG,IC2,EU_ZURICH_MUNICH,8.0,1,rating_2,None,148800.0,170200.0,0.874,0.15,73600.0,245600.0,242600.0,236100.0,-1.2,49,47,0,Clean
EMP11399,VP_ENT_APPS,Priya Nair,Enterprise Productivity Apps,EMP11005,0,DATA_SCI,IC2,EU_ZURICH_MUNICH,2.6,0,rating_3,None,182600.0,170200.0,1.073,0.15,73600.0,286700.0,296100.0,279000.0,3.3,67,71,0,Clean
EMP11400,VP_ENT_APPS,Priya Nair,Enterprise Productivity Apps,EMP11035,0,SW_ENG,IC3,EU_ZURICH_MUNICH,4.8,0,rating_3,None,185800.0,211600.0,0.878,0.2,128800.0,356200.0,329600.0,322700.0,-7.5,61,51,0,Clean
EMP11401,VP_ENT_APPS,Priya Nair,Enterprise Productivity Apps,EMP11036,0,DATA_SCI,IC3,UK_LONDON,4.9,0,rating_4,None,155600.0,195500.0,0.796,0.2,119000.0,354700.0,365700.0,346200.0,3.1,62,66,0,Clean
EMP11402,VP_ENT_APPS,Priya Nair,Enterprise Productivity Apps,EMP11024,0,PROD_MGMT,IC1,US_AUSTIN_DENVER,6.6,0,rating_5,None,124600.0,137800.0,0.904,0.15,42800.0,186000.0,176700.0,177000.0,-5.0,58,52,0,Clean
EMP11403,VP_ENT_APPS,Priya Nair,Enterprise Productivity Apps,EMP11023,0,DATA_SCI,IC1,US_SEATTLE_NYC,1.7,0,rating_2,None,139600.0,159500.0,0.875,0.15,49500.0,218600.0,202300.0,194900.0,-7.5,56,46,0,Clean
EMP11404,VP_ENT_APPS,Priya Nair,Enterprise Productivity Apps,EMP11027,0,PROD_MGMT,IC2,APAC_SINGAPORE_TOKYO,0.8,0,rating_3,None,126100.0,148000.0,0.852,0.15,64000.0,233600.0,228200.0,230700.0,-2.3,45,42,0,Clean
EMP11405,VP_ENT_APPS,Priya Nair,Enterprise Productivity Apps,EMP11039,0,SW_ENG,IC4,APAC_SINGAPORE_TOKYO,5.4,0,rating_3,None,195900.0,228000.0,0.859,0.25,200000.0,570800.0,572200.0,568000.0,0.2,35,35,0,Clean
EMP11406,VP_ENT_APPS,Priya Nair,Enterprise Productivity Apps,EMP11015,0,PROD_MGMT,IC1,US_SEATTLE_NYC,6.2,0,rating_5,None,158700.0,159500.0,0.995,0.15,49500.0,231100.0,239100.0,241800.0,3.5,27,32,0,Clean
EMP11407,VP_ENT_APPS,Priya Nair,Enterprise Productivity Apps,EMP11016,0,PROD_MGMT,IC1,US_SEATTLE_NYC,4.7,0,rating_3,None,148000.0,159500.0,0.928,0.15,49500.0,224300.0,214800.0,213400.0,-4.2,50,45,1,Clean
EMP11408,VP_ENT_APPS,Priya Nair,Enterprise Productivity Apps,EMP11018,0,DATA_SCI,IC2,APAC_SINGAPORE_TOKYO,6.6,0,rating_3,None,122400.0,148000.0,0.827,0.15,64000.0,240600.0,231500.0,230800.0,-3.8,75,70,0,Clean
EMP11409,VP_ENT_APPS,Priya Nair,Enterprise Productivity Apps,EMP11022,0,PROD_MGMT,IC3,US_SEATTLE_NYC,3.7,0,rating_5,None,209200.0,253000.0,0.827,0.2,154000.0,397100.0,398900.0,399800.0,0.5,64,65,0,Clean
EMP11410,VP_ENT_APPS,Priya Nair,Enterprise Productivity Apps,EMP11028,0,PROD_MGMT,IC1,US_SEATTLE_NYC,8.5,0,rating_3,None,154100.0,159500.0,0.966,0.15,49500.0,235900.0,232200.0,235500.0,-1.6,62,60,0,Clean
EMP11411,VP_ENT_APPS,Priya Nair,Enterprise Productivity Apps,EMP11020,0,PROD_MGMT,IC2,US_SEATTLE_NYC,2.0,0,rating_3,None,186400.0,203500.0,0.916,0.15,88000.0,305400.0,293700.0,295900.0,-3.8,20,15,0,Clean
EMP11412,VP_ENT_APPS,Priya Nair,Enterprise Productivity Apps,EMP11016,0,PROD_MGMT,IC1,US_SEATTLE_NYC,0.9,0,rating_3,None,146400.0,159500.0,0.918,0.15,49500.0,210700.0,195100.0,196100.0,-7.4,93,83,0,Clean
EMP11413,VP_ENT_APPS,Priya Nair,Enterprise Productivity Apps,EMP11017,0,UX_DESIGN,IC2,US_SEATTLE_NYC,7.4,0,rating_3,None,187400.0,203500.0,0.921,0.15,88000.0,314600.0,322500.0,308700.0,2.5,38,41,0,Clean
EMP11414,VP_ENT_APPS,Priya Nair,Enterprise Productivity Apps,EMP11027,0,DATA_SCI,IC1,US_SEATTLE_NYC,5.0,1,rating_4,None,164400.0,159500.0,1.031,0.15,49500.0,241900.0,243100.0,238200.0,0.5,84,85,0,Clean
EMP11415,VP_ENT_APPS,Priya Nair,Enterprise Productivity Apps,EMP11011,0,SW_ENG,IC1,US_BAY_AREA,8.7,0,rating_2,None,141800.0,166800.0,0.85,0.15,51700.0,207700.0,193200.0,187200.0,-7.0,74,65,0,Clean
EMP11416,VP_ENT_APPS,Priya Nair,Enterprise Productivity Apps,EMP11012,0,DATA_SCI,IC2,US_AUSTIN_DENVER,7.9,0,rating_4,None,158000.0,175800.0,0.899,0.15,76000.0,254200.0,237700.0,241800.0,-6.5,88,80,0,Clean
EMP11417,VP_ENT_APPS,Priya Nair,Enterprise Productivity Apps,EMP11002,0,DATA_SCI,IC2,US_AUSTIN_DENVER,3.3,0,rating_3,None,176200.0,175800.0,1.002,0.15,76000.0,288700.0,284400.0,276400.0,-1.5,21,19,0,Clean
EMP11418,VP_ENT_APPS,Priya Nair,Enterprise Productivity Apps,EMP11030,0,PROD_MGMT,IC1,US_BAY_AREA,1.0,0,rating_4,None,149600.0,166800.0,0.897,0.15,51700.0,228600.0,232200.0,235600.0,1.6,46,48,0,Clean
EMP11419,VP_ENT_APPS,Priya Nair,Enterprise Productivity Apps,EMP11024,0,SW_ENG,IC1,US_BAY_AREA,6.1,0,rating_4,None,158500.0,166800.0,0.95,0.15,51700.0,223400.0,212300.0,205000.0,-5.0,54,48,0,Clean
EMP11420,VP_ENT_APPS,Priya Nair,Enterprise Productivity Apps,EMP11008,0,PROD_MGMT,IC2,US_SEATTLE_NYC,1.2,0,rating_2,None,206600.0,203500.0,1.015,0.15,88000.0,336100.0,329000.0,325800.0,-2.1,45,42,0,Clean
EMP11421,VP_ENT_APPS,Priya Nair,Enterprise Productivity Apps,EMP11003,0,UX_DESIGN,IC1,UK_LONDON,2.1,0,rating_2,None,106300.0,123200.0,0.863,0.15,38200.0,164400.0,165000.0,163000.0,0.4,36,37,0,Clean
EMP11422,VP_ENT_APPS,Priya Nair,Enterprise Productivity Apps,EMP11032,0,PROD_MGMT,IC3,US_SEATTLE_NYC,1.9,0,rating_3,None,221400.0,253000.0,0.875,0.2,154000.0,430800.0,404000.0,387300.0,-6.2,1,1,0,Clean
EMP11423,VP_ENT_APPS,Priya Nair,Enterprise Productivity Apps,EMP11029,0,UX_DESIGN,IC1,EU_ZURICH_MUNICH,2.4,0,rating_3,None,116900.0,133400.0,0.876,0.15,41400.0,188200.0,191500.0,192000.0,1.8,43,45,0,Clean
EMP11424,VP_ENT_APPS,Priya Nair,Enterprise Productivity Apps,EMP11009,0,DATA_SCI,IC1,US_BAY_AREA,2.1,0,rating_3,None,126800.0,166800.0,0.76,0.15,51700.0,185200.0,192000.0,181200.0,3.7,49,54,0,Clean
EMP11425,VP_ENT_APPS,Priya Nair,Enterprise Productivity Apps,EMP11008,0,UX_DESIGN,IC3,US_SEATTLE_NYC,8.8,0,rating_3,None,224400.0,253000.0,0.887,0.2,154000.0,395300.0,392900.0,399300.0,-0.6,59,58,0,Clean
EMP11426,VP_ENT_APPS,Priya Nair,Enterprise Productivity Apps,EMP11036,0,UX_DESIGN,IC2,APAC_SINGAPORE_TOKYO,7.8,0,rating_3,None,152000.0,148000.0,1.027,0.15,64000.0,260200.0,260700.0,250500.0,0.2,77,77,0,Clean
EMP11427,VP_ENT_APPS,Priya Nair,Enterprise Productivity Apps,EMP11031,0,DATA_SCI,IC1,US_AUSTIN_DENVER,8.3,0,rating_5,None,129900.0,137800.0,0.943,0.15,42800.0,203200.0,188900.0,192000.0,-7.0,64,55,0,Clean
EMP11428,VP_ENT_APPS,Priya Nair,Enterprise Productivity Apps,EMP11007,0,PROD_MGMT,IC3,US_AUSTIN_DENVER,6.3,0,rating_5,None,213000.0,218500.0,0.975,0.2,133000.0,414200.0,415500.0,412700.0,0.3,52,52,0,Clean
EMP11429,VP_ENT_APPS,Priya Nair,Enterprise Productivity Apps,EMP11012,0,PROD_MGMT,IC3,UK_LONDON,3.8,0,rating_4,None,186100.0,195500.0,0.952,0.2,119000.0,365900.0,350600.0,330900.0,-4.2,57,52,0,Clean
EMP11430,VP_ENT_APPS,Priya Nair,Enterprise Productivity Apps,EMP11031,0,UX_DESIGN,IC3,US_BAY_AREA,0.6,0,rating_2,None,246200.0,264500.0,0.931,0.2,161000.0,469900.0,444500.0,447300.0,-5.4,43,36,0,Clean
EMP11431,VP_ENT_APPS,Priya Nair,Enterprise Productivity Apps,EMP11015,0,PROD_MGMT,IC3,US_BAY_AREA,1.0,0,rating_1,None,231400.0,264500.0,0.875,0.2,161000.0,412100.0,395700.0,384700.0,-4.0,35,30,0,Clean
EMP11432,VP_ENT_APPS,Priya Nair,Enterprise Productivity Apps,EMP11026,0,DATA_SCI,IC1,APAC_SINGAPORE_TOKYO,7.3,0,rating_3,None,103600.0,116000.0,0.893,0.15,36000.0,158400.0,150700.0,148500.0,-4.9,58,52,0,Clean
EMP11433,VP_ENT_APPS,Priya Nair,Enterprise Productivity Apps,EMP11005,0,DATA_SCI,IC2,APAC_SINGAPORE_TOKYO,6.2,0,rating_4,None,134200.0,148000.0,0.907,0.15,64000.0,235500.0,222600.0,219400.0,-5.5,62,55,0,Clean
EMP11434,VP_ENT_APPS,Priya Nair,Enterprise Productivity Apps,EMP11025,0,UX_DESIGN,IC2,EU_ZURICH_MUNICH,2.7,0,rating_3,None,148400.0,170200.0,0.872,0.15,73600.0,257800.0,234600.0,223100.0,-9.0,79,67,0,Clean
EMP11435,VP_ENT_APPS,Priya Nair,Enterprise Productivity Apps,EMP11011,0,SW_ENG,IC2,EU_ZURICH_MUNICH,2.6,0,rating_2,None,164200.0,170200.0,0.965,0.15,73600.0,262800.0,241700.0,231100.0,-8.0,31,21,0,Clean
EMP11436,VP_ENT_APPS,Priya Nair,Enterprise Productivity Apps,EMP11040,0,DATA_SCI,IC2,UK_LONDON,7.3,0,rating_3,None,169800.0,157200.0,1.08,0.15,68000.0,280400.0,287700.0,275800.0,2.6,66,69,0,Clean
EMP11437,VP_ENT_APPS,Priya Nair,Enterprise Productivity Apps,EMP11012,0,DATA_SCI,IC1,APAC_SINGAPORE_TOKYO,4.1,0,rating_3,None,106400.0,116000.0,0.917,0.15,36000.0,172600.0,171000.0,169600.0,-0.9,25,24,0,Clean
EMP11438,VP_ENT_APPS,Priya Nair,Enterprise Productivity Apps,EMP11014,0,PROD_MGMT,IC3,US_SEATTLE_NYC,7.2,0,rating_4,None,236000.0,253000.0,0.933,0.2,154000.0,415400.0,429500.0,426800.0,3.4,59,63,0,Clean
EMP11439,VP_ENT_APPS,Priya Nair,Enterprise Productivity Apps,EMP11012,0,UX_DESIGN,IC1,US_BAY_AREA,2.9,1,rating_3,None,160300.0,166800.0,0.961,0.15,51700.0,230400.0,233900.0,225000.0,1.5,79,81,0,Clean
EMP11440,VP_ENT_APPS,Priya Nair,Enterprise Productivity Apps,EMP11019,0,SW_ENG,IC2,US_BAY_AREA,3.0,0,rating_3,None,218400.0,212700.0,1.027,0.15,92000.0,341000.0,344100.0,337100.0,0.9,99,99,0,Clean
EMP11441,VP_ENT_APPS,Priya Nair,Enterprise Productivity Apps,EMP11029,0,SW_ENG,IC3,UK_LONDON,4.0,0,rating_3,None,183400.0,195500.0,0.938,0.2,119000.0,341500.0,348900.0,328900.0,2.2,30,33,0,Clean
EMP11442,VP_ENT_APPS,Priya Nair,Enterprise Productivity Apps,EMP11015,0,SW_ENG,IC2,EU_ZURICH_MUNICH,5.9,0,rating_3,None,152700.0,170200.0,0.897,0.15,73600.0,282100.0,272900.0,258900.0,-3.3,1,1,0,Clean
EMP11443,VP_ENT_APPS,Priya Nair,Enterprise Productivity Apps,EMP11009,0,DATA_SCI,IC2,US_SEATTLE_NYC,5.0,0,rating_3,None,183200.0,203500.0,0.9,0.15,88000.0,279000.0,267200.0,253500.0,-4.2,59,54,0,Clean
EMP11444,VP_ENT_APPS,Priya Nair,Enterprise Productivity Apps,EMP11014,0,UX_DESIGN,IC2,US_BAY_AREA,3.8,0,rating_4,None,205900.0,212700.0,0.968,0.15,92000.0,327200.0,322000.0,311300.0,-1.6,26,24,0,Clean
EMP11445,VP_ENT_APPS,Priya Nair,Enterprise Productivity Apps,EMP11027,0,UX_DESIGN,IC2,US_AUSTIN_DENVER,7.2,0,rating_4,None,180200.0,175800.0,1.025,0.15,76000.0,286900.0,269300.0,268400.0,-6.1,45,37,0,Clean
EMP11446,VP_ENT_APPS,Priya Nair,Enterprise Productivity Apps,EMP11020,0,DATA_SCI,IC2,EU_ZURICH_MUNICH,4.3,0,rating_4,None,169200.0,170200.0,0.994,0.15,73600.0,290800.0,297100.0,285800.0,2.2,38,41,0,Clean
EMP11447,VP_ENT_APPS,Priya Nair,Enterprise Productivity Apps,EMP11018,0,PROD_MGMT,IC3,US_BAY_AREA,4.1,0,rating_3,None,213200.0,264500.0,0.806,0.2,161000.0,385000.0,352700.0,340800.0,-8.4,46,35,0,Clean
EMP11448,VP_ENT_APPS,Priya Nair,Enterprise Productivity Apps,EMP11031,0,UX_DESIGN,IC2,EU_ZURICH_MUNICH,1.4,0,rating_4,None,147700.0,170200.0,0.868,0.15,73600.0,272200.0,257200.0,246900.0,-5.5,26,19,1,Clean
EMP11449,VP_ENT_APPS,Priya Nair,Enterprise Productivity Apps,EMP11037,0,SW_ENG,IC2,APAC_SINGAPORE_TOKYO,2.9,0,rating_4,None,144200.0,148000.0,0.974,0.15,64000.0,245900.0,251000.0,242900.0,2.1,94,97,0,Clean
EMP11450,VP_ENT_APPS,Priya Nair,Enterprise Productivity Apps,EMP11027,0,DATA_SCI,IC2,EU_ZURICH_MUNICH,3.7,1,rating_1,None,168800.0,170200.0,0.992,0.15,73600.0,274200.0,269700.0,271800.0,-1.6,83,81,1,Clean
EMP11451,VP_ENT_APPS,Priya Nair,Enterprise Productivity Apps,EMP11040,0,SW_ENG,IC1,US_BAY_AREA,7.8,0,rating_3,None,163800.0,166800.0,0.982,0.15,51700.0,229200.0,230400.0,225100.0,0.5,82,83,0,Clean
EMP11452,VP_ENT_APPS,Priya Nair,Enterprise Productivity Apps,EMP11034,0,DATA_SCI,IC2,US_SEATTLE_NYC,1.2,0,rating_3,None,178900.0,203500.0,0.879,0.15,88000.0,273800.0,282600.0,287600.0,3.2,71,75,0,Clean
EMP11453,VP_ENT_APPS,Priya Nair,Enterprise Productivity Apps,EMP11014,0,PROD_MGMT,IC3,APAC_SINGAPORE_TOKYO,5.1,0,rating_3,None,160400.0,184000.0,0.872,0.2,112000.0,338700.0,311900.0,298700.0,-7.9,68,58,0,Clean
EMP11454,VP_ENT_APPS,Priya Nair,Enterprise Productivity Apps,EMP11014,0,UX_DESIGN,IC1,US_SEATTLE_NYC,2.1,0,rating_3,None,148200.0,159500.0,0.929,0.15,49500.0,228000.0,213300.0,208300.0,-6.4,40,32,0,Clean
EMP11455,VP_ENT_APPS,Priya Nair,Enterprise Productivity Apps,EMP11007,0,UX_DESIGN,IC1,APAC_SINGAPORE_TOKYO,7.6,0,rating_3,None,95400.0,116000.0,0.822,0.15,36000.0,166000.0,159600.0,160500.0,-3.9,62,57,1,Clean
EMP11456,VP_ENT_APPS,Priya Nair,Enterprise Productivity Apps,EMP11021,0,UX_DESIGN,IC2,EU_ZURICH_MUNICH,8.8,1,rating_3,None,162400.0,170200.0,0.954,0.15,73600.0,290200.0,288700.0,286300.0,-0.5,34,33,0,Clean
EMP11457,VP_ENT_APPS,Priya Nair,Enterprise Productivity Apps,EMP11019,0,PROD_MGMT,IC1,US_SEATTLE_NYC,8.6,1,rating_4,None,154600.0,159500.0,0.969,0.15,49500.0,221200.0,224100.0,225600.0,1.3,51,53,0,Clean
EMP11458,VP_ENT_APPS,Priya Nair,Enterprise Productivity Apps,EMP11036,0,PROD_MGMT,IC2,UK_LONDON,1.6,0,rating_4,None,137700.0,157200.0,0.876,0.15,68000.0,256600.0,258800.0,247400.0,0.9,62,63,0,Clean
EMP11459,VP_ENT_APPS,Priya Nair,Enterprise Productivity Apps,EMP11040,0,SW_ENG,IC3,US_SEATTLE_NYC,2.2,0,rating_3,None,245900.0,253000.0,0.972,0.2,154000.0,428400.0,390400.0,367700.0,-8.9,54,42,0,Clean
EMP11460,VP_ENT_APPS,Priya Nair,Enterprise Productivity Apps,EMP11029,0,SW_ENG,IC1,APAC_SINGAPORE_TOKYO,5.7,0,rating_3,None,117000.0,116000.0,1.009,0.15,36000.0,182700.0,176400.0,176800.0,-3.4,28,24,0,Clean
EMP11461,VP_ENT_APPS,Priya Nair,Enterprise Productivity Apps,EMP11021,0,SW_ENG,IC1,US_SEATTLE_NYC,7.0,0,rating_2,None,143200.0,159500.0,0.898,0.15,49500.0,206800.0,194400.0,191800.0,-6.0,75,67,0,Clean
EMP11462,VP_ENT_APPS,Priya Nair,Enterprise Productivity Apps,EMP11011,0,UX_DESIGN,IC1,US_AUSTIN_DENVER,5.4,0,rating_2,None,120400.0,137800.0,0.874,0.15,42800.0,183400.0,168500.0,171500.0,-8.1,1,1,0,Clean
EMP11463,VP_ENT_APPS,Priya Nair,Enterprise Productivity Apps,EMP11002,0,UX_DESIGN,IC1,US_SEATTLE_NYC,7.6,0,rating_2,None,142000.0,159500.0,0.89,0.15,49500.0,211400.0,216500.0,210700.0,2.4,41,44,0,Clean
EMP11464,VP_ENT_APPS,Priya Nair,Enterprise Productivity Apps,EMP11035,0,SW_ENG,IC2,UK_LONDON,7.8,0,rating_3,None,132500.0,157200.0,0.843,0.15,68000.0,224600.0,227400.0,224700.0,1.2,23,25,0,Clean
EMP11465,VP_ENT_APPS,Priya Nair,Enterprise Productivity Apps,EMP11004,0,UX_DESIGN,IC2,EU_ZURICH_MUNICH,2.0,0,rating_4,None,163700.0,170200.0,0.962,0.15,73600.0,262200.0,255800.0,259500.0,-2.4,33,30,0,Clean
EMP11466,VP_ENT_APPS,Priya Nair,Enterprise Productivity Apps,EMP11003,0,PROD_MGMT,IC3,UK_LONDON,2.6,0,rating_3,None,164600.0,195500.0,0.842,0.2,119000.0,367200.0,341200.0,327500.0,-7.1,70,61,0,Clean
EMP11467,VP_ENT_APPS,Priya Nair,Enterprise Productivity Apps,EMP11037,0,SW_ENG,IC3,US_SEATTLE_NYC,3.4,0,rating_5,None,236300.0,253000.0,0.934,0.2,154000.0,434700.0,424600.0,407100.0,-2.3,58,55,0,Clean
EMP11468,VP_ENT_APPS,Priya Nair,Enterprise Productivity Apps,EMP11027,0,SW_ENG,IC3,APAC_SINGAPORE_TOKYO,7.3,0,rating_2,None,197800.0,184000.0,1.075,0.2,112000.0,416800.0,405600.0,403800.0,-2.7,19,15,0,Clean
EMP11469,VP_ENT_APPS,Priya Nair,Enterprise Productivity Apps,EMP11039,0,SW_ENG,IC1,EU_ZURICH_MUNICH,4.7,0,rating_3,None,134100.0,133400.0,1.005,0.15,41400.0,199600.0,204600.0,204800.0,2.5,46,49,0,Clean
EMP11470,VP_ENT_APPS,Priya Nair,Enterprise Productivity Apps,EMP11010,0,DATA_SCI,IC3,APAC_SINGAPORE_TOKYO,3.7,0,rating_3,None,167300.0,184000.0,0.909,0.2,112000.0,345100.0,327000.0,311200.0,-5.2,69,62,0,Clean
EMP11471,VP_ENT_APPS,Priya Nair,Enterprise Productivity Apps,EMP11021,0,PROD_MGMT,IC2,EU_ZURICH_MUNICH,2.2,0,rating_5,None,163400.0,170200.0,0.96,0.15,73600.0,285500.0,259900.0,255500.0,-9.0,36,24,0,Clean
EMP11472,VP_ENT_APPS,Priya Nair,Enterprise Productivity Apps,EMP11019,0,SW_ENG,IC1,US_AUSTIN_DENVER,1.9,0,rating_3,None,113700.0,137800.0,0.825,0.15,42800.0,176500.0,166800.0,157100.0,-5.5,52,45,0,Clean
EMP11473,VP_ENT_APPS,Priya Nair,Enterprise Productivity Apps,EMP11040,0,PROD_MGMT,IC2,US_BAY_AREA,3.9,0,rating_2,None,170400.0,212700.0,0.801,0.15,92000.0,283900.0,281400.0,284900.0,-0.9,20,19,0,Clean
EMP11474,VP_ENT_APPS,Priya Nair,Enterprise Productivity Apps,EMP11014,0,PROD_MGMT,IC1,UK_LONDON,1.8,0,rating_4,None,112700.0,123200.0,0.915,0.15,38200.0,185700.0,172800.0,167400.0,-6.9,67,58,0,Clean
EMP11475,VP_ENT_APPS,Priya Nair,Enterprise Productivity Apps,EMP11026,0,SW_ENG,IC1,US_SEATTLE_NYC,1.1,0,rating_3,None,147400.0,159500.0,0.924,0.15,49500.0,228600.0,212500.0,204600.0,-7.0,40,31,0,Clean
EMP11476,VP_ENT_APPS,Priya Nair,Enterprise Productivity Apps,EMP11027,0,UX_DESIGN,IC1,EU_ZURICH_MUNICH,1.8,0,rating_3,None,114900.0,133400.0,0.861,0.15,41400.0,180200.0,174800.0,174400.0,-3.0,89,85,0,Clean
EMP11477,VP_ENT_APPS,Priya Nair,Enterprise Productivity Apps,EMP11040,0,UX_DESIGN,IC2,US_BAY_AREA,2.2,0,rating_3,None,188200.0,212700.0,0.885,0.15,92000.0,285500.0,284600.0,275300.0,-0.3,56,56,0,Clean
EMP11478,VP_ENT_APPS,Priya Nair,Enterprise Productivity Apps,EMP11015,0,SW_ENG,IC2,US_BAY_AREA,7.7,0,rating_4,None,191000.0,212700.0,0.898,0.15,92000.0,293900.0,298700.0,282800.0,1.6,81,83,0,Clean
EMP11479,VP_ENT_APPS,Priya Nair,Enterprise Productivity Apps,EMP11012,0,PROD_MGMT,IC3,APAC_SINGAPORE_TOKYO,5.1,0,rating_4,None,162100.0,184000.0,0.881,0.2,112000.0,351200.0,359300.0,353400.0,2.3,86,89,0,Clean
EMP11480,VP_ENT_APPS,Priya Nair,Enterprise Productivity Apps,EMP11020,0,SW_ENG,IC3,EU_ZURICH_MUNICH,7.6,1,rating_3,None,202700.0,211600.0,0.958,0.2,128800.0,383900.0,364600.0,346600.0,-5.0,66,60,1,Clean
EMP11481,VP_ENT_APPS,Priya Nair,Enterprise Productivity Apps,EMP11025,0,DATA_SCI,IC1,UK_LONDON,2.9,0,rating_4,None,105700.0,123200.0,0.858,0.15,38200.0,177300.0,183500.0,181900.0,3.5,31,36,0,Clean
EMP11482,VP_ENT_APPS,Priya Nair,Enterprise Productivity Apps,EMP11020,0,SW_ENG,IC3,EU_ZURICH_MUNICH,1.7,0,rating_3,None,185400.0,211600.0,0.876,0.2,128800.0,384200.0,385300.0,375600.0,0.3,57,57,1,Clean
EMP11483,VP_ENT_APPS,Priya Nair,Enterprise Productivity Apps,EMP11012,0,SW_ENG,IC1,US_BAY_AREA,8.3,0,rating_3,None,148300.0,166800.0,0.889,0.15,51700.0,211300.0,212400.0,215600.0,0.5,84,85,0,Clean
EMP11484,VP_ENT_APPS,Priya Nair,Enterprise Productivity Apps,EMP11008,0,DATA_SCI,IC1,US_SEATTLE_NYC,1.9,0,rating_3,None,150400.0,159500.0,0.943,0.15,49500.0,217500.0,217500.0,206100.0,0.0,30,30,0,Clean
EMP11485,VP_ENT_APPS,Priya Nair,Enterprise Productivity Apps,EMP11008,0,SW_ENG,IC3,US_BAY_AREA,3.5,0,rating_3,None,244400.0,264500.0,0.924,0.2,161000.0,464500.0,465300.0,439700.0,0.2,77,77,0,Clean
EMP11486,VP_ENT_APPS,Priya Nair,Enterprise Productivity Apps,EMP11011,0,UX_DESIGN,IC2,EU_ZURICH_MUNICH,5.0,0,rating_1,None,135600.0,170200.0,0.797,0.15,73600.0,237000.0,221200.0,212300.0,-6.7,82,73,0,Clean
EMP11487,VP_ENT_APPS,Priya Nair,Enterprise Productivity Apps,EMP11001,0,UX_DESIGN,IC3,UK_LONDON,6.4,0,rating_3,None,188300.0,195500.0,0.963,0.2,119000.0,387800.0,355900.0,345900.0,-8.2,24,13,0,Clean
EMP11488,VP_ENT_APPS,Priya Nair,Enterprise Productivity Apps,EMP11030,0,UX_DESIGN,IC3,US_SEATTLE_NYC,8.0,0,rating_4,None,240100.0,253000.0,0.949,0.2,154000.0,442200.0,453700.0,450900.0,2.6,79,82,0,Clean
EMP11489,VP_ENT_APPS,Priya Nair,Enterprise Productivity Apps,EMP11031,0,SW_ENG,IC2,EU_ZURICH_MUNICH,3.9,0,rating_3,None,151800.0,170200.0,0.892,0.15,73600.0,275100.0,279900.0,272100.0,1.7,62,64,0,Clean
EMP11490,VP_ENT_APPS,Priya Nair,Enterprise Productivity Apps,EMP11028,0,SW_ENG,IC2,US_BAY_AREA,1.3,0,rating_3,None,203100.0,212700.0,0.955,0.15,92000.0,309600.0,290800.0,287500.0,-6.1,49,41,0,Clean
EMP11491,VP_ENT_APPS,Priya Nair,Enterprise Productivity Apps,EMP11033,0,UX_DESIGN,IC3,US_AUSTIN_DENVER,6.8,0,rating_3,None,212400.0,218500.0,0.972,0.2,133000.0,410900.0,391300.0,397200.0,-4.8,36,30,0,Clean
EMP11492,VP_ENT_APPS,Priya Nair,Enterprise Productivity Apps,EMP11026,0,DATA_SCI,IC4,UK_LONDON,8.1,0,rating_3,None,202000.0,242200.0,0.834,0.25,212500.0,511300.0,504000.0,474000.0,-1.4,75,73,0,Clean
EMP11493,VP_ENT_APPS,Priya Nair,Enterprise Productivity Apps,EMP11007,0,PROD_MGMT,IC3,US_SEATTLE_NYC,1.4,0,rating_3,None,233300.0,253000.0,0.922,0.2,154000.0,427700.0,414800.0,406600.0,-3.0,19,15,0,Clean
EMP11494,VP_ENT_APPS,Priya Nair,Enterprise Productivity Apps,EMP11027,0,UX_DESIGN,IC2,EU_ZURICH_MUNICH,6.5,0,rating_3,None,151000.0,170200.0,0.887,0.15,73600.0,242300.0,243100.0,242700.0,0.3,31,31,0,Clean
EMP11495,VP_ENT_APPS,Priya Nair,Enterprise Productivity Apps,EMP11026,0,UX_DESIGN,IC2,EU_ZURICH_MUNICH,8.1,0,rating_2,None,165600.0,170200.0,0.973,0.15,73600.0,266600.0,264000.0,260700.0,-1.0,29,28,0,Clean
EMP11496,VP_ENT_APPS,Priya Nair,Enterprise Productivity Apps,EMP11021,0,PROD_MGMT,IC1,APAC_SINGAPORE_TOKYO,4.3,0,rating_4,None,95000.0,116000.0,0.819,0.15,36000.0,167400.0,164900.0,163000.0,-1.5,66,64,0,Clean
EMP11497,VP_ENT_APPS,Priya Nair,Enterprise Productivity Apps,EMP11010,0,DATA_SCI,IC3,UK_LONDON,5.2,0,rating_2,None,148600.0,195500.0,0.76,0.2,119000.0,340600.0,331400.0,326400.0,-2.7,8,4,0,Clean
EMP11498,VP_ENT_APPS,Priya Nair,Enterprise Productivity Apps,EMP11020,0,DATA_SCI,IC2,US_AUSTIN_DENVER,5.7,0,rating_4,None,142600.0,175800.0,0.811,0.15,76000.0,243000.0,251300.0,240100.0,3.4,39,43,0,Clean
EMP11499,VP_ENT_APPS,Priya Nair,Enterprise Productivity Apps,EMP11020,0,DATA_SCI,IC1,US_SEATTLE_NYC,1.4,0,rating_4,None,142100.0,159500.0,0.891,0.15,49500.0,210600.0,207600.0,208600.0,-1.4,78,76,0,Clean
EMP11500,VP_ENT_APPS,Priya Nair,Enterprise Productivity Apps,EMP11038,0,PROD_MGMT,IC2,US_AUSTIN_DENVER,2.0,0,rating_2,None,151200.0,175800.0,0.86,0.15,76000.0,274100.0,280600.0,271100.0,2.4,91,94,0,Clean
EMP11501,VP_SEC_INTEL,Devon Brooks,Threat Intelligence & Security,VP_SEC_INTEL,1,THREAT_RES,IC5,UK_LONDON,9.6,0,rating_3,None,292400.0,297500.0,0.983,0.3,382500.0,850300.0,855600.0,817000.0,0.6,77,78,0,Clean
EMP11502,VP_SEC_INTEL,Devon Brooks,Threat Intelligence & Security,VP_SEC_INTEL,1,SW_ENG,IC3,US_AUSTIN_DENVER,8.2,0,rating_1,None,183100.0,218500.0,0.838,0.2,133000.0,407100.0,408300.0,394100.0,0.3,53,53,0,Clean
EMP11503,VP_SEC_INTEL,Devon Brooks,Threat Intelligence & Security,VP_SEC_INTEL,1,SEC_OPS,IC3,US_AUSTIN_DENVER,8.8,0,rating_3,None,197300.0,218500.0,0.903,0.2,133000.0,404500.0,401300.0,408000.0,-0.8,34,33,0,Clean
EMP11504,VP_SEC_INTEL,Devon Brooks,Threat Intelligence & Security,VP_SEC_INTEL,1,SW_ENG,IC3,UK_LONDON,2.9,0,rating_2,None,192400.0,195500.0,0.984,0.2,119000.0,424100.0,435400.0,445500.0,2.7,56,59,0,Clean
EMP11505,VP_SEC_INTEL,Devon Brooks,Threat Intelligence & Security,VP_SEC_INTEL,1,SW_ENG,IC3,APAC_SINGAPORE_TOKYO,4.2,0,rating_2,None,160100.0,184000.0,0.87,0.2,112000.0,380300.0,390100.0,381700.0,2.6,79,82,0,Clean
EMP11506,VP_SEC_INTEL,Devon Brooks,Threat Intelligence & Security,VP_SEC_INTEL,1,SW_ENG,IC5,UK_LONDON,9.7,0,rating_4,None,273700.0,297500.0,0.92,0.3,382500.0,803900.0,794400.0,789100.0,-1.2,85,84,0,Clean
EMP11507,VP_SEC_INTEL,Devon Brooks,Threat Intelligence & Security,VP_SEC_INTEL,1,SEC_OPS,IC5,UK_LONDON,6.5,0,rating_3,None,260600.0,297500.0,0.876,0.3,382500.0,906000.0,853600.0,819000.0,-5.8,47,40,0,Clean
EMP11508,VP_SEC_INTEL,Devon Brooks,Threat Intelligence & Security,VP_SEC_INTEL,1,CYBER_SEC_ENG,IC3,US_BAY_AREA,10.3,0,rating_3,None,268700.0,264500.0,1.016,0.2,161000.0,510600.0,486900.0,471600.0,-4.6,82,76,0,Clean
EMP11509,VP_SEC_INTEL,Devon Brooks,Threat Intelligence & Security,VP_SEC_INTEL,1,SW_ENG,IC3,US_SEATTLE_NYC,10.2,0,rating_3,None,209000.0,253000.0,0.826,0.2,154000.0,396000.0,387200.0,380900.0,-2.2,27,24,0,Clean
EMP11510,VP_SEC_INTEL,Devon Brooks,Threat Intelligence & Security,VP_SEC_INTEL,1,SW_ENG,IC3,US_SEATTLE_NYC,7.7,0,rating_2,None,236600.0,253000.0,0.935,0.2,154000.0,464400.0,442500.0,452600.0,-4.7,64,58,0,Clean
EMP11511,VP_SEC_INTEL,Devon Brooks,Threat Intelligence & Security,VP_SEC_INTEL,1,SEC_OPS,IC3,US_SEATTLE_NYC,5.3,0,rating_2,None,231500.0,253000.0,0.915,0.2,154000.0,469500.0,450700.0,450100.0,-4.0,79,74,0,Clean
EMP11512,VP_SEC_INTEL,Devon Brooks,Threat Intelligence & Security,VP_SEC_INTEL,1,SW_ENG,IC3,UK_LONDON,9.2,0,rating_3,None,186100.0,195500.0,0.952,0.2,119000.0,412400.0,401400.0,390600.0,-2.7,42,39,0,Clean
EMP11513,VP_SEC_INTEL,Devon Brooks,Threat Intelligence & Security,VP_SEC_INTEL,1,THREAT_RES,IC3,EU_ZURICH_MUNICH,6.7,0,rating_4,None,191700.0,211600.0,0.906,0.2,128800.0,413200.0,412700.0,402400.0,-0.1,63,63,0,Clean
EMP11514,VP_SEC_INTEL,Devon Brooks,Threat Intelligence & Security,VP_SEC_INTEL,1,THREAT_RES,IC3,US_AUSTIN_DENVER,2.5,0,rating_2,None,199300.0,218500.0,0.912,0.2,133000.0,414300.0,428700.0,427700.0,3.5,76,80,0,Clean
EMP11515,VP_SEC_INTEL,Devon Brooks,Threat Intelligence & Security,VP_SEC_INTEL,1,THREAT_RES,IC3,APAC_SINGAPORE_TOKYO,9.1,0,rating_4,None,174800.0,184000.0,0.95,0.2,112000.0,400900.0,411200.0,398400.0,2.6,67,70,0,Clean
EMP11516,VP_SEC_INTEL,Devon Brooks,Threat Intelligence & Security,VP_SEC_INTEL,1,SEC_OPS,IC3,UK_LONDON,5.2,0,rating_3,None,194900.0,195500.0,0.997,0.2,119000.0,398100.0,385000.0,376400.0,-3.3,90,86,0,Clean
EMP11517,VP_SEC_INTEL,Devon Brooks,Threat Intelligence & Security,VP_SEC_INTEL,1,SW_ENG,IC4,US_SEATTLE_NYC,3.4,0,rating_2,None,306300.0,313500.0,0.977,0.25,275000.0,713100.0,681300.0,694100.0,-4.5,88,83,0,Clean
EMP11518,VP_SEC_INTEL,Devon Brooks,Threat Intelligence & Security,VP_SEC_INTEL,1,SW_ENG,IC3,UK_LONDON,2.9,0,rating_2,None,180400.0,195500.0,0.923,0.2,119000.0,366000.0,346100.0,352400.0,-5.4,65,59,0,Clean
EMP11519,VP_SEC_INTEL,Devon Brooks,Threat Intelligence & Security,VP_SEC_INTEL,1,CYBER_SEC_ENG,IC3,US_AUSTIN_DENVER,3.7,0,rating_3,None,194700.0,218500.0,0.891,0.2,133000.0,413100.0,417300.0,408300.0,1.0,64,65,0,Clean
EMP11520,VP_SEC_INTEL,Devon Brooks,Threat Intelligence & Security,VP_SEC_INTEL,1,SW_ENG,IC3,US_BAY_AREA,6.4,0,rating_2,None,264000.0,264500.0,0.998,0.2,161000.0,483400.0,491700.0,505700.0,1.7,21,23,0,Clean
EMP11521,VP_SEC_INTEL,Devon Brooks,Threat Intelligence & Security,VP_SEC_INTEL,1,THREAT_RES,IC3,US_BAY_AREA,3.2,0,rating_3,None,239400.0,264500.0,0.905,0.2,161000.0,428900.0,409100.0,395800.0,-4.6,80,74,0,Clean
EMP11522,VP_SEC_INTEL,Devon Brooks,Threat Intelligence & Security,VP_SEC_INTEL,1,THREAT_RES,IC4,US_SEATTLE_NYC,6.8,0,rating_3,None,305000.0,313500.0,0.973,0.25,275000.0,629000.0,656000.0,650100.0,4.3,34,39,0,Clean
EMP11523,VP_SEC_INTEL,Devon Brooks,Threat Intelligence & Security,VP_SEC_INTEL,1,CYBER_SEC_ENG,IC4,US_AUSTIN_DENVER,5.2,0,rating_3,None,259700.0,270800.0,0.959,0.25,237500.0,550800.0,567900.0,559300.0,3.1,34,38,0,Clean
EMP11524,VP_SEC_INTEL,Devon Brooks,Threat Intelligence & Security,VP_SEC_INTEL,1,THREAT_RES,IC3,US_BAY_AREA,6.6,0,rating_3,None,235900.0,264500.0,0.892,0.2,161000.0,455400.0,474500.0,478400.0,4.2,64,69,0,Clean
EMP11525,VP_SEC_INTEL,Devon Brooks,Threat Intelligence & Security,VP_SEC_INTEL,1,CYBER_SEC_ENG,IC4,US_BAY_AREA,5.7,0,rating_3,None,269100.0,327800.0,0.821,0.25,287500.0,647100.0,621700.0,604500.0,-3.9,55,50,0,Clean
EMP11526,VP_SEC_INTEL,Devon Brooks,Threat Intelligence & Security,VP_SEC_INTEL,1,SEC_OPS,IC3,UK_LONDON,4.4,0,rating_3,None,182400.0,195500.0,0.933,0.2,119000.0,372700.0,388600.0,399900.0,4.3,7,12,0,Clean
EMP11527,VP_SEC_INTEL,Devon Brooks,Threat Intelligence & Security,VP_SEC_INTEL,1,THREAT_RES,IC4,EU_ZURICH_MUNICH,2.9,0,rating_3,None,236800.0,262200.0,0.903,0.25,230000.0,620200.0,600900.0,614400.0,-3.1,48,44,0,Clean
EMP11528,VP_SEC_INTEL,Devon Brooks,Threat Intelligence & Security,VP_SEC_INTEL,1,CYBER_SEC_ENG,IC3,APAC_SINGAPORE_TOKYO,10.2,0,rating_3,None,176300.0,184000.0,0.958,0.2,112000.0,361400.0,348800.0,331800.0,-3.5,60,56,0,Clean
EMP11529,VP_SEC_INTEL,Devon Brooks,Threat Intelligence & Security,VP_SEC_INTEL,1,SW_ENG,IC4,US_SEATTLE_NYC,8.0,0,rating_3,None,301300.0,313500.0,0.961,0.25,275000.0,684500.0,665300.0,647300.0,-2.8,63,60,0,Clean
EMP11530,VP_SEC_INTEL,Devon Brooks,Threat Intelligence & Security,VP_SEC_INTEL,1,SW_ENG,IC3,EU_ZURICH_MUNICH,7.3,0,rating_3,None,199100.0,211600.0,0.941,0.2,128800.0,415600.0,417300.0,411100.0,0.4,11,11,0,Clean
EMP11531,VP_SEC_INTEL,Devon Brooks,Threat Intelligence & Security,VP_SEC_INTEL,1,SEC_OPS,IC4,US_AUSTIN_DENVER,7.5,0,rating_4,None,240500.0,270800.0,0.888,0.25,237500.0,541400.0,539800.0,517600.0,-0.3,37,37,0,Clean
EMP11532,VP_SEC_INTEL,Devon Brooks,Threat Intelligence & Security,VP_SEC_INTEL,1,CYBER_SEC_ENG,IC3,UK_LONDON,3.1,0,rating_3,None,183400.0,195500.0,0.938,0.2,119000.0,392300.0,397400.0,397600.0,1.3,33,35,0,Clean
EMP11533,VP_SEC_INTEL,Devon Brooks,Threat Intelligence & Security,VP_SEC_INTEL,1,THREAT_RES,IC3,APAC_SINGAPORE_TOKYO,7.0,0,rating_4,None,156000.0,184000.0,0.848,0.2,112000.0,345500.0,360000.0,363600.0,4.2,31,36,0,Clean
EMP11534,VP_SEC_INTEL,Devon Brooks,Threat Intelligence & Security,VP_SEC_INTEL,1,SW_ENG,IC5,US_AUSTIN_DENVER,6.9,0,rating_4,None,325800.0,332500.0,0.98,0.3,427500.0,874900.0,870200.0,887500.0,-0.5,22,21,0,Clean
EMP11535,VP_SEC_INTEL,Devon Brooks,Threat Intelligence & Security,VP_SEC_INTEL,1,CYBER_SEC_ENG,IC3,US_BAY_AREA,7.1,0,rating_1,None,253100.0,264500.0,0.957,0.2,161000.0,466700.0,456200.0,449200.0,-2.2,72,69,0,Clean
EMP11536,VP_SEC_INTEL,Devon Brooks,Threat Intelligence & Security,VP_SEC_INTEL,1,THREAT_RES,IC4,EU_ZURICH_MUNICH,10.0,0,rating_3,None,264800.0,262200.0,1.01,0.25,230000.0,590400.0,614500.0,612100.0,4.1,56,61,0,Clean
EMP11537,VP_SEC_INTEL,Devon Brooks,Threat Intelligence & Security,VP_SEC_INTEL,1,THREAT_RES,IC3,US_BAY_AREA,7.5,0,rating_3,None,229100.0,264500.0,0.866,0.2,161000.0,411200.0,425500.0,435700.0,3.5,68,72,0,Clean
EMP11538,VP_SEC_INTEL,Devon Brooks,Threat Intelligence & Security,VP_SEC_INTEL,1,SW_ENG,IC3,US_BAY_AREA,10.7,0,rating_3,None,232500.0,264500.0,0.879,0.2,161000.0,442700.0,417100.0,420300.0,-5.8,35,28,0,Clean
EMP11539,VP_SEC_INTEL,Devon Brooks,Threat Intelligence & Security,VP_SEC_INTEL,1,SW_ENG,IC3,US_SEATTLE_NYC,3.2,0,rating_3,None,248400.0,253000.0,0.982,0.2,154000.0,432600.0,434000.0,439600.0,0.3,74,74,0,Clean
EMP11540,VP_SEC_INTEL,Devon Brooks,Threat Intelligence & Security,VP_SEC_INTEL,1,THREAT_RES,IC3,EU_ZURICH_MUNICH,2.9,0,rating_3,None,209700.0,211600.0,0.991,0.2,128800.0,399700.0,381000.0,384000.0,-4.7,56,50,0,Clean
EMP11541,VP_SEC_INTEL,Devon Brooks,Threat Intelligence & Security,EMP11504,0,SW_ENG,IC2,EU_ZURICH_MUNICH,6.6,1,rating_3,None,161900.0,170200.0,0.951,0.15,73600.0,267300.0,273800.0,263900.0,2.4,7,10,0,Clean
EMP11542,VP_SEC_INTEL,Devon Brooks,Threat Intelligence & Security,EMP11505,0,SEC_OPS,IC3,US_SEATTLE_NYC,5.3,0,rating_4,None,217300.0,253000.0,0.859,0.2,154000.0,428100.0,417900.0,412900.0,-2.4,69,66,0,Clean
EMP11543,VP_SEC_INTEL,Devon Brooks,Threat Intelligence & Security,EMP11516,0,CYBER_SEC_ENG,IC3,APAC_SINGAPORE_TOKYO,3.0,0,rating_3,Tier_2,179000.0,184000.0,0.973,0.2,112000.0,386400.0,356200.0,352900.0,-7.8,53,43,0,Clean
EMP11544,VP_SEC_INTEL,Devon Brooks,Threat Intelligence & Security,EMP11506,0,SEC_OPS,IC2,UK_LONDON,3.8,0,rating_2,None,143800.0,157200.0,0.915,0.15,68000.0,268500.0,247900.0,238800.0,-7.7,80,70,0,Clean
EMP11545,VP_SEC_INTEL,Devon Brooks,Threat Intelligence & Security,EMP11503,0,THREAT_RES,IC2,UK_LONDON,0.5,0,rating_4,None,130900.0,157200.0,0.833,0.15,68000.0,235400.0,237600.0,230500.0,0.9,54,55,0,Clean
EMP11546,VP_SEC_INTEL,Devon Brooks,Threat Intelligence & Security,EMP11519,0,CYBER_SEC_ENG,IC1,UK_LONDON,8.7,0,rating_4,Tier_1,114500.0,123200.0,0.929,0.15,38200.0,171700.0,170200.0,169500.0,-0.9,35,34,0,Clean
EMP11547,VP_SEC_INTEL,Devon Brooks,Threat Intelligence & Security,EMP11514,0,SW_ENG,IC1,UK_LONDON,4.7,0,rating_3,None,113300.0,123200.0,0.92,0.15,38200.0,172800.0,169800.0,159600.0,-1.7,46,44,0,Clean
EMP11548,VP_SEC_INTEL,Devon Brooks,Threat Intelligence & Security,EMP11517,0,SEC_OPS,IC1,US_SEATTLE_NYC,5.0,0,rating_3,None,122200.0,159500.0,0.766,0.15,49500.0,193000.0,192600.0,188000.0,-0.2,78,78,0,Clean
EMP11549,VP_SEC_INTEL,Devon Brooks,Threat Intelligence & Security,EMP11538,0,THREAT_RES,IC1,US_BAY_AREA,7.8,0,rating_2,None,138100.0,166800.0,0.828,0.15,51700.0,202900.0,204600.0,207300.0,0.8,38,39,0,Clean
EMP11550,VP_SEC_INTEL,Devon Brooks,Threat Intelligence & Security,EMP11501,0,THREAT_RES,IC2,EU_ZURICH_MUNICH,3.5,0,rating_4,None,131900.0,170200.0,0.775,0.15,73600.0,250300.0,256100.0,256200.0,2.3,41,44,0,Clean
EMP11551,VP_SEC_INTEL,Devon Brooks,Threat Intelligence & Security,EMP11516,0,SW_ENG,IC3,EU_ZURICH_MUNICH,4.1,0,rating_4,None,192300.0,211600.0,0.909,0.2,128800.0,368400.0,344700.0,341700.0,-6.4,26,18,0,Clean
EMP11552,VP_SEC_INTEL,Devon Brooks,Threat Intelligence & Security,EMP11536,0,CYBER_SEC_ENG,IC4,UK_LONDON,4.9,0,rating_4,Tier_1,237100.0,242200.0,0.979,0.25,212500.0,513300.0,381300.0,373800.0,-25.7,14,1,1,Clean
EMP11553,VP_SEC_INTEL,Devon Brooks,Threat Intelligence & Security,EMP11532,0,SEC_OPS,IC1,UK_LONDON,0.6,0,rating_3,None,107400.0,123200.0,0.872,0.15,38200.0,166600.0,157800.0,154300.0,-5.3,34,27,0,Clean
EMP11554,VP_SEC_INTEL,Devon Brooks,Threat Intelligence & Security,EMP11515,0,CYBER_SEC_ENG,IC2,EU_ZURICH_MUNICH,3.9,0,rating_3,Tier_2,179200.0,170200.0,1.053,0.15,73600.0,299600.0,273500.0,269000.0,-8.7,22,11,0,Clean
EMP11555,VP_SEC_INTEL,Devon Brooks,Threat Intelligence & Security,EMP11511,0,SW_ENG,IC4,US_BAY_AREA,4.4,0,rating_4,None,290400.0,327800.0,0.886,0.25,287500.0,651900.0,654600.0,634000.0,0.4,40,41,1,Clean
EMP11556,VP_SEC_INTEL,Devon Brooks,Threat Intelligence & Security,EMP11518,0,CYBER_SEC_ENG,IC1,APAC_SINGAPORE_TOKYO,7.6,0,rating_4,Tier_1,101000.0,116000.0,0.871,0.15,36000.0,167200.0,127200.0,127500.0,-23.9,18,1,0,Clean
EMP11557,VP_SEC_INTEL,Devon Brooks,Threat Intelligence & Security,EMP11504,0,SW_ENG,IC2,US_BAY_AREA,5.2,0,rating_2,None,225900.0,212700.0,1.062,0.15,92000.0,365900.0,334300.0,333800.0,-8.6,37,26,0,Clean
EMP11558,VP_SEC_INTEL,Devon Brooks,Threat Intelligence & Security,EMP11525,0,SEC_OPS,IC4,US_SEATTLE_NYC,7.6,0,rating_5,None,294100.0,313500.0,0.938,0.25,275000.0,679300.0,634500.0,597100.0,-6.6,73,64,0,Clean
EMP11559,VP_SEC_INTEL,Devon Brooks,Threat Intelligence & Security,EMP11514,0,CYBER_SEC_ENG,IC1,US_BAY_AREA,0.6,0,rating_1,Tier_2,135900.0,166800.0,0.815,0.15,51700.0,206400.0,157300.0,148500.0,-23.8,45,14,0,Clean
EMP11560,VP_SEC_INTEL,Devon Brooks,Threat Intelligence & Security,EMP11529,0,THREAT_RES,IC2,US_BAY_AREA,4.0,0,rating_1,None,201400.0,212700.0,0.947,0.15,92000.0,330800.0,311200.0,314800.0,-5.9,46,38,0,Clean
EMP11561,VP_SEC_INTEL,Devon Brooks,Threat Intelligence & Security,EMP11537,0,SEC_OPS,IC2,EU_ZURICH_MUNICH,3.3,0,rating_3,None,153400.0,170200.0,0.901,0.15,73600.0,245600.0,226600.0,217400.0,-7.7,50,40,0,Clean
EMP11562,VP_SEC_INTEL,Devon Brooks,Threat Intelligence & Security,EMP11501,0,SEC_OPS,IC1,US_SEATTLE_NYC,5.1,1,rating_4,None,141500.0,159500.0,0.887,0.15,49500.0,211100.0,196500.0,186400.0,-6.9,45,36,0,Clean
EMP11563,VP_SEC_INTEL,Devon Brooks,Threat Intelligence & Security,EMP11503,0,SEC_OPS,IC3,US_BAY_AREA,7.1,1,rating_2,None,228500.0,264500.0,0.864,0.2,161000.0,450900.0,428900.0,434800.0,-4.9,29,23,0,Clean
EMP11564,VP_SEC_INTEL,Devon Brooks,Threat Intelligence & Security,EMP11508,0,CYBER_SEC_ENG,IC4,EU_ZURICH_MUNICH,8.8,0,rating_5,Tier_1,255100.0,262200.0,0.973,0.25,230000.0,532200.0,397500.0,375400.0,-25.3,90,57,0,Clean
EMP11565,VP_SEC_INTEL,Devon Brooks,Threat Intelligence & Security,EMP11520,0,THREAT_RES,IC1,US_SEATTLE_NYC,1.2,0,rating_3,None,142000.0,159500.0,0.89,0.15,49500.0,205600.0,211500.0,203400.0,2.9,60,64,0,Clean
EMP11566,VP_SEC_INTEL,Devon Brooks,Threat Intelligence & Security,EMP11502,0,SW_ENG,IC2,APAC_SINGAPORE_TOKYO,6.0,0,rating_3,None,143000.0,148000.0,0.966,0.15,64000.0,257100.0,240900.0,230000.0,-6.3,14,6,0,Clean
EMP11567,VP_SEC_INTEL,Devon Brooks,Threat Intelligence & Security,EMP11507,0,THREAT_RES,IC1,UK_LONDON,2.8,0,rating_3,None,101600.0,123200.0,0.825,0.15,38200.0,167600.0,173700.0,172700.0,3.6,71,76,0,Clean
EMP11568,VP_SEC_INTEL,Devon Brooks,Threat Intelligence & Security,EMP11523,0,SW_ENG,IC2,US_BAY_AREA,7.7,0,rating_2,None,187800.0,212700.0,0.883,0.15,92000.0,296800.0,306000.0,301900.0,3.1,61,65,0,Clean
EMP11569,VP_SEC_INTEL,Devon Brooks,Threat Intelligence & Security,EMP11528,0,SEC_OPS,IC2,APAC_SINGAPORE_TOKYO,8.8,0,rating_3,None,131600.0,148000.0,0.889,0.15,64000.0,238500.0,230300.0,232700.0,-3.4,84,80,0,Clean
EMP11570,VP_SEC_INTEL,Devon Brooks,Threat Intelligence & Security,EMP11509,0,SEC_OPS,IC1,US_BAY_AREA,6.1,0,rating_3,None,163300.0,166800.0,0.979,0.15,51700.0,226600.0,228300.0,222600.0,0.8,37,38,0,Clean
EMP11571,VP_SEC_INTEL,Devon Brooks,Threat Intelligence & Security,EMP11537,0,CYBER_SEC_ENG,IC1,UK_LONDON,8.4,0,rating_2,Tier_2,107800.0,123200.0,0.875,0.15,38200.0,163200.0,164100.0,164300.0,0.6,97,98,0,Clean
EMP11572,VP_SEC_INTEL,Devon Brooks,Threat Intelligence & Security,EMP11513,0,THREAT_RES,IC2,US_SEATTLE_NYC,4.8,0,rating_3,None,193900.0,203500.0,0.953,0.15,88000.0,308500.0,298700.0,303500.0,-3.2,1,1,0,Clean
EMP11573,VP_SEC_INTEL,Devon Brooks,Threat Intelligence & Security,EMP11537,0,SEC_OPS,IC4,US_AUSTIN_DENVER,4.7,1,rating_3,None,244500.0,270800.0,0.903,0.25,237500.0,526300.0,490300.0,490000.0,-6.8,67,58,0,Clean
EMP11574,VP_SEC_INTEL,Devon Brooks,Threat Intelligence & Security,EMP11510,0,SW_ENG,IC3,US_AUSTIN_DENVER,3.0,0,rating_3,None,209300.0,218500.0,0.958,0.2,133000.0,371500.0,363100.0,348500.0,-2.3,52,49,0,Clean
EMP11575,VP_SEC_INTEL,Devon Brooks,Threat Intelligence & Security,EMP11526,0,CYBER_SEC_ENG,IC2,EU_ZURICH_MUNICH,0.7,0,rating_3,Tier_2,169200.0,170200.0,0.994,0.15,73600.0,302600.0,221800.0,222700.0,-26.7,53,18,0,Clean
EMP11576,VP_SEC_INTEL,Devon Brooks,Threat Intelligence & Security,EMP11506,0,THREAT_RES,IC2,US_SEATTLE_NYC,6.7,0,rating_4,None,196000.0,203500.0,0.963,0.15,88000.0,316700.0,310100.0,310700.0,-2.1,73,70,0,Clean
EMP11577,VP_SEC_INTEL,Devon Brooks,Threat Intelligence & Security,EMP11540,0,CYBER_SEC_ENG,IC1,EU_ZURICH_MUNICH,9.0,0,rating_3,Tier_2,123800.0,133400.0,0.928,0.15,41400.0,182500.0,187700.0,182800.0,2.8,31,35,0,Clean
EMP11578,VP_SEC_INTEL,Devon Brooks,Threat Intelligence & Security,EMP11503,0,SW_ENG,IC1,APAC_SINGAPORE_TOKYO,4.9,0,rating_4,None,107200.0,116000.0,0.924,0.15,36000.0,167000.0,161600.0,163900.0,-3.2,77,73,0,Clean
EMP11579,VP_SEC_INTEL,Devon Brooks,Threat Intelligence & Security,EMP11506,0,SW_ENG,IC2,APAC_SINGAPORE_TOKYO,2.7,0,rating_4,None,133900.0,148000.0,0.905,0.15,64000.0,234400.0,242900.0,232000.0,3.6,80,85,0,Clean
EMP11580,VP_SEC_INTEL,Devon Brooks,Threat Intelligence & Security,EMP11501,0,THREAT_RES,IC1,US_AUSTIN_DENVER,2.9,0,rating_3,None,125900.0,137800.0,0.914,0.15,42800.0,191500.0,188600.0,186300.0,-1.5,33,31,0,Clean
EMP11581,VP_SEC_INTEL,Devon Brooks,Threat Intelligence & Security,EMP11518,0,SEC_OPS,IC3,UK_LONDON,6.5,0,rating_2,None,180600.0,195500.0,0.924,0.2,119000.0,397400.0,398900.0,400800.0,0.4,58,59,0,Clean
EMP11582,VP_SEC_INTEL,Devon Brooks,Threat Intelligence & Security,EMP11506,0,THREAT_RES,IC2,US_SEATTLE_NYC,1.7,0,rating_3,None,175400.0,203500.0,0.862,0.15,88000.0,308400.0,286600.0,289800.0,-7.1,28,19,0,Clean
EMP11583,VP_SEC_INTEL,Devon Brooks,Threat Intelligence & Security,EMP11533,0,SEC_OPS,IC3,US_AUSTIN_DENVER,1.9,0,rating_3,None,186400.0,218500.0,0.853,0.2,133000.0,367800.0,381100.0,370800.0,3.6,4,9,0,Clean
EMP11584,VP_SEC_INTEL,Devon Brooks,Threat Intelligence & Security,EMP11523,0,CYBER_SEC_ENG,IC4,US_BAY_AREA,6.3,0,rating_2,Tier_2,294700.0,327800.0,0.899,0.25,287500.0,699700.0,666900.0,656200.0,-4.7,66,60,0,Clean
EMP11585,VP_SEC_INTEL,Devon Brooks,Threat Intelligence & Security,EMP11512,0,SW_ENG,IC3,US_AUSTIN_DENVER,2.4,0,rating_4,None,187300.0,218500.0,0.857,0.2,133000.0,405600.0,372300.0,367900.0,-8.2,44,33,0,Clean
EMP11586,VP_SEC_INTEL,Devon Brooks,Threat Intelligence & Security,EMP11527,0,CYBER_SEC_ENG,IC1,US_SEATTLE_NYC,1.6,1,rating_3,Tier_2,132500.0,159500.0,0.831,0.15,49500.0,206900.0,193000.0,196600.0,-6.7,41,32,0,Clean
EMP11587,VP_SEC_INTEL,Devon Brooks,Threat Intelligence & Security,EMP11528,0,CYBER_SEC_ENG,IC1,US_SEATTLE_NYC,8.6,0,rating_4,Tier_1,168900.0,159500.0,1.059,0.15,49500.0,232700.0,224900.0,217300.0,-3.4,62,58,0,Clean
EMP11588,VP_SEC_INTEL,Devon Brooks,Threat Intelligence & Security,EMP11517,0,CYBER_SEC_ENG,IC1,US_AUSTIN_DENVER,1.4,0,rating_5,Tier_1,114000.0,137800.0,0.827,0.15,42800.0,174300.0,167300.0,170200.0,-4.0,10,5,0,Clean
EMP11589,VP_SEC_INTEL,Devon Brooks,Threat Intelligence & Security,EMP11516,0,SEC_OPS,IC1,APAC_SINGAPORE_TOKYO,5.2,0,rating_3,None,105100.0,116000.0,0.906,0.15,36000.0,170200.0,158200.0,151700.0,-7.1,18,9,0,Clean
EMP11590,VP_SEC_INTEL,Devon Brooks,Threat Intelligence & Security,EMP11532,0,THREAT_RES,IC4,US_SEATTLE_NYC,8.9,0,rating_3,None,319800.0,313500.0,1.02,0.25,275000.0,669700.0,692400.0,672700.0,3.4,37,41,0,Clean
EMP11591,VP_SEC_INTEL,Devon Brooks,Threat Intelligence & Security,EMP11527,0,SEC_OPS,IC2,US_AUSTIN_DENVER,8.0,0,rating_5,None,179500.0,175800.0,1.021,0.15,76000.0,285400.0,262600.0,266300.0,-8.0,35,25,0,Clean
EMP11592,VP_SEC_INTEL,Devon Brooks,Threat Intelligence & Security,EMP11527,0,SEC_OPS,IC3,EU_ZURICH_MUNICH,5.9,0,rating_3,None,199800.0,211600.0,0.944,0.2,128800.0,416900.0,415300.0,409600.0,-0.4,37,36,0,Clean
EMP11593,VP_SEC_INTEL,Devon Brooks,Threat Intelligence & Security,EMP11503,0,CYBER_SEC_ENG,IC2,EU_ZURICH_MUNICH,1.0,0,rating_5,Tier_1,149800.0,170200.0,0.88,0.15,73600.0,245300.0,184000.0,176000.0,-25.0,81,48,0,Clean
EMP11594,VP_SEC_INTEL,Devon Brooks,Threat Intelligence & Security,EMP11525,0,CYBER_SEC_ENG,IC2,US_SEATTLE_NYC,2.0,0,rating_3,Tier_2,206800.0,203500.0,1.016,0.15,88000.0,335300.0,254600.0,251000.0,-24.1,74,43,0,Clean
EMP11595,VP_SEC_INTEL,Devon Brooks,Threat Intelligence & Security,EMP11518,0,CYBER_SEC_ENG,IC3,US_BAY_AREA,6.2,0,rating_3,Tier_2,264200.0,264500.0,0.999,0.2,161000.0,474500.0,460400.0,432900.0,-3.0,74,70,0,Clean
EMP11596,VP_SEC_INTEL,Devon Brooks,Threat Intelligence & Security,EMP11515,0,SW_ENG,IC1,EU_ZURICH_MUNICH,0.7,0,rating_2,None,129100.0,133400.0,0.968,0.15,41400.0,198400.0,195700.0,190500.0,-1.4,32,30,0,Clean
EMP11597,VP_SEC_INTEL,Devon Brooks,Threat Intelligence & Security,EMP11517,0,CYBER_SEC_ENG,IC3,US_AUSTIN_DENVER,2.9,0,rating_5,Tier_1,215000.0,218500.0,0.984,0.2,133000.0,388300.0,369100.0,366300.0,-4.9,16,10,0,Clean
EMP11598,VP_SEC_INTEL,Devon Brooks,Threat Intelligence & Security,EMP11512,0,CYBER_SEC_ENG,IC1,US_BAY_AREA,6.6,0,rating_3,Tier_2,150800.0,166800.0,0.904,0.15,51700.0,221200.0,208200.0,198100.0,-5.9,45,37,0,Clean
EMP11599,VP_SEC_INTEL,Devon Brooks,Threat Intelligence & Security,EMP11533,0,CYBER_SEC_ENG,IC2,US_SEATTLE_NYC,1.2,0,rating_3,Tier_2,214100.0,203500.0,1.052,0.15,88000.0,336200.0,332400.0,337900.0,-1.1,99,98,0,Clean
EMP11600,VP_SEC_INTEL,Devon Brooks,Threat Intelligence & Security,EMP11503,0,THREAT_RES,IC3,US_AUSTIN_DENVER,4.5,0,rating_2,None,213900.0,218500.0,0.979,0.2,133000.0,424000.0,427000.0,421500.0,0.7,39,40,0,Clean
EMP11601,VP_SEC_INTEL,Devon Brooks,Threat Intelligence & Security,EMP11527,0,CYBER_SEC_ENG,IC1,APAC_SINGAPORE_TOKYO,6.6,0,rating_2,Tier_2,106400.0,116000.0,0.917,0.15,36000.0,168600.0,174900.0,178300.0,3.7,2,7,0,Clean
EMP11602,VP_SEC_INTEL,Devon Brooks,Threat Intelligence & Security,EMP11538,0,SEC_OPS,IC2,EU_ZURICH_MUNICH,5.0,0,rating_1,None,149400.0,170200.0,0.878,0.15,73600.0,248000.0,239800.0,229700.0,-3.3,72,68,0,Clean
EMP11603,VP_SEC_INTEL,Devon Brooks,Threat Intelligence & Security,EMP11502,0,THREAT_RES,IC2,EU_ZURICH_MUNICH,1.0,0,rating_3,None,131400.0,170200.0,0.772,0.15,73600.0,238000.0,240700.0,237800.0,1.1,43,44,0,Clean
EMP11604,VP_SEC_INTEL,Devon Brooks,Threat Intelligence & Security,EMP11508,0,CYBER_SEC_ENG,IC3,UK_LONDON,8.0,0,rating_2,Tier_2,198600.0,195500.0,1.016,0.2,119000.0,425600.0,348300.0,346300.0,-18.2,58,34,0,Clean
EMP11605,VP_SEC_INTEL,Devon Brooks,Threat Intelligence & Security,EMP11525,0,SEC_OPS,IC1,US_BAY_AREA,8.2,1,rating_4,None,138600.0,166800.0,0.831,0.15,51700.0,217400.0,213700.0,202700.0,-1.7,46,44,0,Clean
EMP11606,VP_SEC_INTEL,Devon Brooks,Threat Intelligence & Security,EMP11519,0,SW_ENG,IC2,US_AUSTIN_DENVER,7.0,0,rating_1,None,133600.0,175800.0,0.76,0.15,76000.0,231900.0,237200.0,226700.0,2.3,66,69,0,Clean
EMP11607,VP_SEC_INTEL,Devon Brooks,Threat Intelligence & Security,EMP11526,0,THREAT_RES,IC4,US_BAY_AREA,2.7,0,rating_5,None,293400.0,327800.0,0.895,0.25,287500.0,674700.0,662300.0,667400.0,-1.8,56,54,0,Clean
EMP11608,VP_SEC_INTEL,Devon Brooks,Threat Intelligence & Security,EMP11502,0,SEC_OPS,IC2,APAC_SINGAPORE_TOKYO,6.4,0,rating_3,None,133100.0,148000.0,0.899,0.15,64000.0,244200.0,253400.0,257100.0,3.8,44,49,0,Clean
EMP11609,VP_SEC_INTEL,Devon Brooks,Threat Intelligence & Security,EMP11510,0,CYBER_SEC_ENG,IC1,APAC_SINGAPORE_TOKYO,0.9,0,rating_3,Tier_2,111800.0,116000.0,0.964,0.15,36000.0,168500.0,153500.0,146700.0,-8.9,68,56,0,Clean
EMP11610,VP_SEC_INTEL,Devon Brooks,Threat Intelligence & Security,EMP11534,0,THREAT_RES,IC3,US_AUSTIN_DENVER,7.8,0,rating_3,None,212600.0,218500.0,0.973,0.2,133000.0,434700.0,428200.0,412400.0,-1.5,22,20,0,Clean
EMP11611,VP_SEC_INTEL,Devon Brooks,Threat Intelligence & Security,EMP11515,0,SW_ENG,IC1,US_BAY_AREA,3.6,0,rating_4,None,150600.0,166800.0,0.903,0.15,51700.0,218600.0,205400.0,195500.0,-6.0,20,12,1,Clean
EMP11612,VP_SEC_INTEL,Devon Brooks,Threat Intelligence & Security,EMP11531,0,SEC_OPS,IC2,APAC_SINGAPORE_TOKYO,5.2,0,rating_3,None,130500.0,148000.0,0.882,0.15,64000.0,255500.0,261200.0,250400.0,2.2,89,92,0,Clean
EMP11613,VP_SEC_INTEL,Devon Brooks,Threat Intelligence & Security,EMP11521,0,CYBER_SEC_ENG,IC1,US_AUSTIN_DENVER,1.5,0,rating_4,Tier_1,133900.0,137800.0,0.972,0.15,42800.0,203600.0,206100.0,207800.0,1.2,39,41,0,Clean
EMP11614,VP_SEC_INTEL,Devon Brooks,Threat Intelligence & Security,EMP11536,0,CYBER_SEC_ENG,IC1,US_SEATTLE_NYC,4.7,0,rating_3,Tier_2,140800.0,159500.0,0.883,0.15,49500.0,218300.0,171400.0,171600.0,-21.5,49,21,0,Clean
EMP11615,VP_SEC_INTEL,Devon Brooks,Threat Intelligence & Security,EMP11524,0,SEC_OPS,IC1,APAC_SINGAPORE_TOKYO,3.0,0,rating_3,None,117200.0,116000.0,1.01,0.15,36000.0,189600.0,173000.0,166700.0,-8.8,62,51,0,Clean
EMP11616,VP_SEC_INTEL,Devon Brooks,Threat Intelligence & Security,EMP11524,0,SEC_OPS,IC3,UK_LONDON,1.5,0,rating_2,None,174200.0,195500.0,0.891,0.2,119000.0,360200.0,330600.0,324000.0,-8.2,53,42,0,Clean
EMP11617,VP_SEC_INTEL,Devon Brooks,Threat Intelligence & Security,EMP11517,0,SEC_OPS,IC3,EU_ZURICH_MUNICH,2.4,0,rating_3,None,217300.0,211600.0,1.027,0.2,128800.0,395000.0,384400.0,370800.0,-2.7,51,47,1,Clean
EMP11618,VP_SEC_INTEL,Devon Brooks,Threat Intelligence & Security,EMP11512,0,SW_ENG,IC3,US_BAY_AREA,3.3,0,rating_3,None,252600.0,264500.0,0.955,0.2,161000.0,434800.0,398500.0,392500.0,-8.3,28,17,0,Clean
EMP11619,VP_SEC_INTEL,Devon Brooks,Threat Intelligence & Security,EMP11526,0,SEC_OPS,IC2,US_SEATTLE_NYC,0.6,0,rating_3,None,192300.0,203500.0,0.945,0.15,88000.0,290900.0,280500.0,269300.0,-3.6,42,37,0,Clean
EMP11620,VP_SEC_INTEL,Devon Brooks,Threat Intelligence & Security,EMP11525,0,THREAT_RES,IC2,UK_LONDON,4.5,0,rating_3,None,163600.0,157200.0,1.041,0.15,68000.0,264400.0,259500.0,263000.0,-1.9,36,34,0,Clean
EMP11621,VP_SEC_INTEL,Devon Brooks,Threat Intelligence & Security,EMP11523,0,THREAT_RES,IC2,EU_ZURICH_MUNICH,4.9,1,rating_3,None,142100.0,170200.0,0.835,0.15,73600.0,267200.0,267300.0,268300.0,0.0,64,64,0,Clean
EMP11622,VP_SEC_INTEL,Devon Brooks,Threat Intelligence & Security,EMP11526,0,THREAT_RES,IC2,US_SEATTLE_NYC,8.5,0,rating_3,None,197200.0,203500.0,0.969,0.15,88000.0,295000.0,298700.0,297200.0,1.3,60,62,0,Clean
EMP11623,VP_SEC_INTEL,Devon Brooks,Threat Intelligence & Security,EMP11510,0,SEC_OPS,IC2,APAC_SINGAPORE_TOKYO,6.3,0,rating_3,None,154100.0,148000.0,1.041,0.15,64000.0,283300.0,286400.0,276400.0,1.1,78,79,0,Clean
EMP11624,VP_SEC_INTEL,Devon Brooks,Threat Intelligence & Security,EMP11527,0,SEC_OPS,IC2,EU_ZURICH_MUNICH,7.8,0,rating_3,None,144000.0,170200.0,0.846,0.15,73600.0,240000.0,244900.0,241700.0,2.0,37,40,0,Clean
EMP11625,VP_SEC_INTEL,Devon Brooks,Threat Intelligence & Security,EMP11534,0,THREAT_RES,IC1,UK_LONDON,8.5,0,rating_4,None,114300.0,123200.0,0.928,0.15,38200.0,174300.0,160000.0,152700.0,-8.2,76,65,0,Clean
EMP11626,VP_SEC_INTEL,Devon Brooks,Threat Intelligence & Security,EMP11507,0,CYBER_SEC_ENG,IC1,UK_LONDON,1.8,0,rating_3,Tier_2,118100.0,123200.0,0.959,0.15,38200.0,195800.0,144500.0,144800.0,-26.2,21,1,0,Clean
EMP11627,VP_SEC_INTEL,Devon Brooks,Threat Intelligence & Security,EMP11524,0,SW_ENG,IC1,EU_ZURICH_MUNICH,2.3,0,rating_1,None,111700.0,133400.0,0.837,0.15,41400.0,169100.0,163200.0,161000.0,-3.5,69,64,0,Clean
EMP11628,VP_SEC_INTEL,Devon Brooks,Threat Intelligence & Security,EMP11512,0,THREAT_RES,IC1,APAC_SINGAPORE_TOKYO,6.3,0,rating_3,None,88200.0,116000.0,0.76,0.15,36000.0,141800.0,147100.0,141400.0,3.7,84,89,0,Clean
EMP11629,VP_SEC_INTEL,Devon Brooks,Threat Intelligence & Security,EMP11505,0,CYBER_SEC_ENG,IC1,US_BAY_AREA,7.1,0,rating_4,Tier_1,128800.0,166800.0,0.772,0.15,51700.0,204500.0,168000.0,163900.0,-17.8,67,44,0,Clean
EMP11630,VP_SEC_INTEL,Devon Brooks,Threat Intelligence & Security,EMP11501,0,SW_ENG,IC3,EU_ZURICH_MUNICH,1.5,0,rating_4,None,195500.0,211600.0,0.924,0.2,128800.0,417800.0,400700.0,383800.0,-4.1,67,62,0,Clean
EMP11631,VP_SEC_INTEL,Devon Brooks,Threat Intelligence & Security,EMP11511,0,SEC_OPS,IC2,UK_LONDON,3.3,0,rating_1,None,167300.0,157200.0,1.064,0.15,68000.0,282900.0,284700.0,284800.0,0.6,45,46,1,Clean
EMP11632,VP_SEC_INTEL,Devon Brooks,Threat Intelligence & Security,EMP11523,0,SW_ENG,IC2,US_BAY_AREA,5.1,0,rating_3,None,190200.0,212700.0,0.894,0.15,92000.0,314700.0,326900.0,320200.0,3.9,36,41,0,Clean
EMP11633,VP_SEC_INTEL,Devon Brooks,Threat Intelligence & Security,EMP11537,0,SEC_OPS,IC1,US_SEATTLE_NYC,4.1,0,rating_5,None,143100.0,159500.0,0.897,0.15,49500.0,212500.0,196800.0,191800.0,-7.4,58,48,0,Clean
EMP11634,VP_SEC_INTEL,Devon Brooks,Threat Intelligence & Security,EMP11522,0,SEC_OPS,IC3,US_SEATTLE_NYC,0.7,0,rating_5,None,216100.0,253000.0,0.854,0.2,154000.0,396800.0,399700.0,394500.0,0.7,45,46,0,Clean
EMP11635,VP_SEC_INTEL,Devon Brooks,Threat Intelligence & Security,EMP11533,0,SEC_OPS,IC3,US_AUSTIN_DENVER,5.1,0,rating_3,None,205200.0,218500.0,0.939,0.2,133000.0,394100.0,403300.0,384600.0,2.3,29,32,0,Clean
EMP11636,VP_SEC_INTEL,Devon Brooks,Threat Intelligence & Security,EMP11507,0,THREAT_RES,IC2,EU_ZURICH_MUNICH,5.8,0,rating_2,None,162200.0,170200.0,0.953,0.15,73600.0,287500.0,272800.0,274200.0,-5.1,56,49,0,Clean
EMP11637,VP_SEC_INTEL,Devon Brooks,Threat Intelligence & Security,EMP11535,0,CYBER_SEC_ENG,IC2,EU_ZURICH_MUNICH,0.8,0,rating_3,Tier_2,158800.0,170200.0,0.933,0.15,73600.0,258900.0,191200.0,185200.0,-26.1,99,65,0,Clean
EMP11638,VP_SEC_INTEL,Devon Brooks,Threat Intelligence & Security,EMP11522,0,CYBER_SEC_ENG,IC1,US_BAY_AREA,5.4,0,rating_5,Tier_1,137900.0,166800.0,0.827,0.15,51700.0,214800.0,196400.0,198100.0,-8.6,26,15,0,Clean
EMP11639,VP_SEC_INTEL,Devon Brooks,Threat Intelligence & Security,EMP11536,0,THREAT_RES,IC1,EU_ZURICH_MUNICH,4.1,0,rating_2,None,127000.0,133400.0,0.952,0.15,41400.0,203400.0,195500.0,186300.0,-3.9,91,86,1,Clean
EMP11640,VP_SEC_INTEL,Devon Brooks,Threat Intelligence & Security,EMP11535,0,THREAT_RES,IC1,US_BAY_AREA,3.3,0,rating_3,None,173100.0,166800.0,1.038,0.15,51700.0,241000.0,237500.0,231700.0,-1.5,96,94,0,Clean
EMP11641,VP_SEC_INTEL,Devon Brooks,Threat Intelligence & Security,EMP11521,0,THREAT_RES,IC3,US_BAY_AREA,1.9,0,rating_3,None,251000.0,264500.0,0.949,0.2,161000.0,453900.0,431300.0,418200.0,-5.0,64,58,0,Clean
EMP11642,VP_SEC_INTEL,Devon Brooks,Threat Intelligence & Security,EMP11525,0,SW_ENG,IC1,APAC_SINGAPORE_TOKYO,4.3,0,rating_3,None,110100.0,116000.0,0.949,0.15,36000.0,182800.0,180300.0,172100.0,-1.4,61,59,0,Clean
EMP11643,VP_SEC_INTEL,Devon Brooks,Threat Intelligence & Security,EMP11507,0,THREAT_RES,IC2,APAC_SINGAPORE_TOKYO,8.3,0,rating_4,None,114400.0,148000.0,0.773,0.15,64000.0,212300.0,211600.0,207500.0,-0.3,86,86,0,Clean
EMP11644,VP_SEC_INTEL,Devon Brooks,Threat Intelligence & Security,EMP11507,0,THREAT_RES,IC3,APAC_SINGAPORE_TOKYO,6.1,0,rating_2,None,185100.0,184000.0,1.006,0.2,112000.0,357100.0,325200.0,321100.0,-8.9,57,45,0,Clean
EMP11645,VP_SEC_INTEL,Devon Brooks,Threat Intelligence & Security,EMP11518,0,THREAT_RES,IC1,US_AUSTIN_DENVER,1.3,0,rating_2,None,130800.0,137800.0,0.949,0.15,42800.0,193800.0,184700.0,173800.0,-4.7,57,51,0,Clean
EMP11646,VP_SEC_INTEL,Devon Brooks,Threat Intelligence & Security,EMP11509,0,CYBER_SEC_ENG,IC1,US_AUSTIN_DENVER,8.8,0,rating_3,Tier_2,126800.0,137800.0,0.92,0.15,42800.0,204700.0,190000.0,185700.0,-7.2,98,89,0,Clean
EMP11647,VP_SEC_INTEL,Devon Brooks,Threat Intelligence & Security,EMP11517,0,THREAT_RES,IC3,US_BAY_AREA,1.4,0,rating_4,None,227200.0,264500.0,0.859,0.2,161000.0,438900.0,439400.0,432000.0,0.1,52,52,0,Clean
EMP11648,VP_SEC_INTEL,Devon Brooks,Threat Intelligence & Security,EMP11501,0,SEC_OPS,IC1,UK_LONDON,5.5,0,rating_3,None,121800.0,123200.0,0.989,0.15,38200.0,200000.0,204900.0,205000.0,2.5,59,62,0,Clean
EMP11649,VP_SEC_INTEL,Devon Brooks,Threat Intelligence & Security,EMP11528,0,SW_ENG,IC2,EU_ZURICH_MUNICH,4.9,0,rating_3,None,161500.0,170200.0,0.949,0.15,73600.0,265300.0,256400.0,242200.0,-3.4,47,43,0,Clean
EMP11650,VP_SEC_INTEL,Devon Brooks,Threat Intelligence & Security,EMP11523,0,THREAT_RES,IC3,APAC_SINGAPORE_TOKYO,0.7,0,rating_3,None,139800.0,184000.0,0.76,0.2,112000.0,342400.0,317600.0,318600.0,-7.2,35,26,0,Clean
EMP11651,VP_SEC_INTEL,Devon Brooks,Threat Intelligence & Security,EMP11526,0,THREAT_RES,IC2,US_AUSTIN_DENVER,1.9,0,rating_4,None,157000.0,175800.0,0.893,0.15,76000.0,278100.0,256000.0,252600.0,-7.9,68,58,0,Clean
EMP11652,VP_SEC_INTEL,Devon Brooks,Threat Intelligence & Security,EMP11512,0,CYBER_SEC_ENG,IC3,US_BAY_AREA,5.2,0,rating_4,Tier_1,223800.0,264500.0,0.846,0.2,161000.0,416000.0,432000.0,421500.0,3.8,47,52,0,Clean
EMP11653,VP_SEC_INTEL,Devon Brooks,Threat Intelligence & Security,EMP11517,0,CYBER_SEC_ENG,IC3,US_BAY_AREA,0.6,0,rating_2,Tier_2,247300.0,264500.0,0.935,0.2,161000.0,421900.0,393500.0,370300.0,-6.7,40,31,0,Clean
EMP11654,VP_SEC_INTEL,Devon Brooks,Threat Intelligence & Security,EMP11527,0,SEC_OPS,IC2,US_BAY_AREA,3.6,0,rating_3,None,203600.0,212700.0,0.957,0.15,92000.0,315800.0,321800.0,327300.0,1.9,70,72,0,Clean
EMP11655,VP_SEC_INTEL,Devon Brooks,Threat Intelligence & Security,EMP11505,0,SW_ENG,IC2,APAC_SINGAPORE_TOKYO,7.0,1,rating_3,None,150700.0,148000.0,1.018,0.15,64000.0,271700.0,267600.0,256800.0,-1.5,61,59,0,Clean
EMP11656,VP_SEC_INTEL,Devon Brooks,Threat Intelligence & Security,EMP11512,0,SW_ENG,IC1,UK_LONDON,5.0,0,rating_3,None,129600.0,123200.0,1.052,0.15,38200.0,202900.0,195700.0,184300.0,-3.5,85,80,0,Clean
EMP11657,VP_SEC_INTEL,Devon Brooks,Threat Intelligence & Security,EMP11503,0,SW_ENG,IC1,UK_LONDON,2.9,0,rating_3,None,122200.0,123200.0,0.992,0.15,38200.0,189400.0,183100.0,174000.0,-3.3,75,71,0,Clean
EMP11658,VP_SEC_INTEL,Devon Brooks,Threat Intelligence & Security,EMP11523,0,SW_ENG,IC1,US_SEATTLE_NYC,1.4,0,rating_3,None,138000.0,159500.0,0.865,0.15,49500.0,206500.0,191900.0,183800.0,-7.1,56,47,0,Clean
EMP11659,VP_SEC_INTEL,Devon Brooks,Threat Intelligence & Security,EMP11513,0,CYBER_SEC_ENG,IC3,US_BAY_AREA,3.8,0,rating_3,Tier_2,220300.0,264500.0,0.833,0.2,161000.0,450900.0,371200.0,370200.0,-17.7,19,1,0,Clean
EMP11660,VP_SEC_INTEL,Devon Brooks,Threat Intelligence & Security,EMP11519,0,THREAT_RES,IC1,UK_LONDON,0.8,0,rating_4,None,116300.0,123200.0,0.944,0.15,38200.0,182700.0,176200.0,178600.0,-3.6,76,71,0,Clean
EMP11661,VP_SEC_INTEL,Devon Brooks,Threat Intelligence & Security,EMP11514,0,SW_ENG,IC3,US_SEATTLE_NYC,4.8,0,rating_3,None,226400.0,253000.0,0.895,0.2,154000.0,395600.0,376900.0,364500.0,-4.7,47,41,0,Clean
EMP11662,VP_SEC_INTEL,Devon Brooks,Threat Intelligence & Security,EMP11506,0,SEC_OPS,IC3,EU_ZURICH_MUNICH,3.1,0,rating_3,None,185400.0,211600.0,0.876,0.2,128800.0,403300.0,382100.0,365900.0,-5.3,42,35,0,Clean
EMP11663,VP_SEC_INTEL,Devon Brooks,Threat Intelligence & Security,EMP11505,0,THREAT_RES,IC3,US_SEATTLE_NYC,7.0,0,rating_3,None,228000.0,253000.0,0.901,0.2,154000.0,450300.0,443300.0,432600.0,-1.6,77,75,1,Clean
EMP11664,VP_SEC_INTEL,Devon Brooks,Threat Intelligence & Security,EMP11523,0,SW_ENG,IC3,APAC_SINGAPORE_TOKYO,4.9,0,rating_2,None,171300.0,184000.0,0.931,0.2,112000.0,327500.0,327300.0,312200.0,-0.1,98,98,0,Clean
EMP11665,VP_SEC_INTEL,Devon Brooks,Threat Intelligence & Security,EMP11518,0,CYBER_SEC_ENG,IC1,US_BAY_AREA,6.7,0,rating_4,Tier_1,144900.0,166800.0,0.869,0.15,51700.0,211900.0,200200.0,189700.0,-5.5,42,35,0,Clean
EMP11666,VP_SEC_INTEL,Devon Brooks,Threat Intelligence & Security,EMP11538,0,CYBER_SEC_ENG,IC2,EU_ZURICH_MUNICH,1.3,0,rating_2,Tier_2,157400.0,170200.0,0.925,0.15,73600.0,251000.0,249500.0,242700.0,-0.6,25,24,0,Clean
EMP11667,VP_SEC_INTEL,Devon Brooks,Threat Intelligence & Security,EMP11533,0,SW_ENG,IC4,US_AUSTIN_DENVER,3.5,0,rating_3,None,247800.0,270800.0,0.915,0.25,237500.0,616400.0,628500.0,639200.0,2.0,60,63,0,Clean
EMP11668,VP_SEC_INTEL,Devon Brooks,Threat Intelligence & Security,EMP11527,0,THREAT_RES,IC3,APAC_SINGAPORE_TOKYO,3.0,0,rating_3,None,182900.0,184000.0,0.994,0.2,112000.0,401600.0,406300.0,393900.0,1.2,24,26,0,Clean
EMP11669,VP_SEC_INTEL,Devon Brooks,Threat Intelligence & Security,EMP11534,0,CYBER_SEC_ENG,IC2,US_BAY_AREA,4.4,0,rating_3,Tier_2,203600.0,212700.0,0.957,0.15,92000.0,306500.0,291200.0,274700.0,-5.0,74,68,0,Clean
EMP11670,VP_SEC_INTEL,Devon Brooks,Threat Intelligence & Security,EMP11536,0,SW_ENG,IC2,US_SEATTLE_NYC,8.3,0,rating_3,None,169700.0,203500.0,0.834,0.15,88000.0,264700.0,265200.0,258700.0,0.2,82,82,0,Clean
EMP11671,VP_SEC_INTEL,Devon Brooks,Threat Intelligence & Security,EMP11516,0,SEC_OPS,IC1,UK_LONDON,8.4,0,rating_1,None,104200.0,123200.0,0.846,0.15,38200.0,173800.0,178200.0,169200.0,2.5,24,27,0,Clean
EMP11672,VP_SEC_INTEL,Devon Brooks,Threat Intelligence & Security,EMP11512,0,SEC_OPS,IC2,EU_ZURICH_MUNICH,2.4,0,rating_3,None,141900.0,170200.0,0.834,0.15,73600.0,249300.0,247800.0,241500.0,-0.6,20,19,0,Clean
EMP11673,VP_SEC_INTEL,Devon Brooks,Threat Intelligence & Security,EMP11539,0,CYBER_SEC_ENG,IC3,UK_LONDON,4.8,0,rating_3,Tier_2,168700.0,195500.0,0.863,0.2,119000.0,378300.0,378400.0,382000.0,0.0,55,55,0,Clean
EMP11674,VP_SEC_INTEL,Devon Brooks,Threat Intelligence & Security,EMP11526,0,SW_ENG,IC1,APAC_SINGAPORE_TOKYO,1.0,0,rating_3,None,104900.0,116000.0,0.904,0.15,36000.0,162000.0,164900.0,164200.0,1.8,57,59,0,Clean
EMP11675,VP_SEC_INTEL,Devon Brooks,Threat Intelligence & Security,EMP11536,0,CYBER_SEC_ENG,IC2,EU_ZURICH_MUNICH,1.9,0,rating_3,Tier_2,166800.0,170200.0,0.98,0.15,73600.0,268000.0,270400.0,262900.0,0.9,25,26,0,Clean
EMP11676,VP_SEC_INTEL,Devon Brooks,Threat Intelligence & Security,EMP11501,0,THREAT_RES,IC2,EU_ZURICH_MUNICH,4.1,0,rating_5,None,157400.0,170200.0,0.925,0.15,73600.0,286200.0,278700.0,274500.0,-2.6,44,41,0,Clean
EMP11677,VP_SEC_INTEL,Devon Brooks,Threat Intelligence & Security,EMP11514,0,THREAT_RES,IC3,UK_LONDON,3.9,0,rating_4,None,196900.0,195500.0,1.007,0.2,119000.0,412900.0,392300.0,377000.0,-5.0,73,66,0,Clean
EMP11678,VP_SEC_INTEL,Devon Brooks,Threat Intelligence & Security,EMP11502,0,THREAT_RES,IC1,US_BAY_AREA,3.5,0,rating_3,None,147800.0,166800.0,0.886,0.15,51700.0,222600.0,222600.0,211300.0,0.0,36,36,0,Clean
EMP11679,VP_SEC_INTEL,Devon Brooks,Threat Intelligence & Security,EMP11527,0,SEC_OPS,IC2,EU_ZURICH_MUNICH,1.9,0,rating_4,None,161900.0,170200.0,0.951,0.15,73600.0,254300.0,240000.0,237300.0,-5.6,82,75,0,Clean
EMP11680,VP_SEC_INTEL,Devon Brooks,Threat Intelligence & Security,EMP11515,0,SW_ENG,IC2,APAC_SINGAPORE_TOKYO,6.7,0,rating_3,None,139000.0,148000.0,0.939,0.15,64000.0,255500.0,259800.0,245800.0,1.7,9,11,0,Clean
EMP11681,VP_SEC_INTEL,Devon Brooks,Threat Intelligence & Security,EMP11531,0,CYBER_SEC_ENG,IC2,UK_LONDON,6.9,0,rating_3,Tier_2,124800.0,157200.0,0.794,0.15,68000.0,216100.0,211500.0,213400.0,-2.1,8,5,0,Clean
EMP11682,VP_SEC_INTEL,Devon Brooks,Threat Intelligence & Security,EMP11507,0,SW_ENG,IC2,EU_ZURICH_MUNICH,7.1,0,rating_4,None,170200.0,170200.0,1.0,0.15,73600.0,267400.0,243400.0,247100.0,-9.0,35,23,0,Clean
EMP11683,VP_SEC_INTEL,Devon Brooks,Threat Intelligence & Security,EMP11504,0,THREAT_RES,IC3,UK_LONDON,8.1,0,rating_4,None,175200.0,195500.0,0.896,0.2,119000.0,365100.0,357800.0,351100.0,-2.0,47,44,0,Clean
EMP11684,VP_SEC_INTEL,Devon Brooks,Threat Intelligence & Security,EMP11505,0,SEC_OPS,IC2,US_SEATTLE_NYC,5.0,0,rating_3,None,166300.0,203500.0,0.817,0.15,88000.0,294000.0,278900.0,268800.0,-5.1,46,39,0,Clean
EMP11685,VP_SEC_INTEL,Devon Brooks,Threat Intelligence & Security,EMP11502,0,CYBER_SEC_ENG,IC2,UK_LONDON,1.1,0,rating_3,Tier_2,150900.0,157200.0,0.96,0.15,68000.0,264100.0,256400.0,246700.0,-2.9,75,71,0,Clean
EMP11686,VP_SEC_INTEL,Devon Brooks,Threat Intelligence & Security,EMP11528,0,CYBER_SEC_ENG,IC3,APAC_SINGAPORE_TOKYO,1.6,0,rating_4,Tier_1,145400.0,184000.0,0.79,0.2,112000.0,326600.0,297900.0,280800.0,-8.8,22,11,1,Clean
EMP11687,VP_SEC_INTEL,Devon Brooks,Threat Intelligence & Security,EMP11540,0,CYBER_SEC_ENG,IC1,APAC_SINGAPORE_TOKYO,5.6,0,rating_4,Tier_1,105800.0,116000.0,0.912,0.15,36000.0,180200.0,135100.0,130500.0,-25.0,37,4,0,Clean
EMP11688,VP_SEC_INTEL,Devon Brooks,Threat Intelligence & Security,EMP11512,0,SW_ENG,IC2,EU_ZURICH_MUNICH,8.4,0,rating_4,None,144700.0,170200.0,0.85,0.15,73600.0,234800.0,236500.0,237600.0,0.7,8,9,0,Clean
EMP11689,VP_SEC_INTEL,Devon Brooks,Threat Intelligence & Security,EMP11511,0,SW_ENG,IC2,US_SEATTLE_NYC,2.1,0,rating_2,None,182900.0,203500.0,0.899,0.15,88000.0,316600.0,307000.0,294700.0,-3.0,55,51,0,Clean
EMP11690,VP_SEC_INTEL,Devon Brooks,Threat Intelligence & Security,EMP11537,0,CYBER_SEC_ENG,IC2,US_SEATTLE_NYC,8.1,0,rating_3,Tier_2,169300.0,203500.0,0.832,0.15,88000.0,292900.0,221100.0,222800.0,-24.5,30,1,0,Clean
EMP11691,VP_SEC_INTEL,Devon Brooks,Threat Intelligence & Security,EMP11523,0,SEC_OPS,IC2,US_AUSTIN_DENVER,8.8,0,rating_3,None,155100.0,175800.0,0.882,0.15,76000.0,261100.0,269600.0,268100.0,3.3,52,56,0,Clean
EMP11692,VP_SEC_INTEL,Devon Brooks,Threat Intelligence & Security,EMP11518,0,THREAT_RES,IC3,US_BAY_AREA,4.0,0,rating_3,None,223000.0,264500.0,0.843,0.2,161000.0,422800.0,399900.0,398700.0,-5.4,83,76,0,Clean
EMP11693,VP_SEC_INTEL,Devon Brooks,Threat Intelligence & Security,EMP11509,0,CYBER_SEC_ENG,IC1,UK_LONDON,5.3,0,rating_4,Tier_1,104200.0,123200.0,0.846,0.15,38200.0,167200.0,155000.0,152900.0,-7.3,67,58,0,Clean
EMP11694,VP_SEC_INTEL,Devon Brooks,Threat Intelligence & Security,EMP11512,0,CYBER_SEC_ENG,IC1,US_AUSTIN_DENVER,8.7,0,rating_2,Tier_2,129900.0,137800.0,0.943,0.15,42800.0,200300.0,152700.0,148400.0,-23.8,79,48,0,Clean
EMP11695,VP_SEC_INTEL,Devon Brooks,Threat Intelligence & Security,EMP11537,0,THREAT_RES,IC2,US_SEATTLE_NYC,8.3,0,rating_5,None,196000.0,203500.0,0.963,0.15,88000.0,331300.0,329800.0,314100.0,-0.5,37,36,0,Clean
EMP11696,VP_SEC_INTEL,Devon Brooks,Threat Intelligence & Security,EMP11536,0,SW_ENG,IC1,EU_ZURICH_MUNICH,8.3,0,rating_3,None,119700.0,133400.0,0.897,0.15,41400.0,191900.0,185900.0,177500.0,-3.1,4,1,0,Clean
EMP11697,VP_SEC_INTEL,Devon Brooks,Threat Intelligence & Security,EMP11520,0,SW_ENG,IC1,EU_ZURICH_MUNICH,5.6,0,rating_4,None,126700.0,133400.0,0.95,0.15,41400.0,197600.0,186200.0,179900.0,-5.8,78,70,0,Clean
EMP11698,VP_SEC_INTEL,Devon Brooks,Threat Intelligence & Security,EMP11539,0,THREAT_RES,IC1,UK_LONDON,3.9,0,rating_2,None,113000.0,123200.0,0.917,0.15,38200.0,182900.0,182100.0,178000.0,-0.4,52,51,0,Clean
EMP11699,VP_SEC_INTEL,Devon Brooks,Threat Intelligence & Security,EMP11505,0,SW_ENG,IC4,APAC_SINGAPORE_TOKYO,0.6,0,rating_1,None,200900.0,228000.0,0.881,0.25,200000.0,580600.0,533700.0,514500.0,-8.1,38,27,0,Clean
EMP11700,VP_SEC_INTEL,Devon Brooks,Threat Intelligence & Security,EMP11537,0,THREAT_RES,IC2,APAC_SINGAPORE_TOKYO,3.0,0,rating_1,None,141200.0,148000.0,0.954,0.15,64000.0,247800.0,236000.0,234500.0,-4.8,29,23,0,Clean
EMP11701,VP_SEC_INTEL,Devon Brooks,Threat Intelligence & Security,EMP11509,0,CYBER_SEC_ENG,IC1,US_AUSTIN_DENVER,8.9,0,rating_2,Tier_2,114400.0,137800.0,0.83,0.15,42800.0,175100.0,160000.0,162300.0,-8.6,26,15,0,Clean
EMP11702,VP_SEC_INTEL,Devon Brooks,Threat Intelligence & Security,EMP11507,0,SW_ENG,IC2,EU_ZURICH_MUNICH,8.8,0,rating_4,None,164900.0,170200.0,0.969,0.15,73600.0,296700.0,300000.0,304100.0,1.1,38,39,1,Clean
EMP11703,VP_SEC_INTEL,Devon Brooks,Threat Intelligence & Security,EMP11524,0,THREAT_RES,IC2,US_BAY_AREA,5.0,0,rating_3,None,212300.0,212700.0,0.998,0.15,92000.0,330000.0,317800.0,301300.0,-3.7,70,65,0,Clean
EMP11704,VP_SEC_INTEL,Devon Brooks,Threat Intelligence & Security,EMP11531,0,SW_ENG,IC1,US_BAY_AREA,6.1,0,rating_3,None,144100.0,166800.0,0.864,0.15,51700.0,219900.0,209200.0,212800.0,-4.9,92,86,0,Clean
EMP11705,VP_SEC_INTEL,Devon Brooks,Threat Intelligence & Security,EMP11540,0,SEC_OPS,IC1,US_BAY_AREA,2.4,0,rating_3,None,165500.0,166800.0,0.992,0.15,51700.0,230200.0,239100.0,231400.0,3.9,54,59,0,Clean
EMP11706,VP_SEC_INTEL,Devon Brooks,Threat Intelligence & Security,EMP11537,0,THREAT_RES,IC3,US_BAY_AREA,4.6,0,rating_3,None,250700.0,264500.0,0.948,0.2,161000.0,461600.0,424300.0,405600.0,-8.1,69,58,0,Clean
EMP11707,VP_SEC_INTEL,Devon Brooks,Threat Intelligence & Security,EMP11503,0,THREAT_RES,IC1,US_AUSTIN_DENVER,0.7,0,rating_4,None,130400.0,137800.0,0.946,0.15,42800.0,202000.0,204300.0,200100.0,1.1,35,36,0,Clean
EMP11708,VP_SEC_INTEL,Devon Brooks,Threat Intelligence & Security,EMP11535,0,THREAT_RES,IC2,US_SEATTLE_NYC,6.9,1,rating_5,None,183200.0,203500.0,0.9,0.15,88000.0,312200.0,300900.0,284700.0,-3.6,60,55,1,Clean
EMP11709,VP_SEC_INTEL,Devon Brooks,Threat Intelligence & Security,EMP11531,0,SW_ENG,IC2,US_BAY_AREA,2.1,0,rating_3,None,182700.0,212700.0,0.859,0.15,92000.0,301800.0,277700.0,268900.0,-8.0,54,44,0,Clean
EMP11710,VP_SEC_INTEL,Devon Brooks,Threat Intelligence & Security,EMP11539,0,SW_ENG,IC3,EU_ZURICH_MUNICH,2.7,0,rating_3,None,206300.0,211600.0,0.975,0.2,128800.0,423100.0,402700.0,405400.0,-4.8,52,46,0,Clean
EMP11711,VP_SEC_INTEL,Devon Brooks,Threat Intelligence & Security,EMP11540,0,SW_ENG,IC2,US_SEATTLE_NYC,5.5,0,rating_3,None,179500.0,203500.0,0.882,0.15,88000.0,307300.0,279800.0,269400.0,-8.9,45,33,0,Clean
EMP11712,VP_SEC_INTEL,Devon Brooks,Threat Intelligence & Security,EMP11501,0,SW_ENG,IC2,US_AUSTIN_DENVER,2.0,0,rating_1,None,167400.0,175800.0,0.952,0.15,76000.0,284700.0,288300.0,283600.0,1.3,65,67,0,Clean
EMP11713,VP_SEC_INTEL,Devon Brooks,Threat Intelligence & Security,EMP11502,0,SEC_OPS,IC2,UK_LONDON,3.9,1,rating_3,None,145300.0,157200.0,0.924,0.15,68000.0,255600.0,263000.0,258700.0,2.9,11,15,0,Clean
EMP11714,VP_SEC_INTEL,Devon Brooks,Threat Intelligence & Security,EMP11502,0,CYBER_SEC_ENG,IC2,US_SEATTLE_NYC,7.9,0,rating_3,Tier_2,178700.0,203500.0,0.878,0.15,88000.0,309600.0,237800.0,235000.0,-23.2,61,31,0,Clean
EMP11715,VP_SEC_INTEL,Devon Brooks,Threat Intelligence & Security,EMP11522,0,THREAT_RES,IC2,US_SEATTLE_NYC,1.0,0,rating_5,None,193900.0,203500.0,0.953,0.15,88000.0,325000.0,317000.0,310800.0,-2.5,57,54,0,Clean
EMP11716,VP_SEC_INTEL,Devon Brooks,Threat Intelligence & Security,EMP11528,0,SEC_OPS,IC2,US_BAY_AREA,7.5,0,rating_3,None,189900.0,212700.0,0.893,0.15,92000.0,314400.0,289900.0,292000.0,-7.8,48,38,0,Clean
EMP11717,VP_SEC_INTEL,Devon Brooks,Threat Intelligence & Security,EMP11519,0,CYBER_SEC_ENG,IC3,US_BAY_AREA,0.9,0,rating_2,Tier_2,252100.0,264500.0,0.953,0.2,161000.0,428500.0,321500.0,310900.0,-25.0,97,64,0,Clean
EMP11718,VP_SEC_INTEL,Devon Brooks,Threat Intelligence & Security,EMP11526,0,CYBER_SEC_ENG,IC1,US_BAY_AREA,5.6,0,rating_3,Tier_2,141900.0,166800.0,0.851,0.15,51700.0,216800.0,201400.0,194400.0,-7.1,38,29,0,Clean
EMP11719,VP_SEC_INTEL,Devon Brooks,Threat Intelligence & Security,EMP11501,0,SW_ENG,IC2,US_AUSTIN_DENVER,7.1,0,rating_3,None,157500.0,175800.0,0.896,0.15,76000.0,251400.0,246200.0,249000.0,-2.1,32,29,0,Clean
EMP11720,VP_SEC_INTEL,Devon Brooks,Threat Intelligence & Security,EMP11513,0,CYBER_SEC_ENG,IC1,US_AUSTIN_DENVER,3.8,0,rating_3,Tier_2,122500.0,137800.0,0.889,0.15,42800.0,184600.0,150700.0,147500.0,-18.4,58,34,0,Clean
EMP11721,VP_SEC_INTEL,Devon Brooks,Threat Intelligence & Security,EMP11527,0,SW_ENG,IC1,APAC_SINGAPORE_TOKYO,5.0,0,rating_1,None,106000.0,116000.0,0.914,0.15,36000.0,160500.0,161700.0,153000.0,0.7,29,30,1,Clean
EMP11722,VP_SEC_INTEL,Devon Brooks,Threat Intelligence & Security,EMP11524,0,SEC_OPS,IC2,US_BAY_AREA,3.9,0,rating_3,None,196700.0,212700.0,0.925,0.15,92000.0,326700.0,314000.0,296200.0,-3.9,75,70,0,Clean
EMP11723,VP_SEC_INTEL,Devon Brooks,Threat Intelligence & Security,EMP11501,0,THREAT_RES,IC2,APAC_SINGAPORE_TOKYO,0.6,0,rating_3,None,120200.0,148000.0,0.812,0.15,64000.0,239700.0,237600.0,234500.0,-0.9,45,44,0,Clean
EMP11724,VP_SEC_INTEL,Devon Brooks,Threat Intelligence & Security,EMP11503,0,THREAT_RES,IC2,US_BAY_AREA,2.2,0,rating_1,None,197400.0,212700.0,0.928,0.15,92000.0,295900.0,279400.0,266200.0,-5.6,35,28,0,Clean
EMP11725,VP_SEC_INTEL,Devon Brooks,Threat Intelligence & Security,EMP11524,0,SW_ENG,IC2,US_SEATTLE_NYC,0.9,0,rating_4,None,196800.0,203500.0,0.967,0.15,88000.0,296000.0,293300.0,288200.0,-0.9,28,27,0,Clean
EMP11726,VP_SEC_INTEL,Devon Brooks,Threat Intelligence & Security,EMP11530,0,SEC_OPS,IC1,US_AUSTIN_DENVER,5.2,0,rating_3,None,121400.0,137800.0,0.881,0.15,42800.0,199300.0,182500.0,175700.0,-8.4,36,25,0,Clean
EMP11727,VP_SEC_INTEL,Devon Brooks,Threat Intelligence & Security,EMP11519,0,THREAT_RES,IC3,EU_ZURICH_MUNICH,5.0,0,rating_3,None,208400.0,211600.0,0.985,0.2,128800.0,407500.0,391400.0,387600.0,-4.0,69,64,0,Clean
EMP11728,VP_SEC_INTEL,Devon Brooks,Threat Intelligence & Security,EMP11519,0,SEC_OPS,IC3,UK_LONDON,6.4,0,rating_4,None,182400.0,195500.0,0.933,0.2,119000.0,346500.0,343100.0,324000.0,-1.0,64,63,0,Clean
EMP11729,VP_SEC_INTEL,Devon Brooks,Threat Intelligence & Security,EMP11516,0,SEC_OPS,IC4,US_BAY_AREA,1.8,0,rating_3,None,314700.0,327800.0,0.96,0.25,287500.0,661900.0,627800.0,633500.0,-5.2,9,2,0,Clean
EMP11730,VP_SEC_INTEL,Devon Brooks,Threat Intelligence & Security,EMP11526,0,THREAT_RES,IC1,US_AUSTIN_DENVER,4.3,1,rating_3,None,126500.0,137800.0,0.918,0.15,42800.0,192200.0,179900.0,169200.0,-6.4,44,36,0,Clean
EMP11731,VP_SEC_INTEL,Devon Brooks,Threat Intelligence & Security,EMP11506,0,CYBER_SEC_ENG,IC2,US_AUSTIN_DENVER,3.3,0,rating_3,Tier_2,150000.0,175800.0,0.853,0.15,76000.0,245700.0,178900.0,171700.0,-27.2,62,27,0,Clean
EMP11732,VP_SEC_INTEL,Devon Brooks,Threat Intelligence & Security,EMP11517,0,SEC_OPS,IC1,US_AUSTIN_DENVER,1.0,0,rating_2,None,124300.0,137800.0,0.902,0.15,42800.0,196800.0,204400.0,199800.0,3.9,29,34,0,Clean
EMP11733,VP_SEC_INTEL,Devon Brooks,Threat Intelligence & Security,EMP11508,0,CYBER_SEC_ENG,IC2,APAC_SINGAPORE_TOKYO,4.2,0,rating_3,Tier_2,148100.0,148000.0,1.001,0.15,64000.0,268000.0,214100.0,211200.0,-20.1,38,12,0,Clean
EMP11734,VP_SEC_INTEL,Devon Brooks,Threat Intelligence & Security,EMP11508,0,THREAT_RES,IC2,US_AUSTIN_DENVER,4.5,0,rating_3,None,156600.0,175800.0,0.891,0.15,76000.0,263900.0,272900.0,264700.0,3.4,25,29,0,Clean
EMP11735,VP_SEC_INTEL,Devon Brooks,Threat Intelligence & Security,EMP11516,0,SEC_OPS,IC4,UK_LONDON,0.7,0,rating_3,None,222800.0,242200.0,0.92,0.25,212500.0,591700.0,546200.0,521500.0,-7.7,42,32,0,Clean
EMP11736,VP_SEC_INTEL,Devon Brooks,Threat Intelligence & Security,EMP11532,0,THREAT_RES,IC1,US_SEATTLE_NYC,3.0,0,rating_3,None,139600.0,159500.0,0.875,0.15,49500.0,201700.0,198400.0,200200.0,-1.6,22,20,1,Clean
EMP11737,VP_SEC_INTEL,Devon Brooks,Threat Intelligence & Security,EMP11536,0,SW_ENG,IC3,US_SEATTLE_NYC,2.1,0,rating_4,None,233000.0,253000.0,0.921,0.2,154000.0,430800.0,426600.0,421300.0,-1.0,8,7,0,Clean
EMP11738,VP_SEC_INTEL,Devon Brooks,Threat Intelligence & Security,EMP11531,0,THREAT_RES,IC3,US_SEATTLE_NYC,2.6,1,rating_3,None,223700.0,253000.0,0.884,0.2,154000.0,404100.0,377300.0,372000.0,-6.6,5,1,0,Clean
EMP11739,VP_SEC_INTEL,Devon Brooks,Threat Intelligence & Security,EMP11505,0,THREAT_RES,IC2,US_SEATTLE_NYC,5.5,0,rating_3,None,185800.0,203500.0,0.913,0.15,88000.0,320200.0,312000.0,295000.0,-2.6,37,34,0,Clean
EMP11740,VP_SEC_INTEL,Devon Brooks,Threat Intelligence & Security,EMP11539,0,SEC_OPS,IC1,US_AUSTIN_DENVER,8.4,0,rating_3,None,133500.0,137800.0,0.969,0.15,42800.0,199400.0,204700.0,193400.0,2.7,9,13,0,Clean
EMP11741,VP_SEC_INTEL,Devon Brooks,Threat Intelligence & Security,EMP11537,0,CYBER_SEC_ENG,IC2,US_SEATTLE_NYC,2.1,0,rating_1,Tier_2,175600.0,203500.0,0.863,0.15,88000.0,285600.0,213400.0,212100.0,-25.3,47,14,0,Clean
EMP11742,VP_SEC_INTEL,Devon Brooks,Threat Intelligence & Security,EMP11510,0,SEC_OPS,IC3,UK_LONDON,3.9,0,rating_4,None,168500.0,195500.0,0.862,0.2,119000.0,372000.0,372400.0,351100.0,0.1,55,55,0,Clean
EMP11743,VP_SEC_INTEL,Devon Brooks,Threat Intelligence & Security,EMP11531,0,SEC_OPS,IC1,US_BAY_AREA,7.3,0,rating_3,None,154800.0,166800.0,0.928,0.15,51700.0,223800.0,212800.0,210700.0,-4.9,74,68,0,Clean
EMP11744,VP_SEC_INTEL,Devon Brooks,Threat Intelligence & Security,EMP11519,0,CYBER_SEC_ENG,IC1,APAC_SINGAPORE_TOKYO,7.1,0,rating_3,Tier_2,93000.0,116000.0,0.802,0.15,36000.0,156400.0,123800.0,120700.0,-20.8,58,31,0,Clean
EMP11745,VP_SEC_INTEL,Devon Brooks,Threat Intelligence & Security,EMP11511,0,SEC_OPS,IC2,US_SEATTLE_NYC,3.9,0,rating_4,None,162800.0,203500.0,0.8,0.15,88000.0,261600.0,266700.0,255900.0,1.9,92,94,0,Clean
EMP11746,VP_SEC_INTEL,Devon Brooks,Threat Intelligence & Security,EMP11523,0,SEC_OPS,IC2,US_AUSTIN_DENVER,1.4,0,rating_3,None,178800.0,175800.0,1.017,0.15,76000.0,286200.0,278500.0,274900.0,-2.7,39,35,0,Clean
EMP11747,VP_SEC_INTEL,Devon Brooks,Threat Intelligence & Security,EMP11538,0,SEC_OPS,IC2,APAC_SINGAPORE_TOKYO,4.8,0,rating_3,None,123100.0,148000.0,0.832,0.15,64000.0,241200.0,227600.0,230600.0,-5.6,39,32,1,Clean
EMP11748,VP_SEC_INTEL,Devon Brooks,Threat Intelligence & Security,EMP11540,0,SW_ENG,IC3,US_BAY_AREA,2.3,0,rating_4,None,257400.0,264500.0,0.973,0.2,161000.0,485500.0,490700.0,478400.0,1.1,28,29,0,Clean
EMP11749,VP_SEC_INTEL,Devon Brooks,Threat Intelligence & Security,EMP11515,0,SW_ENG,IC4,UK_LONDON,6.1,0,rating_3,None,226700.0,242200.0,0.936,0.25,212500.0,612700.0,600100.0,595300.0,-2.1,59,56,0,Clean
EMP11750,VP_SEC_INTEL,Devon Brooks,Threat Intelligence & Security,EMP11522,0,SW_ENG,IC2,US_SEATTLE_NYC,1.9,0,rating_2,None,185200.0,203500.0,0.91,0.15,88000.0,298500.0,298800.0,302800.0,0.1,54,54,0,Clean
EMP11751,VP_SEC_INTEL,Devon Brooks,Threat Intelligence & Security,EMP11538,0,SW_ENG,IC4,UK_LONDON,4.7,0,rating_4,None,210500.0,242200.0,0.869,0.25,212500.0,525300.0,509500.0,499500.0,-3.0,95,91,0,Clean
EMP11752,VP_SEC_INTEL,Devon Brooks,Threat Intelligence & Security,EMP11533,0,THREAT_RES,IC2,US_SEATTLE_NYC,3.8,1,rating_3,None,165600.0,203500.0,0.814,0.15,88000.0,284700.0,295100.0,284200.0,3.7,63,68,1,Stale pre-promotion band mapping suspected
EMP11753,VP_SEC_INTEL,Devon Brooks,Threat Intelligence & Security,EMP11505,0,THREAT_RES,IC4,APAC_SINGAPORE_TOKYO,7.9,0,rating_3,None,204100.0,228000.0,0.895,0.25,200000.0,561000.0,552400.0,543000.0,-1.5,21,19,0,Clean
EMP11754,VP_SEC_INTEL,Devon Brooks,Threat Intelligence & Security,EMP11502,0,SW_ENG,IC3,EU_ZURICH_MUNICH,8.8,0,rating_3,None,178200.0,211600.0,0.842,0.2,128800.0,359900.0,368800.0,362700.0,2.5,63,66,0,Clean
EMP11755,VP_SEC_INTEL,Devon Brooks,Threat Intelligence & Security,EMP11529,0,SEC_OPS,IC1,US_BAY_AREA,4.1,0,rating_3,None,165600.0,166800.0,0.993,0.15,51700.0,230500.0,221800.0,208600.0,-3.8,61,56,0,Clean
EMP11756,VP_SEC_INTEL,Devon Brooks,Threat Intelligence & Security,EMP11521,0,SEC_OPS,IC3,US_AUSTIN_DENVER,3.5,0,rating_3,None,187900.0,218500.0,0.86,0.2,133000.0,367400.0,370600.0,374700.0,0.9,83,84,0,Clean
EMP11757,VP_SEC_INTEL,Devon Brooks,Threat Intelligence & Security,EMP11512,0,SEC_OPS,IC1,US_AUSTIN_DENVER,1.6,0,rating_3,None,128600.0,137800.0,0.933,0.15,42800.0,203900.0,196500.0,193100.0,-3.6,52,47,0,Clean
EMP11758,VP_SEC_INTEL,Devon Brooks,Threat Intelligence & Security,EMP11523,0,SEC_OPS,IC1,US_AUSTIN_DENVER,5.7,0,rating_2,None,125300.0,137800.0,0.909,0.15,42800.0,189200.0,173900.0,170600.0,-8.1,63,52,0,Clean
EMP11759,VP_SEC_INTEL,Devon Brooks,Threat Intelligence & Security,EMP11501,0,THREAT_RES,IC1,US_SEATTLE_NYC,7.9,1,rating_5,None,121200.0,159500.0,0.76,0.15,49500.0,195100.0,198800.0,199900.0,1.9,42,44,0,Stale pre-promotion band mapping suspected
EMP11760,VP_SEC_INTEL,Devon Brooks,Threat Intelligence & Security,EMP11529,0,THREAT_RES,IC1,UK_LONDON,1.0,0,rating_3,None,118300.0,123200.0,0.96,0.15,38200.0,177700.0,166600.0,165200.0,-6.2,99,91,1,Clean
EMP11761,VP_SEC_INTEL,Devon Brooks,Threat Intelligence & Security,EMP11522,0,THREAT_RES,IC3,US_BAY_AREA,4.2,0,rating_3,None,272700.0,264500.0,1.031,0.2,161000.0,465000.0,458100.0,452000.0,-1.5,48,46,1,Clean
EMP11762,VP_SEC_INTEL,Devon Brooks,Threat Intelligence & Security,EMP11539,0,SEC_OPS,IC2,EU_ZURICH_MUNICH,5.7,0,rating_3,None,159500.0,170200.0,0.937,0.15,73600.0,273600.0,252900.0,245100.0,-7.6,43,33,0,Clean
EMP11763,VP_SEC_INTEL,Devon Brooks,Threat Intelligence & Security,EMP11520,0,CYBER_SEC_ENG,IC1,UK_LONDON,4.7,0,rating_3,Tier_2,116200.0,123200.0,0.943,0.15,38200.0,178600.0,185400.0,182800.0,3.8,91,96,0,Clean
EMP11764,VP_SEC_INTEL,Devon Brooks,Threat Intelligence & Security,EMP11515,0,CYBER_SEC_ENG,IC2,US_AUSTIN_DENVER,1.8,0,rating_3,Tier_2,145000.0,175800.0,0.825,0.15,76000.0,274100.0,219000.0,210300.0,-20.1,35,9,0,Clean
EMP11765,VP_SEC_INTEL,Devon Brooks,Threat Intelligence & Security,EMP11503,0,CYBER_SEC_ENG,IC3,US_AUSTIN_DENVER,3.2,0,rating_4,Tier_1,216300.0,218500.0,0.99,0.2,133000.0,398200.0,363300.0,347100.0,-8.8,35,24,1,Clean
EMP11766,VP_SEC_INTEL,Devon Brooks,Threat Intelligence & Security,EMP11507,0,SEC_OPS,IC2,APAC_SINGAPORE_TOKYO,1.1,0,rating_3,None,126400.0,148000.0,0.854,0.15,64000.0,228000.0,235600.0,233800.0,3.3,57,61,0,Clean
EMP11767,VP_SEC_INTEL,Devon Brooks,Threat Intelligence & Security,EMP11518,0,THREAT_RES,IC4,US_SEATTLE_NYC,6.4,0,rating_3,None,311900.0,313500.0,0.995,0.25,275000.0,642400.0,638100.0,644400.0,-0.7,53,52,0,Clean
EMP11768,VP_SEC_INTEL,Devon Brooks,Threat Intelligence & Security,EMP11518,0,SEC_OPS,IC1,US_SEATTLE_NYC,3.7,0,rating_2,None,145800.0,159500.0,0.914,0.15,49500.0,206700.0,205400.0,204900.0,-0.6,93,92,0,Clean
EMP11769,VP_SEC_INTEL,Devon Brooks,Threat Intelligence & Security,EMP11518,0,SEC_OPS,IC1,UK_LONDON,7.7,0,rating_2,None,109400.0,123200.0,0.888,0.15,38200.0,168400.0,153300.0,149000.0,-9.0,80,68,0,Clean
EMP11770,VP_SEC_INTEL,Devon Brooks,Threat Intelligence & Security,EMP11506,0,CYBER_SEC_ENG,IC2,UK_LONDON,5.2,0,rating_4,Tier_1,136900.0,157200.0,0.871,0.15,68000.0,258300.0,254000.0,247200.0,-1.7,49,47,0,Clean
EMP11771,VP_SEC_INTEL,Devon Brooks,Threat Intelligence & Security,EMP11527,0,THREAT_RES,IC3,US_SEATTLE_NYC,1.8,0,rating_3,None,220600.0,253000.0,0.872,0.2,154000.0,427400.0,441500.0,416000.0,3.3,55,59,0,Clean
EMP11772,VP_SEC_INTEL,Devon Brooks,Threat Intelligence & Security,EMP11531,0,CYBER_SEC_ENG,IC2,US_BAY_AREA,1.0,0,rating_5,Tier_1,186800.0,212700.0,0.878,0.15,92000.0,293700.0,288000.0,285400.0,-1.9,11,9,0,Clean
EMP11773,VP_SEC_INTEL,Devon Brooks,Threat Intelligence & Security,EMP11518,0,SEC_OPS,IC3,EU_ZURICH_MUNICH,1.2,0,rating_3,None,187500.0,211600.0,0.886,0.2,128800.0,378700.0,360100.0,355600.0,-4.9,69,63,0,Clean
EMP11774,VP_SEC_INTEL,Devon Brooks,Threat Intelligence & Security,EMP11535,0,CYBER_SEC_ENG,IC2,UK_LONDON,4.8,0,rating_2,Tier_2,142900.0,157200.0,0.909,0.15,68000.0,245100.0,240800.0,232200.0,-1.8,25,23,0,Clean
EMP11775,VP_SEC_INTEL,Devon Brooks,Threat Intelligence & Security,EMP11525,0,THREAT_RES,IC1,EU_ZURICH_MUNICH,3.9,0,rating_3,None,120500.0,133400.0,0.903,0.15,41400.0,196200.0,203000.0,201900.0,3.5,81,86,0,Clean
EMP11776,VP_SEC_INTEL,Devon Brooks,Threat Intelligence & Security,EMP11538,0,CYBER_SEC_ENG,IC2,US_SEATTLE_NYC,1.3,1,rating_3,Tier_2,200200.0,203500.0,0.984,0.15,88000.0,332200.0,325900.0,327400.0,-1.9,74,72,0,Clean
EMP11777,VP_SEC_INTEL,Devon Brooks,Threat Intelligence & Security,EMP11535,0,SEC_OPS,IC2,APAC_SINGAPORE_TOKYO,3.9,0,rating_4,None,135700.0,148000.0,0.917,0.15,64000.0,225200.0,229200.0,215600.0,1.8,41,43,0,Clean
EMP11778,VP_SEC_INTEL,Devon Brooks,Threat Intelligence & Security,EMP11539,0,CYBER_SEC_ENG,IC1,US_BAY_AREA,2.8,0,rating_3,Tier_2,145800.0,166800.0,0.874,0.15,51700.0,218400.0,216000.0,207000.0,-1.1,56,55,0,Clean
EMP11779,VP_SEC_INTEL,Devon Brooks,Threat Intelligence & Security,EMP11528,0,SEC_OPS,IC2,US_BAY_AREA,6.7,0,rating_3,None,194200.0,212700.0,0.913,0.15,92000.0,311700.0,300400.0,294800.0,-3.6,73,68,0,Clean
EMP11780,VP_SEC_INTEL,Devon Brooks,Threat Intelligence & Security,EMP11513,0,SEC_OPS,IC1,US_BAY_AREA,1.4,0,rating_3,None,155800.0,166800.0,0.934,0.15,51700.0,236300.0,235300.0,237700.0,-0.4,27,26,0,Clean
EMP11781,VP_SEC_INTEL,Devon Brooks,Threat Intelligence & Security,EMP11503,0,SW_ENG,IC2,UK_LONDON,2.4,0,rating_2,None,141800.0,157200.0,0.902,0.15,68000.0,250200.0,247300.0,249800.0,-1.2,46,44,0,Clean
EMP11782,VP_SEC_INTEL,Devon Brooks,Threat Intelligence & Security,EMP11518,0,SW_ENG,IC1,US_AUSTIN_DENVER,6.0,0,rating_2,None,137200.0,137800.0,0.996,0.15,42800.0,197500.0,202500.0,205800.0,2.5,49,52,0,Clean
EMP11783,VP_SEC_INTEL,Devon Brooks,Threat Intelligence & Security,EMP11510,0,SW_ENG,IC3,US_BAY_AREA,5.6,0,rating_3,None,248100.0,264500.0,0.938,0.2,161000.0,469200.0,476900.0,477900.0,1.6,80,82,0,Clean
EMP11784,VP_SEC_INTEL,Devon Brooks,Threat Intelligence & Security,EMP11538,0,SEC_OPS,IC2,EU_ZURICH_MUNICH,3.5,0,rating_4,None,151100.0,170200.0,0.888,0.15,73600.0,280700.0,284800.0,282000.0,1.5,55,57,0,Clean
EMP11785,VP_SEC_INTEL,Devon Brooks,Threat Intelligence & Security,EMP11517,0,SEC_OPS,IC2,EU_ZURICH_MUNICH,3.0,0,rating_4,None,155900.0,170200.0,0.916,0.15,73600.0,278200.0,279400.0,272200.0,0.4,47,48,1,Clean
EMP11786,VP_SEC_INTEL,Devon Brooks,Threat Intelligence & Security,EMP11528,0,THREAT_RES,IC1,EU_ZURICH_MUNICH,3.6,0,rating_3,None,118600.0,133400.0,0.889,0.15,41400.0,194200.0,185700.0,188600.0,-4.4,67,61,0,Clean
EMP11787,VP_SEC_INTEL,Devon Brooks,Threat Intelligence & Security,EMP11511,0,THREAT_RES,IC2,APAC_SINGAPORE_TOKYO,7.6,0,rating_3,None,130100.0,148000.0,0.879,0.15,64000.0,247300.0,247900.0,235700.0,0.2,56,56,0,Clean
EMP11788,VP_SEC_INTEL,Devon Brooks,Threat Intelligence & Security,EMP11524,0,SW_ENG,IC3,APAC_SINGAPORE_TOKYO,5.2,0,rating_3,None,179800.0,184000.0,0.977,0.2,112000.0,361100.0,375200.0,363900.0,3.9,90,95,0,Clean
EMP11789,VP_SEC_INTEL,Devon Brooks,Threat Intelligence & Security,EMP11517,0,SEC_OPS,IC2,UK_LONDON,2.0,0,rating_3,None,155300.0,157200.0,0.988,0.15,68000.0,262000.0,254500.0,244400.0,-2.9,56,52,0,Clean
EMP11790,VP_SEC_INTEL,Devon Brooks,Threat Intelligence & Security,EMP11537,0,SW_ENG,IC2,APAC_SINGAPORE_TOKYO,0.5,0,rating_3,None,147300.0,148000.0,0.995,0.15,64000.0,274600.0,254000.0,240100.0,-7.5,69,59,1,Clean
EMP11791,VP_SEC_INTEL,Devon Brooks,Threat Intelligence & Security,EMP11511,0,CYBER_SEC_ENG,IC3,EU_ZURICH_MUNICH,3.0,0,rating_3,Tier_2,184700.0,211600.0,0.873,0.2,128800.0,406600.0,375200.0,376300.0,-7.7,31,21,0,Clean
EMP11792,VP_SEC_INTEL,Devon Brooks,Threat Intelligence & Security,EMP11531,0,CYBER_SEC_ENG,IC2,APAC_SINGAPORE_TOKYO,6.6,0,rating_3,Tier_2,118500.0,148000.0,0.801,0.15,64000.0,222300.0,184400.0,182100.0,-17.0,28,6,0,Clean
EMP11793,VP_SEC_INTEL,Devon Brooks,Threat Intelligence & Security,EMP11526,0,THREAT_RES,IC1,US_SEATTLE_NYC,5.4,0,rating_2,None,145500.0,159500.0,0.912,0.15,49500.0,219800.0,227700.0,227700.0,3.6,46,51,0,Clean
EMP11794,VP_SEC_INTEL,Devon Brooks,Threat Intelligence & Security,EMP11525,0,THREAT_RES,IC2,US_BAY_AREA,4.2,0,rating_3,None,184600.0,212700.0,0.868,0.15,92000.0,304300.0,291800.0,284000.0,-4.1,46,41,1,Clean
EMP11795,VP_SEC_INTEL,Devon Brooks,Threat Intelligence & Security,EMP11509,0,SEC_OPS,IC4,US_SEATTLE_NYC,8.8,0,rating_4,None,278400.0,313500.0,0.888,0.25,275000.0,666600.0,617700.0,614200.0,-7.3,95,86,0,Clean
EMP11796,VP_SEC_INTEL,Devon Brooks,Threat Intelligence & Security,EMP11538,0,CYBER_SEC_ENG,IC2,US_SEATTLE_NYC,4.3,0,rating_3,Tier_2,179300.0,203500.0,0.881,0.15,88000.0,293700.0,267900.0,262000.0,-8.8,1,1,1,Clean
EMP11797,VP_SEC_INTEL,Devon Brooks,Threat Intelligence & Security,EMP11510,0,SW_ENG,IC2,UK_LONDON,7.7,0,rating_3,None,149700.0,157200.0,0.952,0.15,68000.0,271300.0,259200.0,253100.0,-4.5,66,60,0,Clean
EMP11798,VP_SEC_INTEL,Devon Brooks,Threat Intelligence & Security,EMP11528,0,THREAT_RES,IC3,UK_LONDON,7.1,0,rating_3,None,180400.0,195500.0,0.923,0.2,119000.0,344500.0,323300.0,318600.0,-6.2,41,33,0,Clean
EMP11799,VP_SEC_INTEL,Devon Brooks,Threat Intelligence & Security,EMP11525,0,SW_ENG,IC3,US_AUSTIN_DENVER,3.0,0,rating_2,None,191000.0,218500.0,0.874,0.2,133000.0,374500.0,383700.0,385600.0,2.5,45,48,1,Clean
EMP11800,VP_SEC_INTEL,Devon Brooks,Threat Intelligence & Security,EMP11514,0,SW_ENG,IC3,US_BAY_AREA,8.7,0,rating_3,None,270800.0,264500.0,1.024,0.2,161000.0,494500.0,463400.0,470300.0,-6.3,45,37,0,Clean
EMP11801,VP_SEC_INTEL,Devon Brooks,Threat Intelligence & Security,EMP11517,0,SEC_OPS,IC3,UK_LONDON,1.1,0,rating_3,None,188700.0,195500.0,0.965,0.2,119000.0,366400.0,369400.0,375500.0,0.8,75,76,0,Clean
EMP11802,VP_SEC_INTEL,Devon Brooks,Threat Intelligence & Security,EMP11518,0,CYBER_SEC_ENG,IC2,US_AUSTIN_DENVER,4.9,0,rating_4,Tier_1,155900.0,175800.0,0.887,0.15,76000.0,251000.0,202300.0,197600.0,-19.4,34,9,0,Clean
EMP11803,VP_SEC_INTEL,Devon Brooks,Threat Intelligence & Security,EMP11521,0,THREAT_RES,IC1,APAC_SINGAPORE_TOKYO,2.2,0,rating_3,None,107000.0,116000.0,0.922,0.15,36000.0,172400.0,166600.0,157900.0,-3.4,52,48,0,Clean
EMP11804,VP_SEC_INTEL,Devon Brooks,Threat Intelligence & Security,EMP11524,0,CYBER_SEC_ENG,IC2,US_BAY_AREA,2.4,0,rating_5,Tier_1,190400.0,212700.0,0.895,0.15,92000.0,295200.0,215500.0,203700.0,-27.0,23,1,0,Clean
EMP11805,VP_SEC_INTEL,Devon Brooks,Threat Intelligence & Security,EMP11527,0,CYBER_SEC_ENG,IC1,US_BAY_AREA,1.6,0,rating_3,Tier_2,137100.0,166800.0,0.822,0.15,51700.0,209800.0,205200.0,199800.0,-2.2,55,52,0,Clean
EMP11806,VP_SEC_INTEL,Devon Brooks,Threat Intelligence & Security,EMP11504,0,CYBER_SEC_ENG,IC2,US_SEATTLE_NYC,6.8,0,rating_3,Tier_2,202500.0,203500.0,0.995,0.15,88000.0,333200.0,274400.0,261900.0,-17.6,18,1,1,Clean
EMP11807,VP_SEC_INTEL,Devon Brooks,Threat Intelligence & Security,EMP11503,0,THREAT_RES,IC1,US_BAY_AREA,6.2,0,rating_4,None,157300.0,166800.0,0.943,0.15,51700.0,234700.0,223800.0,222800.0,-4.6,78,72,0,Clean
EMP11808,VP_SEC_INTEL,Devon Brooks,Threat Intelligence & Security,EMP11509,0,CYBER_SEC_ENG,IC1,US_BAY_AREA,1.7,0,rating_3,Tier_2,150100.0,166800.0,0.9,0.15,51700.0,213200.0,161000.0,158900.0,-24.5,65,33,0,Clean
EMP11809,VP_SEC_INTEL,Devon Brooks,Threat Intelligence & Security,EMP11526,0,THREAT_RES,IC2,US_SEATTLE_NYC,7.9,0,rating_2,None,195200.0,203500.0,0.959,0.15,88000.0,303600.0,277500.0,267900.0,-8.6,28,17,0,Clean
EMP11810,VP_SEC_INTEL,Devon Brooks,Threat Intelligence & Security,EMP11512,0,CYBER_SEC_ENG,IC2,US_AUSTIN_DENVER,2.7,0,rating_2,Tier_2,147100.0,175800.0,0.837,0.15,76000.0,261800.0,190700.0,190800.0,-27.2,76,41,0,Clean
EMP11811,VP_SEC_INTEL,Devon Brooks,Threat Intelligence & Security,EMP11515,0,THREAT_RES,IC2,US_SEATTLE_NYC,5.6,0,rating_3,None,176600.0,203500.0,0.868,0.15,88000.0,275800.0,258700.0,248200.0,-6.2,34,26,0,Clean
EMP11812,VP_SEC_INTEL,Devon Brooks,Threat Intelligence & Security,EMP11527,0,SW_ENG,IC2,US_SEATTLE_NYC,2.0,0,rating_3,None,187000.0,203500.0,0.919,0.15,88000.0,294900.0,285300.0,286300.0,-3.3,67,63,0,Clean
EMP11813,VP_SEC_INTEL,Devon Brooks,Threat Intelligence & Security,EMP11528,0,SW_ENG,IC2,US_SEATTLE_NYC,5.8,0,rating_3,None,184600.0,203500.0,0.907,0.15,88000.0,297800.0,288600.0,286800.0,-3.1,13,9,0,Clean
EMP11814,VP_SEC_INTEL,Devon Brooks,Threat Intelligence & Security,EMP11516,0,SW_ENG,IC1,US_SEATTLE_NYC,8.8,0,rating_3,None,130000.0,159500.0,0.815,0.15,49500.0,189800.0,189700.0,193500.0,-0.1,21,21,0,Clean
EMP11815,VP_SEC_INTEL,Devon Brooks,Threat Intelligence & Security,EMP11522,0,CYBER_SEC_ENG,IC2,US_AUSTIN_DENVER,4.0,0,rating_5,Tier_1,133800.0,175800.0,0.761,0.15,76000.0,231800.0,212800.0,215600.0,-8.2,56,45,0,Clean
EMP11816,VP_SEC_INTEL,Devon Brooks,Threat Intelligence & Security,EMP11531,0,SW_ENG,IC3,US_SEATTLE_NYC,8.4,0,rating_3,None,230500.0,253000.0,0.911,0.2,154000.0,457100.0,462200.0,469600.0,1.1,99,99,0,Clean
EMP11817,VP_SEC_INTEL,Devon Brooks,Threat Intelligence & Security,EMP11521,0,SW_ENG,IC2,US_SEATTLE_NYC,8.0,0,rating_3,None,164600.0,203500.0,0.809,0.15,88000.0,287800.0,294800.0,290700.0,2.4,38,41,0,Clean
EMP11818,VP_SEC_INTEL,Devon Brooks,Threat Intelligence & Security,EMP11510,0,SEC_OPS,IC1,UK_LONDON,8.4,0,rating_2,None,116500.0,123200.0,0.946,0.15,38200.0,175800.0,170400.0,169000.0,-3.1,46,42,0,Clean
EMP11819,VP_SEC_INTEL,Devon Brooks,Threat Intelligence & Security,EMP11536,0,SW_ENG,IC3,US_AUSTIN_DENVER,4.0,0,rating_3,None,204100.0,218500.0,0.934,0.2,133000.0,416300.0,392200.0,386800.0,-5.8,86,78,0,Clean
EMP11820,VP_SEC_INTEL,Devon Brooks,Threat Intelligence & Security,EMP11535,0,SEC_OPS,IC1,EU_ZURICH_MUNICH,7.8,0,rating_4,None,113100.0,133400.0,0.848,0.15,41400.0,186100.0,171200.0,162200.0,-8.0,27,17,0,Clean
EMP11821,VP_SEC_INTEL,Devon Brooks,Threat Intelligence & Security,EMP11533,0,SEC_OPS,IC1,EU_ZURICH_MUNICH,1.0,0,rating_2,None,113400.0,133400.0,0.85,0.15,41400.0,179800.0,168500.0,160200.0,-6.3,21,13,0,Clean
EMP11822,VP_SEC_INTEL,Devon Brooks,Threat Intelligence & Security,EMP11501,0,SW_ENG,IC3,EU_ZURICH_MUNICH,2.8,0,rating_5,None,172000.0,211600.0,0.813,0.2,128800.0,326700.0,335400.0,325600.0,2.7,23,27,0,Clean
EMP11823,VP_SEC_INTEL,Devon Brooks,Threat Intelligence & Security,EMP11509,0,SW_ENG,IC4,UK_LONDON,1.7,0,rating_3,None,225200.0,242200.0,0.93,0.25,212500.0,543600.0,517500.0,498000.0,-4.8,21,15,0,Clean
EMP11824,VP_SEC_INTEL,Devon Brooks,Threat Intelligence & Security,EMP11511,0,SW_ENG,IC2,US_AUSTIN_DENVER,7.4,0,rating_4,None,160000.0,175800.0,0.91,0.15,76000.0,270400.0,272400.0,268800.0,0.7,36,37,0,Clean
EMP11825,VP_SEC_INTEL,Devon Brooks,Threat Intelligence & Security,EMP11520,0,SEC_OPS,IC1,EU_ZURICH_MUNICH,6.6,0,rating_2,None,120100.0,133400.0,0.9,0.15,41400.0,180400.0,173900.0,176100.0,-3.6,98,93,0,Clean
EMP11826,VP_SEC_INTEL,Devon Brooks,Threat Intelligence & Security,EMP11506,0,SEC_OPS,IC2,APAC_SINGAPORE_TOKYO,3.8,0,rating_3,None,150200.0,148000.0,1.015,0.15,64000.0,249500.0,230600.0,218700.0,-7.6,58,48,0,Clean
EMP11827,VP_SEC_INTEL,Devon Brooks,Threat Intelligence & Security,EMP11537,0,SEC_OPS,IC1,APAC_SINGAPORE_TOKYO,8.8,1,rating_3,None,105800.0,116000.0,0.912,0.15,36000.0,176900.0,165500.0,158600.0,-6.4,85,77,0,Clean
EMP11828,VP_SEC_INTEL,Devon Brooks,Threat Intelligence & Security,EMP11527,0,THREAT_RES,IC3,APAC_SINGAPORE_TOKYO,1.0,0,rating_3,None,164100.0,184000.0,0.892,0.2,112000.0,354100.0,354100.0,335400.0,0.0,94,94,1,Clean
EMP11829,VP_SEC_INTEL,Devon Brooks,Threat Intelligence & Security,EMP11528,0,THREAT_RES,IC2,US_BAY_AREA,5.5,0,rating_3,None,203800.0,212700.0,0.958,0.15,92000.0,302800.0,286700.0,284500.0,-5.3,60,53,0,Clean
EMP11830,VP_SEC_INTEL,Devon Brooks,Threat Intelligence & Security,EMP11502,0,SW_ENG,IC1,APAC_SINGAPORE_TOKYO,8.4,0,rating_4,None,109400.0,116000.0,0.943,0.15,36000.0,176700.0,181100.0,182600.0,2.5,44,47,0,Clean
EMP11831,VP_SEC_INTEL,Devon Brooks,Threat Intelligence & Security,EMP11535,0,CYBER_SEC_ENG,IC4,EU_ZURICH_MUNICH,3.1,0,rating_2,Tier_2,227600.0,262200.0,0.868,0.25,230000.0,593200.0,485500.0,492700.0,-18.2,41,17,0,Clean
EMP11832,VP_SEC_INTEL,Devon Brooks,Threat Intelligence & Security,EMP11510,0,THREAT_RES,IC4,US_AUSTIN_DENVER,5.5,0,rating_3,None,252900.0,270800.0,0.934,0.25,237500.0,612500.0,596000.0,605000.0,-2.7,76,72,0,Clean
EMP11833,VP_SEC_INTEL,Devon Brooks,Threat Intelligence & Security,EMP11535,0,CYBER_SEC_ENG,IC2,US_AUSTIN_DENVER,5.5,0,rating_3,Tier_2,161200.0,175800.0,0.917,0.15,76000.0,273200.0,200800.0,200100.0,-26.5,41,7,0,Clean
EMP11834,VP_SEC_INTEL,Devon Brooks,Threat Intelligence & Security,EMP11502,0,SW_ENG,IC4,UK_LONDON,1.6,0,rating_5,None,219700.0,242200.0,0.907,0.25,212500.0,587500.0,541400.0,512900.0,-7.8,50,40,0,Clean
EMP11835,VP_SEC_INTEL,Devon Brooks,Threat Intelligence & Security,EMP11520,0,SEC_OPS,IC1,APAC_SINGAPORE_TOKYO,7.8,0,rating_3,None,122300.0,116000.0,1.054,0.15,36000.0,198000.0,189700.0,184100.0,-4.2,77,72,0,Clean
EMP11836,VP_SEC_INTEL,Devon Brooks,Threat Intelligence & Security,EMP11505,0,CYBER_SEC_ENG,IC1,US_BAY_AREA,2.6,0,rating_3,Tier_2,163800.0,166800.0,0.982,0.15,51700.0,248800.0,194900.0,187700.0,-21.7,38,10,0,Clean
EMP11837,VP_SEC_INTEL,Devon Brooks,Threat Intelligence & Security,EMP11523,0,CYBER_SEC_ENG,IC1,US_BAY_AREA,1.1,0,rating_3,Tier_2,150600.0,166800.0,0.903,0.15,51700.0,220700.0,228500.0,218200.0,3.5,42,47,0,Clean
EMP11838,VP_SEC_INTEL,Devon Brooks,Threat Intelligence & Security,EMP11523,0,SW_ENG,IC1,US_SEATTLE_NYC,7.4,0,rating_3,None,145800.0,159500.0,0.914,0.15,49500.0,209100.0,200200.0,196000.0,-4.3,24,18,0,Clean
EMP11839,VP_SEC_INTEL,Devon Brooks,Threat Intelligence & Security,EMP11530,0,SW_ENG,IC2,EU_ZURICH_MUNICH,8.8,0,rating_3,None,129400.0,170200.0,0.76,0.15,73600.0,237100.0,246000.0,243000.0,3.8,44,49,1,Clean
EMP11840,VP_SEC_INTEL,Devon Brooks,Threat Intelligence & Security,EMP11507,0,SW_ENG,IC2,UK_LONDON,7.7,0,rating_4,None,119500.0,157200.0,0.76,0.15,68000.0,220000.0,214600.0,216900.0,-2.5,69,66,0,Clean
EMP11841,VP_SEC_INTEL,Devon Brooks,Threat Intelligence & Security,EMP11506,0,SEC_OPS,IC2,UK_LONDON,0.9,1,rating_3,None,153700.0,157200.0,0.978,0.15,68000.0,260100.0,237000.0,223200.0,-8.9,78,66,0,Clean
EMP11842,VP_SEC_INTEL,Devon Brooks,Threat Intelligence & Security,EMP11518,0,THREAT_RES,IC1,US_BAY_AREA,4.9,0,rating_3,None,163100.0,166800.0,0.978,0.15,51700.0,245200.0,231400.0,232100.0,-5.6,50,43,0,Clean
EMP11843,VP_SEC_INTEL,Devon Brooks,Threat Intelligence & Security,EMP11507,0,CYBER_SEC_ENG,IC3,APAC_SINGAPORE_TOKYO,5.1,1,rating_3,Tier_2,180700.0,184000.0,0.982,0.2,112000.0,354800.0,357900.0,350300.0,0.9,49,50,1,Clean
EMP11844,VP_SEC_INTEL,Devon Brooks,Threat Intelligence & Security,EMP11527,0,CYBER_SEC_ENG,IC1,US_BAY_AREA,5.1,0,rating_2,Tier_2,139400.0,166800.0,0.836,0.15,51700.0,211000.0,164800.0,158700.0,-21.9,86,58,0,Clean
EMP11845,VP_SEC_INTEL,Devon Brooks,Threat Intelligence & Security,EMP11510,0,SW_ENG,IC2,EU_ZURICH_MUNICH,7.3,0,rating_1,None,146500.0,170200.0,0.861,0.15,73600.0,265600.0,260800.0,254600.0,-1.8,41,39,0,Clean
EMP11846,VP_SEC_INTEL,Devon Brooks,Threat Intelligence & Security,EMP11507,0,THREAT_RES,IC2,US_AUSTIN_DENVER,1.7,0,rating_4,None,148600.0,175800.0,0.845,0.15,76000.0,251600.0,254500.0,248200.0,1.2,13,15,0,Clean
EMP11847,VP_SEC_INTEL,Devon Brooks,Threat Intelligence & Security,EMP11534,0,CYBER_SEC_ENG,IC2,UK_LONDON,2.5,0,rating_4,Tier_1,139300.0,157200.0,0.886,0.15,68000.0,247800.0,244800.0,239200.0,-1.2,85,83,0,Clean
EMP11848,VP_SEC_INTEL,Devon Brooks,Threat Intelligence & Security,EMP11535,0,CYBER_SEC_ENG,IC1,US_BAY_AREA,7.0,0,rating_3,Tier_2,156100.0,166800.0,0.936,0.15,51700.0,239000.0,174100.0,168300.0,-27.2,45,10,0,Clean
EMP11849,VP_SEC_INTEL,Devon Brooks,Threat Intelligence & Security,EMP11533,0,CYBER_SEC_ENG,IC3,APAC_SINGAPORE_TOKYO,6.0,0,rating_3,Tier_2,166300.0,184000.0,0.904,0.2,112000.0,369900.0,363100.0,346400.0,-1.8,79,77,0,Clean
EMP11850,VP_SEC_INTEL,Devon Brooks,Threat Intelligence & Security,EMP11540,0,SEC_OPS,IC1,US_SEATTLE_NYC,5.2,0,rating_4,None,145600.0,159500.0,0.913,0.15,49500.0,227400.0,226800.0,217300.0,-0.3,24,24,0,Clean
EMP11851,VP_SEC_INTEL,Devon Brooks,Threat Intelligence & Security,EMP11510,0,SEC_OPS,IC1,US_AUSTIN_DENVER,3.2,0,rating_4,None,144400.0,137800.0,1.048,0.15,42800.0,217300.0,206800.0,199900.0,-4.8,30,24,0,Clean
EMP11852,VP_SEC_INTEL,Devon Brooks,Threat Intelligence & Security,EMP11532,0,SW_ENG,IC3,APAC_SINGAPORE_TOKYO,4.2,0,rating_3,None,169300.0,184000.0,0.92,0.2,112000.0,373800.0,380700.0,376200.0,1.8,22,24,0,Clean
EMP11853,VP_SEC_INTEL,Devon Brooks,Threat Intelligence & Security,EMP11520,0,THREAT_RES,IC2,EU_ZURICH_MUNICH,2.5,0,rating_1,None,143300.0,170200.0,0.842,0.15,73600.0,234700.0,223700.0,218500.0,-4.7,33,27,0,Clean
EMP11854,VP_SEC_INTEL,Devon Brooks,Threat Intelligence & Security,EMP11524,0,CYBER_SEC_ENG,IC2,US_BAY_AREA,1.0,0,rating_3,Tier_2,187000.0,212700.0,0.879,0.15,92000.0,299700.0,284400.0,287800.0,-5.1,60,53,0,Clean
EMP11855,VP_SEC_INTEL,Devon Brooks,Threat Intelligence & Security,EMP11502,0,THREAT_RES,IC2,UK_LONDON,7.6,0,rating_2,None,140500.0,157200.0,0.894,0.15,68000.0,245500.0,232000.0,226600.0,-5.5,19,12,0,Clean
EMP11856,VP_SEC_INTEL,Devon Brooks,Threat Intelligence & Security,EMP11512,0,CYBER_SEC_ENG,IC1,EU_ZURICH_MUNICH,1.2,0,rating_3,Tier_2,120200.0,133400.0,0.901,0.15,41400.0,180400.0,130000.0,122500.0,-27.9,67,31,0,Clean
EMP11857,VP_SEC_INTEL,Devon Brooks,Threat Intelligence & Security,EMP11520,0,SW_ENG,IC1,US_AUSTIN_DENVER,5.5,0,rating_3,None,125800.0,137800.0,0.913,0.15,42800.0,190600.0,184800.0,186200.0,-3.0,99,95,1,Clean
EMP11858,VP_SEC_INTEL,Devon Brooks,Threat Intelligence & Security,EMP11512,0,SEC_OPS,IC3,US_BAY_AREA,7.3,0,rating_3,None,246500.0,264500.0,0.932,0.2,161000.0,468200.0,439600.0,418300.0,-6.1,64,56,0,Clean
EMP11859,VP_SEC_INTEL,Devon Brooks,Threat Intelligence & Security,EMP11519,0,THREAT_RES,IC2,US_BAY_AREA,1.7,0,rating_4,None,185500.0,212700.0,0.872,0.15,92000.0,290400.0,274800.0,278400.0,-5.4,79,72,0,Clean
EMP11860,VP_SEC_INTEL,Devon Brooks,Threat Intelligence & Security,EMP11512,0,CYBER_SEC_ENG,IC3,UK_LONDON,8.4,0,rating_5,Tier_1,186500.0,195500.0,0.954,0.2,119000.0,400800.0,292400.0,285700.0,-27.0,75,40,0,Clean
EMP11861,VP_SEC_INTEL,Devon Brooks,Threat Intelligence & Security,EMP11508,0,THREAT_RES,IC2,EU_ZURICH_MUNICH,1.6,0,rating_3,None,160300.0,170200.0,0.942,0.15,73600.0,291900.0,265800.0,254600.0,-8.9,74,62,0,Clean
EMP11862,VP_SEC_INTEL,Devon Brooks,Threat Intelligence & Security,EMP11503,0,CYBER_SEC_ENG,IC4,US_SEATTLE_NYC,6.2,0,rating_3,Tier_2,263000.0,313500.0,0.839,0.25,275000.0,644000.0,474400.0,461800.0,-26.3,37,3,1,Clean
EMP11863,VP_SEC_INTEL,Devon Brooks,Threat Intelligence & Security,EMP11537,0,THREAT_RES,IC1,US_SEATTLE_NYC,6.5,0,rating_3,None,139600.0,159500.0,0.875,0.15,49500.0,200100.0,183600.0,172900.0,-8.2,64,53,0,Clean
EMP11864,VP_SEC_INTEL,Devon Brooks,Threat Intelligence & Security,EMP11528,0,THREAT_RES,IC1,US_SEATTLE_NYC,8.7,0,rating_3,None,151000.0,159500.0,0.947,0.15,49500.0,222900.0,217700.0,211100.0,-2.3,32,29,0,Clean
EMP11865,VP_SEC_INTEL,Devon Brooks,Threat Intelligence & Security,EMP11529,0,THREAT_RES,IC2,US_SEATTLE_NYC,3.8,0,rating_3,None,210400.0,203500.0,1.034,0.15,88000.0,318700.0,320800.0,303700.0,0.7,52,53,0,Clean
EMP11866,VP_SEC_INTEL,Devon Brooks,Threat Intelligence & Security,EMP11530,0,CYBER_SEC_ENG,IC3,US_AUSTIN_DENVER,6.9,0,rating_3,Tier_2,192700.0,218500.0,0.882,0.2,133000.0,381300.0,352800.0,340000.0,-7.5,69,59,0,Clean
EMP11867,VP_SEC_INTEL,Devon Brooks,Threat Intelligence & Security,EMP11540,0,CYBER_SEC_ENG,IC2,US_BAY_AREA,8.1,0,rating_3,Tier_2,174200.0,212700.0,0.819,0.15,92000.0,285400.0,211000.0,206300.0,-26.1,1,1,0,Clean
EMP11868,VP_SEC_INTEL,Devon Brooks,Threat Intelligence & Security,EMP11509,0,THREAT_RES,IC1,EU_ZURICH_MUNICH,1.0,0,rating_3,None,133800.0,133400.0,1.003,0.15,41400.0,201300.0,185100.0,184700.0,-8.0,71,61,0,Clean
EMP11869,VP_SEC_INTEL,Devon Brooks,Threat Intelligence & Security,EMP11505,0,SEC_OPS,IC2,UK_LONDON,2.6,0,rating_3,None,131400.0,157200.0,0.836,0.15,68000.0,252100.0,250100.0,239200.0,-0.8,26,25,0,Clean
EMP11870,VP_SEC_INTEL,Devon Brooks,Threat Intelligence & Security,EMP11532,0,SW_ENG,IC1,EU_ZURICH_MUNICH,2.4,0,rating_3,None,131900.0,133400.0,0.989,0.15,41400.0,206200.0,205000.0,198700.0,-0.6,92,91,0,Clean
EMP11871,VP_SEC_INTEL,Devon Brooks,Threat Intelligence & Security,EMP11506,0,THREAT_RES,IC1,EU_ZURICH_MUNICH,5.3,0,rating_1,None,120600.0,133400.0,0.904,0.15,41400.0,187200.0,178500.0,180800.0,-4.6,57,51,0,Clean
EMP11872,VP_SEC_INTEL,Devon Brooks,Threat Intelligence & Security,EMP11510,0,CYBER_SEC_ENG,IC3,US_SEATTLE_NYC,6.9,0,rating_3,Tier_2,242100.0,253000.0,0.957,0.2,154000.0,469100.0,348500.0,354700.0,-25.7,72,39,0,Clean
EMP11873,VP_SEC_INTEL,Devon Brooks,Threat Intelligence & Security,EMP11517,0,THREAT_RES,IC1,APAC_SINGAPORE_TOKYO,1.3,0,rating_2,None,98100.0,116000.0,0.846,0.15,36000.0,171200.0,176300.0,167700.0,3.0,52,56,0,Clean
EMP11874,VP_SEC_INTEL,Devon Brooks,Threat Intelligence & Security,EMP11502,0,SW_ENG,IC3,US_SEATTLE_NYC,1.0,0,rating_2,None,224900.0,253000.0,0.889,0.2,154000.0,444400.0,417100.0,421700.0,-6.1,29,21,0,Clean
EMP11875,VP_SEC_INTEL,Devon Brooks,Threat Intelligence & Security,EMP11512,0,SW_ENG,IC4,US_AUSTIN_DENVER,3.8,0,rating_3,None,252700.0,270800.0,0.933,0.25,237500.0,574100.0,551700.0,559700.0,-3.9,95,90,0,Clean
EMP11876,VP_SEC_INTEL,Devon Brooks,Threat Intelligence & Security,EMP11527,0,SEC_OPS,IC1,EU_ZURICH_MUNICH,0.7,0,rating_2,None,118700.0,133400.0,0.89,0.15,41400.0,187700.0,188100.0,189300.0,0.2,76,76,0,Clean
EMP11877,VP_SEC_INTEL,Devon Brooks,Threat Intelligence & Security,EMP11509,0,SEC_OPS,IC1,EU_ZURICH_MUNICH,1.0,0,rating_3,None,129700.0,133400.0,0.972,0.15,41400.0,195000.0,180200.0,181200.0,-7.6,75,65,0,Clean
EMP11878,VP_SEC_INTEL,Devon Brooks,Threat Intelligence & Security,EMP11509,0,SEC_OPS,IC3,APAC_SINGAPORE_TOKYO,2.7,0,rating_3,None,150100.0,184000.0,0.816,0.2,112000.0,300600.0,290800.0,291400.0,-3.3,54,50,0,Clean
EMP11879,VP_SEC_INTEL,Devon Brooks,Threat Intelligence & Security,EMP11509,0,CYBER_SEC_ENG,IC1,US_AUSTIN_DENVER,8.9,1,rating_3,Tier_2,109800.0,137800.0,0.797,0.15,42800.0,167900.0,137400.0,134200.0,-18.2,68,44,0,Stale pre-promotion band mapping suspected
EMP11880,VP_SEC_INTEL,Devon Brooks,Threat Intelligence & Security,EMP11501,0,SW_ENG,IC1,UK_LONDON,4.4,0,rating_4,None,110500.0,123200.0,0.897,0.15,38200.0,184800.0,175200.0,173900.0,-5.2,26,19,0,Clean
EMP11881,VP_SEC_INTEL,Devon Brooks,Threat Intelligence & Security,EMP11540,0,CYBER_SEC_ENG,IC2,US_AUSTIN_DENVER,1.8,0,rating_4,Tier_1,142200.0,175800.0,0.809,0.15,76000.0,237300.0,182500.0,182200.0,-23.1,63,33,1,Clean
EMP11882,VP_SEC_INTEL,Devon Brooks,Threat Intelligence & Security,EMP11537,0,SW_ENG,IC2,US_AUSTIN_DENVER,2.4,0,rating_3,None,185600.0,175800.0,1.056,0.15,76000.0,299200.0,287700.0,279800.0,-3.8,73,68,0,Clean
EMP11883,VP_SEC_INTEL,Devon Brooks,Threat Intelligence & Security,EMP11534,0,CYBER_SEC_ENG,IC2,US_BAY_AREA,4.9,0,rating_4,Tier_1,201000.0,212700.0,0.945,0.15,92000.0,332100.0,340700.0,339900.0,2.6,57,60,0,Clean
EMP11884,VP_SEC_INTEL,Devon Brooks,Threat Intelligence & Security,EMP11518,0,SW_ENG,IC1,EU_ZURICH_MUNICH,4.8,0,rating_3,None,129800.0,133400.0,0.973,0.15,41400.0,202800.0,194600.0,197700.0,-4.0,99,94,0,Clean
EMP11885,VP_SEC_INTEL,Devon Brooks,Threat Intelligence & Security,EMP11535,0,SEC_OPS,IC2,APAC_SINGAPORE_TOKYO,2.9,1,rating_3,None,134400.0,148000.0,0.908,0.15,64000.0,236000.0,235500.0,232800.0,-0.2,42,42,0,Clean
EMP11886,VP_SEC_INTEL,Devon Brooks,Threat Intelligence & Security,EMP11539,0,SW_ENG,IC1,UK_LONDON,1.3,0,rating_2,None,109500.0,123200.0,0.889,0.15,38200.0,167400.0,165900.0,166100.0,-0.9,89,88,0,Clean
EMP11887,VP_SEC_INTEL,Devon Brooks,Threat Intelligence & Security,EMP11514,0,CYBER_SEC_ENG,IC2,US_BAY_AREA,1.0,0,rating_3,Tier_2,204000.0,212700.0,0.959,0.15,92000.0,334100.0,334000.0,332900.0,-0.0,66,66,0,Clean
EMP11888,VP_SEC_INTEL,Devon Brooks,Threat Intelligence & Security,EMP11514,0,CYBER_SEC_ENG,IC4,US_AUSTIN_DENVER,6.3,0,rating_3,Tier_2,246200.0,270800.0,0.909,0.25,237500.0,528300.0,542100.0,524300.0,2.6,61,64,0,Clean
EMP11889,VP_SEC_INTEL,Devon Brooks,Threat Intelligence & Security,EMP11513,0,CYBER_SEC_ENG,IC2,US_AUSTIN_DENVER,8.3,0,rating_3,Tier_2,151400.0,175800.0,0.861,0.15,76000.0,262300.0,206900.0,194700.0,-21.1,50,23,0,Clean
EMP11890,VP_SEC_INTEL,Devon Brooks,Threat Intelligence & Security,EMP11521,0,SEC_OPS,IC2,US_BAY_AREA,4.4,1,rating_3,None,166300.0,212700.0,0.782,0.15,92000.0,297700.0,294400.0,280400.0,-1.1,56,55,0,Stale pre-promotion band mapping suspected
EMP11891,VP_SEC_INTEL,Devon Brooks,Threat Intelligence & Security,EMP11507,0,THREAT_RES,IC2,UK_LONDON,4.1,0,rating_2,None,139600.0,157200.0,0.888,0.15,68000.0,244100.0,253300.0,248600.0,3.8,27,32,0,Clean
EMP11892,VP_SEC_INTEL,Devon Brooks,Threat Intelligence & Security,EMP11537,0,SEC_OPS,IC2,UK_LONDON,6.6,0,rating_3,None,131900.0,157200.0,0.839,0.15,68000.0,226100.0,207700.0,209700.0,-8.1,83,72,0,Clean
EMP11893,VP_SEC_INTEL,Devon Brooks,Threat Intelligence & Security,EMP11522,0,THREAT_RES,IC4,US_AUSTIN_DENVER,3.6,0,rating_3,None,252900.0,270800.0,0.934,0.25,237500.0,581300.0,562200.0,535200.0,-3.3,73,69,0,Clean
EMP11894,VP_SEC_INTEL,Devon Brooks,Threat Intelligence & Security,EMP11516,0,THREAT_RES,IC4,US_AUSTIN_DENVER,1.1,0,rating_2,None,256700.0,270800.0,0.948,0.25,237500.0,630500.0,613300.0,604000.0,-2.7,72,68,0,Clean
EMP11895,VP_SEC_INTEL,Devon Brooks,Threat Intelligence & Security,EMP11518,0,SEC_OPS,IC3,EU_ZURICH_MUNICH,2.2,0,rating_1,None,162700.0,211600.0,0.769,0.2,128800.0,328400.0,305300.0,299600.0,-7.0,57,48,0,Clean
EMP11896,VP_SEC_INTEL,Devon Brooks,Threat Intelligence & Security,EMP11530,0,SEC_OPS,IC1,UK_LONDON,1.9,0,rating_3,None,98900.0,123200.0,0.803,0.15,38200.0,166300.0,168900.0,168400.0,1.6,28,30,0,Clean
EMP11897,VP_SEC_INTEL,Devon Brooks,Threat Intelligence & Security,EMP11534,0,SW_ENG,IC2,UK_LONDON,5.3,0,rating_4,None,149500.0,157200.0,0.951,0.15,68000.0,247500.0,254700.0,250300.0,2.9,63,67,0,Clean
EMP11898,VP_SEC_INTEL,Devon Brooks,Threat Intelligence & Security,EMP11501,0,THREAT_RES,IC2,EU_ZURICH_MUNICH,1.5,0,rating_5,None,170000.0,170200.0,0.999,0.15,73600.0,282300.0,290700.0,295400.0,3.0,17,21,0,Clean
EMP11899,VP_SEC_INTEL,Devon Brooks,Threat Intelligence & Security,EMP11533,0,SW_ENG,IC1,US_SEATTLE_NYC,8.2,0,rating_3,None,140700.0,159500.0,0.882,0.15,49500.0,200100.0,197800.0,186100.0,-1.1,26,25,0,Clean
EMP11900,VP_SEC_INTEL,Devon Brooks,Threat Intelligence & Security,EMP11504,0,SW_ENG,IC3,US_SEATTLE_NYC,7.7,0,rating_3,None,239600.0,253000.0,0.947,0.2,154000.0,474000.0,452800.0,449500.0,-4.5,86,80,0,Clean
EMP11901,VP_SEC_INTEL,Devon Brooks,Threat Intelligence & Security,EMP11529,0,CYBER_SEC_ENG,IC4,EU_ZURICH_MUNICH,6.5,0,rating_4,Tier_1,254900.0,262200.0,0.972,0.25,230000.0,615800.0,598400.0,580500.0,-2.8,16,12,0,Clean
EMP11902,VP_SEC_INTEL,Devon Brooks,Threat Intelligence & Security,EMP11526,0,SEC_OPS,IC2,UK_LONDON,0.6,0,rating_3,None,138800.0,157200.0,0.883,0.15,68000.0,261800.0,244900.0,245500.0,-6.5,83,75,0,Clean
EMP11903,VP_SEC_INTEL,Devon Brooks,Threat Intelligence & Security,EMP11524,0,SW_ENG,IC1,US_SEATTLE_NYC,1.6,0,rating_3,None,156000.0,159500.0,0.978,0.15,49500.0,228000.0,213400.0,212500.0,-6.4,50,42,0,Clean
EMP11904,VP_SEC_INTEL,Devon Brooks,Threat Intelligence & Security,EMP11505,0,THREAT_RES,IC3,EU_ZURICH_MUNICH,3.3,0,rating_3,None,187900.0,211600.0,0.888,0.2,128800.0,391500.0,377700.0,378100.0,-3.5,27,22,0,Clean
EMP11905,VP_SEC_INTEL,Devon Brooks,Threat Intelligence & Security,EMP11538,0,SW_ENG,IC1,US_BAY_AREA,0.8,0,rating_2,None,151600.0,166800.0,0.909,0.15,51700.0,233000.0,224700.0,211800.0,-3.6,41,36,0,Clean
EMP11906,VP_SEC_INTEL,Devon Brooks,Threat Intelligence & Security,EMP11536,0,THREAT_RES,IC2,APAC_SINGAPORE_TOKYO,3.0,0,rating_3,None,133800.0,148000.0,0.904,0.15,64000.0,244200.0,249300.0,238700.0,2.1,79,82,0,Clean
EMP11907,VP_SEC_INTEL,Devon Brooks,Threat Intelligence & Security,EMP11514,0,CYBER_SEC_ENG,IC2,EU_ZURICH_MUNICH,8.4,0,rating_3,Tier_2,158600.0,170200.0,0.932,0.15,73600.0,283100.0,293300.0,292400.0,3.6,70,75,0,Clean
EMP11908,VP_SEC_INTEL,Devon Brooks,Threat Intelligence & Security,EMP11525,0,THREAT_RES,IC3,US_SEATTLE_NYC,3.6,0,rating_4,None,242100.0,253000.0,0.957,0.2,154000.0,458000.0,465400.0,452700.0,1.6,54,56,0,Clean
EMP11909,VP_SEC_INTEL,Devon Brooks,Threat Intelligence & Security,EMP11510,0,SW_ENG,IC1,US_AUSTIN_DENVER,0.8,0,rating_2,None,133500.0,137800.0,0.969,0.15,42800.0,206800.0,196000.0,184900.0,-5.2,27,20,0,Clean
EMP11910,VP_SEC_INTEL,Devon Brooks,Threat Intelligence & Security,EMP11510,0,SEC_OPS,IC1,APAC_SINGAPORE_TOKYO,3.4,0,rating_3,None,112200.0,116000.0,0.967,0.15,36000.0,174400.0,172100.0,169500.0,-1.3,58,56,0,Clean
EMP11911,VP_SEC_INTEL,Devon Brooks,Threat Intelligence & Security,EMP11510,0,CYBER_SEC_ENG,IC2,UK_LONDON,6.1,0,rating_2,Tier_2,150100.0,157200.0,0.955,0.15,68000.0,269600.0,256600.0,249800.0,-4.8,47,41,0,Clean
EMP11912,VP_SEC_INTEL,Devon Brooks,Threat Intelligence & Security,EMP11539,0,THREAT_RES,IC2,US_BAY_AREA,5.2,0,rating_3,None,198000.0,212700.0,0.931,0.15,92000.0,316800.0,312800.0,299900.0,-1.3,56,54,0,Clean
EMP11913,VP_SEC_INTEL,Devon Brooks,Threat Intelligence & Security,EMP11501,0,SW_ENG,IC3,EU_ZURICH_MUNICH,5.1,0,rating_3,None,201400.0,211600.0,0.952,0.2,128800.0,384200.0,397200.0,375400.0,3.4,49,53,0,Clean
EMP11914,VP_SEC_INTEL,Devon Brooks,Threat Intelligence & Security,EMP11512,0,CYBER_SEC_ENG,IC2,EU_ZURICH_MUNICH,1.9,0,rating_3,Tier_2,154700.0,170200.0,0.909,0.15,73600.0,263600.0,248200.0,241600.0,-5.8,44,36,0,Clean
EMP11915,VP_SEC_INTEL,Devon Brooks,Threat Intelligence & Security,EMP11502,0,CYBER_SEC_ENG,IC2,US_SEATTLE_NYC,8.1,0,rating_3,Tier_2,206300.0,203500.0,1.014,0.15,88000.0,339300.0,334000.0,334800.0,-1.6,49,47,0,Clean
EMP11916,VP_SEC_INTEL,Devon Brooks,Threat Intelligence & Security,EMP11530,0,SW_ENG,IC3,APAC_SINGAPORE_TOKYO,6.2,0,rating_4,None,175000.0,184000.0,0.951,0.2,112000.0,397600.0,397000.0,403300.0,-0.2,99,99,0,Clean
EMP11917,VP_SEC_INTEL,Devon Brooks,Threat Intelligence & Security,EMP11501,0,SEC_OPS,IC3,UK_LONDON,6.8,0,rating_3,None,194700.0,195500.0,0.996,0.2,119000.0,362400.0,356100.0,362900.0,-1.7,38,36,0,Clean
EMP11918,VP_SEC_INTEL,Devon Brooks,Threat Intelligence & Security,EMP11528,0,SEC_OPS,IC2,UK_LONDON,7.9,0,rating_1,None,142000.0,157200.0,0.903,0.15,68000.0,247500.0,240900.0,235700.0,-2.7,30,26,0,Clean
EMP11919,VP_SEC_INTEL,Devon Brooks,Threat Intelligence & Security,EMP11531,0,THREAT_RES,IC2,APAC_SINGAPORE_TOKYO,3.5,0,rating_3,None,116200.0,148000.0,0.785,0.15,64000.0,218900.0,214200.0,212700.0,-2.1,44,41,0,Clean
EMP11920,VP_SEC_INTEL,Devon Brooks,Threat Intelligence & Security,EMP11526,0,THREAT_RES,IC3,UK_LONDON,0.6,0,rating_2,None,185300.0,195500.0,0.948,0.2,119000.0,371800.0,363200.0,361500.0,-2.3,45,42,0,Clean
EMP11921,VP_SEC_INTEL,Devon Brooks,Threat Intelligence & Security,EMP11513,0,SEC_OPS,IC2,US_BAY_AREA,5.1,0,rating_3,None,234000.0,212700.0,1.1,0.15,92000.0,373800.0,369400.0,373600.0,-1.2,29,27,0,Clean
EMP11922,VP_SEC_INTEL,Devon Brooks,Threat Intelligence & Security,EMP11530,0,THREAT_RES,IC1,US_AUSTIN_DENVER,5.6,0,rating_3,None,121300.0,137800.0,0.88,0.15,42800.0,188600.0,175400.0,169400.0,-7.0,47,38,0,Clean
EMP11923,VP_SEC_INTEL,Devon Brooks,Threat Intelligence & Security,EMP11519,0,THREAT_RES,IC1,EU_ZURICH_MUNICH,1.6,1,rating_1,None,110900.0,133400.0,0.831,0.15,41400.0,167400.0,167800.0,170300.0,0.2,81,81,0,Clean
EMP11924,VP_SEC_INTEL,Devon Brooks,Threat Intelligence & Security,EMP11525,0,THREAT_RES,IC1,EU_ZURICH_MUNICH,5.0,0,rating_3,None,137100.0,133400.0,1.028,0.15,41400.0,203900.0,196100.0,196900.0,-3.8,71,66,0,Clean
EMP11925,VP_SEC_INTEL,Devon Brooks,Threat Intelligence & Security,EMP11508,0,SW_ENG,IC3,EU_ZURICH_MUNICH,5.6,0,rating_3,None,188100.0,211600.0,0.889,0.2,128800.0,345000.0,341000.0,327700.0,-1.2,56,54,0,Clean
EMP11926,VP_SEC_INTEL,Devon Brooks,Threat Intelligence & Security,EMP11534,0,SEC_OPS,IC3,US_AUSTIN_DENVER,1.4,0,rating_3,None,168200.0,218500.0,0.77,0.2,133000.0,375000.0,370000.0,348300.0,-1.3,1,1,0,Clean
EMP11927,VP_SEC_INTEL,Devon Brooks,Threat Intelligence & Security,EMP11522,0,CYBER_SEC_ENG,IC2,APAC_SINGAPORE_TOKYO,3.4,0,rating_1,Tier_2,115000.0,148000.0,0.777,0.15,64000.0,223100.0,214700.0,212900.0,-3.8,50,45,0,Clean
EMP11928,VP_SEC_INTEL,Devon Brooks,Threat Intelligence & Security,EMP11511,0,THREAT_RES,IC1,UK_LONDON,4.7,1,rating_3,None,99400.0,123200.0,0.807,0.15,38200.0,156300.0,143100.0,143500.0,-8.4,25,14,0,Stale pre-promotion band mapping suspected
EMP11929,VP_SEC_INTEL,Devon Brooks,Threat Intelligence & Security,EMP11509,0,THREAT_RES,IC3,UK_LONDON,6.7,0,rating_3,None,169500.0,195500.0,0.867,0.2,119000.0,354000.0,333100.0,338300.0,-5.9,32,24,0,Clean
EMP11930,VP_SEC_INTEL,Devon Brooks,Threat Intelligence & Security,EMP11502,0,SW_ENG,IC2,UK_LONDON,3.6,0,rating_4,None,155600.0,157200.0,0.99,0.15,68000.0,259100.0,267600.0,272100.0,3.3,28,32,0,Clean
EMP11931,VP_SEC_INTEL,Devon Brooks,Threat Intelligence & Security,EMP11532,0,SEC_OPS,IC1,EU_ZURICH_MUNICH,1.1,0,rating_3,None,134900.0,133400.0,1.011,0.15,41400.0,214500.0,201300.0,194500.0,-6.2,28,20,0,Clean
EMP11932,VP_SEC_INTEL,Devon Brooks,Threat Intelligence & Security,EMP11528,0,SEC_OPS,IC3,US_AUSTIN_DENVER,7.8,0,rating_3,None,215400.0,218500.0,0.986,0.2,133000.0,413000.0,418100.0,411800.0,1.2,39,41,0,Clean
EMP11933,VP_SEC_INTEL,Devon Brooks,Threat Intelligence & Security,EMP11523,0,SEC_OPS,IC2,APAC_SINGAPORE_TOKYO,1.8,0,rating_3,None,140500.0,148000.0,0.949,0.15,64000.0,245300.0,232800.0,224700.0,-5.1,73,66,0,Clean
EMP11934,VP_SEC_INTEL,Devon Brooks,Threat Intelligence & Security,EMP11530,0,SEC_OPS,IC2,US_BAY_AREA,5.3,0,rating_3,None,222100.0,212700.0,1.044,0.15,92000.0,358800.0,345600.0,347100.0,-3.7,28,23,0,Clean
EMP11935,VP_SEC_INTEL,Devon Brooks,Threat Intelligence & Security,EMP11517,0,SEC_OPS,IC1,EU_ZURICH_MUNICH,3.6,1,rating_1,None,114600.0,133400.0,0.859,0.15,41400.0,186300.0,176900.0,177600.0,-5.0,7,1,0,Clean
EMP11936,VP_SEC_INTEL,Devon Brooks,Threat Intelligence & Security,EMP11539,0,SW_ENG,IC1,UK_LONDON,6.9,0,rating_1,None,98400.0,123200.0,0.799,0.15,38200.0,157800.0,162400.0,162500.0,2.9,61,65,0,Clean
EMP11937,VP_SEC_INTEL,Devon Brooks,Threat Intelligence & Security,EMP11530,0,SEC_OPS,IC2,US_SEATTLE_NYC,2.6,0,rating_3,None,195800.0,203500.0,0.962,0.15,88000.0,307000.0,304500.0,302900.0,-0.8,25,24,0,Clean
EMP11938,VP_SEC_INTEL,Devon Brooks,Threat Intelligence & Security,EMP11505,0,SW_ENG,IC2,EU_ZURICH_MUNICH,0.7,0,rating_1,None,160700.0,170200.0,0.944,0.15,73600.0,280700.0,255600.0,260600.0,-8.9,51,39,0,Clean
EMP11939,VP_SEC_INTEL,Devon Brooks,Threat Intelligence & Security,EMP11536,0,THREAT_RES,IC1,US_AUSTIN_DENVER,7.5,0,rating_4,None,125900.0,137800.0,0.914,0.15,42800.0,200400.0,200300.0,199300.0,-0.0,61,61,0,Clean
EMP11940,VP_SEC_INTEL,Devon Brooks,Threat Intelligence & Security,EMP11540,0,SW_ENG,IC3,US_SEATTLE_NYC,8.9,0,rating_4,None,255300.0,253000.0,1.009,0.2,154000.0,442100.0,422600.0,398200.0,-4.4,70,64,0,Clean
EMP11941,VP_SEC_INTEL,Devon Brooks,Threat Intelligence & Security,EMP11523,0,SEC_OPS,IC1,US_AUSTIN_DENVER,5.0,0,rating_3,None,131500.0,137800.0,0.954,0.15,42800.0,207600.0,198200.0,197300.0,-4.5,73,67,0,Clean
EMP11942,VP_SEC_INTEL,Devon Brooks,Threat Intelligence & Security,EMP11534,0,SW_ENG,IC1,US_AUSTIN_DENVER,5.8,0,rating_3,None,119100.0,137800.0,0.864,0.15,42800.0,197200.0,199900.0,201100.0,1.4,99,99,0,Clean
EMP11943,VP_SEC_INTEL,Devon Brooks,Threat Intelligence & Security,EMP11521,0,SEC_OPS,IC1,APAC_SINGAPORE_TOKYO,8.4,0,rating_4,None,111200.0,116000.0,0.959,0.15,36000.0,181500.0,181400.0,180700.0,-0.1,40,40,0,Clean
EMP11944,VP_SEC_INTEL,Devon Brooks,Threat Intelligence & Security,EMP11531,0,CYBER_SEC_ENG,IC1,UK_LONDON,3.7,0,rating_3,Tier_2,105800.0,123200.0,0.859,0.15,38200.0,178900.0,178300.0,179400.0,-0.3,57,57,0,Clean
EMP11945,VP_SEC_INTEL,Devon Brooks,Threat Intelligence & Security,EMP11511,0,SW_ENG,IC3,US_BAY_AREA,1.9,0,rating_3,None,249700.0,264500.0,0.944,0.2,161000.0,454400.0,459800.0,448500.0,1.2,74,76,0,Clean
EMP11946,VP_SEC_INTEL,Devon Brooks,Threat Intelligence & Security,EMP11504,0,THREAT_RES,IC2,US_BAY_AREA,4.2,0,rating_1,None,181000.0,212700.0,0.851,0.15,92000.0,313100.0,309200.0,314100.0,-1.2,37,35,0,Clean
EMP11947,VP_SEC_INTEL,Devon Brooks,Threat Intelligence & Security,EMP11504,0,CYBER_SEC_ENG,IC1,APAC_SINGAPORE_TOKYO,2.4,0,rating_3,Tier_2,100100.0,116000.0,0.863,0.15,36000.0,171800.0,172100.0,167500.0,0.2,81,81,0,Clean
EMP11948,VP_SEC_INTEL,Devon Brooks,Threat Intelligence & Security,EMP11512,0,THREAT_RES,IC4,US_AUSTIN_DENVER,8.5,0,rating_3,None,253500.0,270800.0,0.936,0.25,237500.0,649100.0,616700.0,596700.0,-5.0,8,2,0,Clean
EMP11949,VP_SEC_INTEL,Devon Brooks,Threat Intelligence & Security,EMP11510,0,SW_ENG,IC1,EU_ZURICH_MUNICH,1.4,0,rating_3,None,125300.0,133400.0,0.939,0.15,41400.0,185600.0,173100.0,172700.0,-6.7,30,21,0,Clean
EMP11950,VP_SEC_INTEL,Devon Brooks,Threat Intelligence & Security,EMP11531,0,SW_ENG,IC2,UK_LONDON,5.8,0,rating_3,None,138000.0,157200.0,0.878,0.15,68000.0,239900.0,236700.0,236700.0,-1.3,63,61,0,Clean
EMP11951,VP_SEC_INTEL,Devon Brooks,Threat Intelligence & Security,EMP11506,0,THREAT_RES,IC2,APAC_SINGAPORE_TOKYO,7.8,0,rating_3,None,131300.0,148000.0,0.887,0.15,64000.0,250800.0,257100.0,255800.0,2.5,76,79,0,Clean
EMP11952,VP_SEC_INTEL,Devon Brooks,Threat Intelligence & Security,EMP11538,0,CYBER_SEC_ENG,IC2,APAC_SINGAPORE_TOKYO,8.2,0,rating_3,Tier_2,129100.0,148000.0,0.872,0.15,64000.0,221100.0,214600.0,203900.0,-2.9,36,32,0,Clean
EMP11953,VP_SEC_INTEL,Devon Brooks,Threat Intelligence & Security,EMP11505,0,THREAT_RES,IC3,US_SEATTLE_NYC,7.5,0,rating_2,None,196300.0,253000.0,0.776,0.2,154000.0,406700.0,408800.0,400300.0,0.5,49,50,0,Clean
EMP11954,VP_SEC_INTEL,Devon Brooks,Threat Intelligence & Security,EMP11507,0,THREAT_RES,IC2,UK_LONDON,0.7,0,rating_3,None,139100.0,157200.0,0.885,0.15,68000.0,246400.0,249100.0,236400.0,1.1,48,49,0,Clean
EMP11955,VP_SEC_INTEL,Devon Brooks,Threat Intelligence & Security,EMP11533,0,SEC_OPS,IC2,US_BAY_AREA,1.0,0,rating_4,None,182100.0,212700.0,0.856,0.15,92000.0,311000.0,286300.0,288900.0,-7.9,59,49,0,Clean
EMP11956,VP_SEC_INTEL,Devon Brooks,Threat Intelligence & Security,EMP11504,0,THREAT_RES,IC1,US_BAY_AREA,2.3,0,rating_3,None,163300.0,166800.0,0.979,0.15,51700.0,238700.0,234400.0,221000.0,-1.8,77,75,0,Clean
EMP11957,VP_SEC_INTEL,Devon Brooks,Threat Intelligence & Security,EMP11523,0,THREAT_RES,IC3,EU_ZURICH_MUNICH,7.1,1,rating_4,None,186400.0,211600.0,0.881,0.2,128800.0,388100.0,355600.0,334500.0,-8.4,74,63,0,Clean
EMP11958,VP_SEC_INTEL,Devon Brooks,Threat Intelligence & Security,EMP11518,0,SEC_OPS,IC2,APAC_SINGAPORE_TOKYO,0.9,0,rating_3,None,126200.0,148000.0,0.853,0.15,64000.0,222700.0,214900.0,210700.0,-3.5,79,74,0,Clean
EMP11959,VP_SEC_INTEL,Devon Brooks,Threat Intelligence & Security,EMP11536,0,SEC_OPS,IC2,US_SEATTLE_NYC,1.9,0,rating_3,None,211200.0,203500.0,1.038,0.15,88000.0,322100.0,295600.0,290800.0,-8.2,73,62,1,Clean
EMP11960,VP_SEC_INTEL,Devon Brooks,Threat Intelligence & Security,EMP11516,0,THREAT_RES,IC2,US_AUSTIN_DENVER,3.8,0,rating_4,None,162100.0,175800.0,0.922,0.15,76000.0,281800.0,259300.0,259300.0,-8.0,38,28,0,Clean
EMP11961,VP_SEC_INTEL,Devon Brooks,Threat Intelligence & Security,EMP11527,0,CYBER_SEC_ENG,IC1,US_SEATTLE_NYC,4.5,0,rating_3,Tier_2,128900.0,159500.0,0.808,0.15,49500.0,202200.0,203400.0,201000.0,0.6,44,45,0,Clean
EMP11962,VP_SEC_INTEL,Devon Brooks,Threat Intelligence & Security,EMP11520,0,SEC_OPS,IC2,UK_LONDON,4.5,0,rating_3,None,144300.0,157200.0,0.918,0.15,68000.0,261800.0,241600.0,228100.0,-7.7,58,48,1,Clean
EMP11963,VP_SEC_INTEL,Devon Brooks,Threat Intelligence & Security,EMP11508,0,SW_ENG,IC2,EU_ZURICH_MUNICH,4.4,0,rating_4,None,140900.0,170200.0,0.828,0.15,73600.0,263500.0,250800.0,239400.0,-4.8,84,78,0,Clean
EMP11964,VP_SEC_INTEL,Devon Brooks,Threat Intelligence & Security,EMP11506,0,CYBER_SEC_ENG,IC3,EU_ZURICH_MUNICH,3.8,0,rating_3,Tier_2,190700.0,211600.0,0.901,0.2,128800.0,377200.0,373500.0,361400.0,-1.0,86,85,0,Clean
EMP11965,VP_SEC_INTEL,Devon Brooks,Threat Intelligence & Security,EMP11512,0,SEC_OPS,IC2,US_BAY_AREA,1.7,0,rating_3,None,195000.0,212700.0,0.917,0.15,92000.0,322400.0,314400.0,306000.0,-2.5,78,75,0,Clean
EMP11966,VP_SEC_INTEL,Devon Brooks,Threat Intelligence & Security,EMP11538,0,CYBER_SEC_ENG,IC2,US_SEATTLE_NYC,4.4,0,rating_3,Tier_2,184000.0,203500.0,0.904,0.15,88000.0,301400.0,288900.0,283000.0,-4.1,11,6,0,Clean
EMP11967,VP_SEC_INTEL,Devon Brooks,Threat Intelligence & Security,EMP11534,0,SW_ENG,IC2,US_BAY_AREA,1.1,0,rating_3,None,197600.0,212700.0,0.929,0.15,92000.0,325700.0,308600.0,299500.0,-5.3,63,56,0,Clean
EMP11968,VP_SEC_INTEL,Devon Brooks,Threat Intelligence & Security,EMP11526,0,THREAT_RES,IC3,UK_LONDON,1.3,0,rating_1,None,158400.0,195500.0,0.81,0.2,119000.0,316800.0,321500.0,312900.0,1.5,70,72,0,Clean
EMP11969,VP_SEC_INTEL,Devon Brooks,Threat Intelligence & Security,EMP11507,0,SW_ENG,IC2,EU_ZURICH_MUNICH,0.7,0,rating_5,None,157300.0,170200.0,0.924,0.15,73600.0,257200.0,264900.0,254600.0,3.0,84,88,0,Clean
EMP11970,VP_SEC_INTEL,Devon Brooks,Threat Intelligence & Security,EMP11521,0,SEC_OPS,IC2,EU_ZURICH_MUNICH,2.9,0,rating_1,None,141300.0,170200.0,0.83,0.15,73600.0,252800.0,261600.0,246000.0,3.5,50,55,0,Clean
EMP11971,VP_SEC_INTEL,Devon Brooks,Threat Intelligence & Security,EMP11539,0,THREAT_RES,IC3,UK_LONDON,8.6,0,rating_2,None,175200.0,195500.0,0.896,0.2,119000.0,397500.0,400300.0,380900.0,0.7,16,17,0,Clean
EMP11972,VP_SEC_INTEL,Devon Brooks,Threat Intelligence & Security,EMP11539,0,THREAT_RES,IC1,UK_LONDON,8.5,0,rating_3,None,119900.0,123200.0,0.973,0.15,38200.0,177100.0,167200.0,162200.0,-5.6,43,36,0,Clean
EMP11973,VP_SEC_INTEL,Devon Brooks,Threat Intelligence & Security,EMP11507,0,SEC_OPS,IC1,US_SEATTLE_NYC,5.5,0,rating_3,None,149600.0,159500.0,0.938,0.15,49500.0,210700.0,206400.0,201400.0,-2.0,62,59,0,Clean
EMP11974,VP_SEC_INTEL,Devon Brooks,Threat Intelligence & Security,EMP11526,0,SEC_OPS,IC2,US_AUSTIN_DENVER,8.1,0,rating_3,None,153300.0,175800.0,0.872,0.15,76000.0,265100.0,249900.0,246400.0,-5.7,26,19,0,Clean
EMP11975,VP_SEC_INTEL,Devon Brooks,Threat Intelligence & Security,EMP11529,0,CYBER_SEC_ENG,IC2,US_AUSTIN_DENVER,3.5,0,rating_2,Tier_2,173200.0,175800.0,0.985,0.15,76000.0,278400.0,282000.0,287400.0,1.3,93,95,0,Clean
EMP11976,VP_SEC_INTEL,Devon Brooks,Threat Intelligence & Security,EMP11536,0,CYBER_SEC_ENG,IC2,US_BAY_AREA,8.9,0,rating_3,Tier_2,177800.0,212700.0,0.836,0.15,92000.0,310800.0,299200.0,287100.0,-3.7,63,58,0,Clean
EMP11977,VP_SEC_INTEL,Devon Brooks,Threat Intelligence & Security,EMP11507,0,SEC_OPS,IC1,US_AUSTIN_DENVER,4.0,0,rating_2,None,130600.0,137800.0,0.948,0.15,42800.0,197800.0,190800.0,184000.0,-3.5,29,24,0,Clean
EMP11978,VP_SEC_INTEL,Devon Brooks,Threat Intelligence & Security,EMP11536,0,CYBER_SEC_ENG,IC2,EU_ZURICH_MUNICH,8.6,0,rating_4,Tier_1,159300.0,170200.0,0.936,0.15,73600.0,277100.0,254100.0,249600.0,-8.3,38,27,0,Clean
EMP11979,VP_SEC_INTEL,Devon Brooks,Threat Intelligence & Security,EMP11508,0,CYBER_SEC_ENG,IC3,UK_LONDON,2.2,0,rating_3,Tier_2,215100.0,195500.0,1.1,0.2,119000.0,425800.0,317000.0,322900.0,-25.6,86,53,0,Clean
EMP11980,VP_SEC_INTEL,Devon Brooks,Threat Intelligence & Security,EMP11516,0,SW_ENG,IC1,US_AUSTIN_DENVER,5.6,0,rating_2,None,111200.0,137800.0,0.807,0.15,42800.0,184900.0,174100.0,173000.0,-5.8,33,25,0,Clean
EMP11981,VP_SEC_INTEL,Devon Brooks,Threat Intelligence & Security,EMP11524,0,SW_ENG,IC2,EU_ZURICH_MUNICH,6.9,0,rating_4,None,157800.0,170200.0,0.927,0.15,73600.0,258900.0,255700.0,252300.0,-1.2,89,87,0,Clean
EMP11982,VP_SEC_INTEL,Devon Brooks,Threat Intelligence & Security,EMP11531,0,THREAT_RES,IC3,EU_ZURICH_MUNICH,7.6,0,rating_3,None,187100.0,211600.0,0.884,0.2,128800.0,367400.0,355300.0,341700.0,-3.3,42,38,0,Clean
EMP11983,VP_SEC_INTEL,Devon Brooks,Threat Intelligence & Security,EMP11512,0,CYBER_SEC_ENG,IC1,APAC_SINGAPORE_TOKYO,7.5,0,rating_4,Tier_1,103900.0,116000.0,0.896,0.15,36000.0,168900.0,157600.0,159900.0,-6.7,1,1,0,Clean
EMP11984,VP_SEC_INTEL,Devon Brooks,Threat Intelligence & Security,EMP11513,0,CYBER_SEC_ENG,IC2,US_BAY_AREA,3.2,0,rating_3,Tier_2,188700.0,212700.0,0.887,0.15,92000.0,295300.0,296500.0,291900.0,0.4,29,30,0,Clean
EMP11985,VP_SEC_INTEL,Devon Brooks,Threat Intelligence & Security,EMP11525,0,CYBER_SEC_ENG,IC1,EU_ZURICH_MUNICH,6.0,0,rating_4,Tier_1,122300.0,133400.0,0.917,0.15,41400.0,190600.0,192700.0,190700.0,1.1,99,99,0,Clean
EMP11986,VP_SEC_INTEL,Devon Brooks,Threat Intelligence & Security,EMP11520,0,SEC_OPS,IC2,US_SEATTLE_NYC,4.4,0,rating_1,None,163400.0,203500.0,0.803,0.15,88000.0,280400.0,286700.0,285600.0,2.2,13,16,0,Clean
EMP11987,VP_SEC_INTEL,Devon Brooks,Threat Intelligence & Security,EMP11513,0,CYBER_SEC_ENG,IC1,UK_LONDON,6.4,0,rating_4,Tier_1,109500.0,123200.0,0.889,0.15,38200.0,178100.0,136600.0,128700.0,-23.3,57,27,0,Clean
EMP11988,VP_SEC_INTEL,Devon Brooks,Threat Intelligence & Security,EMP11515,0,CYBER_SEC_ENG,IC2,APAC_SINGAPORE_TOKYO,8.0,0,rating_3,Tier_2,142400.0,148000.0,0.962,0.15,64000.0,261200.0,240900.0,238300.0,-7.8,42,32,0,Clean
EMP11989,VP_SEC_INTEL,Devon Brooks,Threat Intelligence & Security,EMP11515,0,CYBER_SEC_ENG,IC3,UK_LONDON,7.2,0,rating_3,Tier_2,173200.0,195500.0,0.886,0.2,119000.0,348400.0,285000.0,270200.0,-18.2,36,12,0,Clean
EMP11990,VP_SEC_INTEL,Devon Brooks,Threat Intelligence & Security,EMP11511,0,SW_ENG,IC1,US_SEATTLE_NYC,5.6,0,rating_2,None,137200.0,159500.0,0.86,0.15,49500.0,214200.0,215900.0,203100.0,0.8,21,22,0,Clean
EMP11991,VP_SEC_INTEL,Devon Brooks,Threat Intelligence & Security,EMP11523,0,CYBER_SEC_ENG,IC2,US_BAY_AREA,1.4,0,rating_3,Tier_2,184800.0,212700.0,0.869,0.15,92000.0,297200.0,234000.0,230700.0,-21.3,27,1,0,Clean
EMP11992,VP_SEC_INTEL,Devon Brooks,Threat Intelligence & Security,EMP11513,0,CYBER_SEC_ENG,IC2,US_SEATTLE_NYC,4.8,0,rating_4,Tier_1,173000.0,203500.0,0.85,0.15,88000.0,300600.0,300300.0,297300.0,-0.1,56,56,0,Clean
EMP11993,VP_SEC_INTEL,Devon Brooks,Threat Intelligence & Security,EMP11525,0,CYBER_SEC_ENG,IC3,US_BAY_AREA,2.0,0,rating_3,Tier_2,230600.0,264500.0,0.872,0.2,161000.0,448200.0,418100.0,414200.0,-6.7,36,27,0,Clean
EMP11994,VP_SEC_INTEL,Devon Brooks,Threat Intelligence & Security,EMP11525,0,SEC_OPS,IC2,EU_ZURICH_MUNICH,1.1,0,rating_3,None,158300.0,170200.0,0.93,0.15,73600.0,265300.0,261000.0,247300.0,-1.6,65,63,0,Clean
EMP11995,VP_SEC_INTEL,Devon Brooks,Threat Intelligence & Security,EMP11513,0,CYBER_SEC_ENG,IC2,EU_ZURICH_MUNICH,2.0,0,rating_3,Tier_2,160500.0,170200.0,0.943,0.15,73600.0,277800.0,200100.0,194900.0,-28.0,12,1,0,Clean
EMP11996,VP_SEC_INTEL,Devon Brooks,Threat Intelligence & Security,EMP11518,0,THREAT_RES,IC2,US_AUSTIN_DENVER,6.8,0,rating_3,None,152900.0,175800.0,0.87,0.15,76000.0,252100.0,241600.0,245300.0,-4.2,25,20,0,Clean
EMP11997,VP_SEC_INTEL,Devon Brooks,Threat Intelligence & Security,EMP11540,0,CYBER_SEC_ENG,IC1,EU_ZURICH_MUNICH,1.6,0,rating_4,Tier_1,105800.0,133400.0,0.793,0.15,41400.0,165600.0,159000.0,157300.0,-4.0,69,64,0,Clean
EMP11998,VP_SEC_INTEL,Devon Brooks,Threat Intelligence & Security,EMP11502,0,THREAT_RES,IC2,US_AUSTIN_DENVER,4.9,0,rating_4,None,161000.0,175800.0,0.916,0.15,76000.0,283600.0,278700.0,282100.0,-1.7,47,45,0,Clean
EMP11999,VP_SEC_INTEL,Devon Brooks,Threat Intelligence & Security,EMP11524,0,SEC_OPS,IC2,APAC_SINGAPORE_TOKYO,3.2,0,rating_3,None,139900.0,148000.0,0.945,0.15,64000.0,263800.0,254500.0,245900.0,-3.5,38,33,0,Clean
EMP12000,VP_SEC_INTEL,Devon Brooks,Threat Intelligence & Security,EMP11531,0,CYBER_SEC_ENG,IC2,US_AUSTIN_DENVER,4.8,1,rating_3,Tier_2,138500.0,175800.0,0.788,0.15,76000.0,257800.0,246000.0,233900.0,-4.6,63,57,0,Stale pre-promotion band mapping suspected
